facility_name,source_id,registry_id,city,county,status,universe,last_inspection_date,last_iea_date,last_fea_date,inspection_count,formal_actions,total_penalties,waste_hazardous_2023,waste_hazardous_2024,waste_hazardous_2025,waste_hazardous_2026,waste_acute_2023,waste_acute_2024,waste_acute_2025,waste_acute_2026,waste_pharma_2023,waste_pharma_2024,waste_pharma_2025,waste_pharma_2026
CUSHING RAIL CAR INC,OKD065436784,110007730492,CUSHING,PAYNE,Inactive (     ),Other,1985-08-28,,,0,0,$0,,,,,,,,,,,,
FORMER EVANS CUSHING INC.,OKD987071768,110000454614,CUSHING,PAYNE,Inactive (     ),Other,1994-07-27,1994-09-09,,0,0,$0,,,,,,,,,,,,
HUDSON REFNG CO INC,OKD082471988,110009305616,CUSHING,PAYNE,Inactive (     ),Other,1994-12-19,1989-02-01,1987-09-30,0,0,$0,,,,,,,,,,,,
PLAINS TERMINAL & TRANSFER,OKD987098605,110007735139,CUSHING,PAYNE,Active (H    ),VSQG,2001-10-11,,,0,0,$0,,,,,,,,,,,,
"ENBRIDGE STORAGE (CUSHING), L.L.C.",OKD980812721,110007161588,CUSHING,PAYNE,Active (H    ),SQG,2005-03-03,2008-09-17,,0,0,$0,200,442,966,"8,051",0,0,0,0,0,0,0,0
VICTORY ENERGY,OKR000023135,110032658158,CUSHING,PAYNE,Active (H    ),VSQG,2008-10-17,,,0,0,$0,,,,,,,,,,,,
LEGACY CLEANERS,OKR000001859,110031514644,CUSHING,PAYNE,Active (H    ),Other,2010-05-19,,,0,0,$0,,,,,,,,,,,,
"MAGELLAN TERMINALS HOLDINGS, LP CUSHING SHINN PENCE",OKD987071875,110007733943,CUSHING,PAYNE,Active (H    ),VSQG,2010-09-14,,,0,0,$0,68,"1,724",,,0,0,,,0,0,,
SUBMERSIBLE PUMPS INC,OKD987083193,110004763051,CUSHING,PAYNE,Active (H    ),VSQG,2011-02-28,2011-03-22,,0,0,$0,,,,,,,,,,,,
SOUTH BOW (USA) LP - CUSHING FACILITY,OKR000026922,110044922108,CUSHING,LINCOLN,Active (H    ),VSQG,2013-04-23,,,0,0,$0,,181,,,,0,,,,0,,
"MAGELLAN TERMINALS HOLDINGS, LP CUSHING SOUTH TERMINAL",OKR000026674,110044989787,CUSHING,PAYNE,Active (H    ),VSQG,2013-06-05,,,0,0,$0,,,,,,,,,,,,
FORMER TOWN & COUNTY DRY CLEANERS,OKD987083987,110004763435,CUSHING,PAYNE,Inactive (     ),Other,2013-12-17,,,0,0,$0,,,,,,,,,,,,
"MAGELLAN TERMINALS HOLDINGS, LP CUSHING CENTRAL TERMINAL",OKD077338473,110007730839,CUSHING,PAYNE,Active (H    ),VSQG,2014-12-03,2008-10-28,,0,0,$0,36,119,,,0,0,,,0,0,,
INTERTEK USA INC,OKR000026393,110043553650,CUSHING,PAYNE,Active (H    ),SQG,2017-02-17,2017-02-17,,0,0,$0,"1,928",680,"1,157",408,0,0,0,0,0,0,0,0
O'REILLY AUTO PARTS STORE 246,OKR000031955,110071192774,CUSHING,PAYNE,Active (H    ),VSQG,2017-02-17,2017-03-02,,0,0,$0,,,,,,,,,,,,
AMERAPEX SERVICE GROUP,OKR000032847,110069636264,CUSHING,PAYNE,Inactive (     ),Other,2017-02-17,2017-03-17,,0,0,$0,,,,,,,,,,,,
"AXIOS INDUSTRIAL MAINTENANCE CONTRACTORS, INC.",OKR000027912,110054858472,CUSHING,PAYNE,Active (H    ),VSQG,2021-07-15,,,0,0,$0,,,,,,,,,,,,
RETHERFORD CONSTRUCTION INC,OK0000888628,110004743537,CUSHING,PAYNE,Active (H    ),VSQG,,,,0,0,$0,,,,,,,,,,,,
SUN OIL CO WHEELER,OKD000733360,110007724454,CUSHING,PAYNE,Inactive (     ),Other,,,,0,0,$0,,,,,,,,,,,,
BJ TITAN SVCS CUSHING,OKD000757906,110007725729,CUSHING,PAYNE,Inactive (     ),Other,,,,0,0,$0,,,,,,,,,,,,
"FORMER KERR-MCGEE REFINERY SITE, CUSHING, OK",OKD000757989,110007725774,CUSHING,PAYNE,Active (H    ),SQG,,,,0,0,$0,7,,,,0,,,,0,,,
ATCHISON-TOPK- & -SANTA FE-RY/FORMER LSE,OKD000758631,110007726283,CUSHING,PAYNE,Inactive (     ),Other,,,,0,0,$0,,,,,,,,,,,,
TEPPCO CRUDE CUSHING STATION,OKD000758797,110007726416,CUSHING,PAYNE,Active (H    ),VSQG,,,,0,0,$0,,,,,,,,,,,,
SUN PIPELINE CO LITTLE FARM STATION,OKD000764407,110022404423,CUSHING,PAYNE,Inactive (     ),Other,,,,0,0,$0,,,,,,,,,,,,
TOTAL PIPELINE CORP CUSHING STATION,OKD000764712,110007727512,CUSHING,PAYNE,Inactive (     ),Other,,,,0,0,$0,,,,,,,,,,,,
TEXOMA PIPE LINE CUSHING STATION,OKD000789883,110007729002,CUSHING,PAYNE,Inactive (     ),Other,,,,0,0,$0,,,,,,,,,,,,
PHILLIPS 66 PIPELINE BUXTON,OKD000829481,110007729217,CUSHING,PAYNE,Active (H    ),VSQG,,,,0,0,$0,,,,,,,,,,,,
ESECO,OKD007192289,110004745642,CUSHING,PAYNE,Inactive (     ),Other,,,,0,0,$0,,,,,,,,,,,,
INDUSTRIAL SVCS CO INC,OKD007780240,110004746446,CUSHING,PAYNE,Inactive (     ),Other,,,,0,0,$0,,,,,,,,,,,,
SEAWAY PIPELINE CUSHING TERMINAL,OKD020730776,110004746801,CUSHING,PAYNE,Inactive (     ),Other,,,,0,0,$0,,,,,,,,,,,,
LAKO MFG CO,OKD042550772,110007729805,CUSHING,PAYNE,Inactive (     ),Other,,,,0,0,$0,,,,,,,,,,,,
REPETRO INC,OKD074288168,110004750591,CUSHING,PAYNE,Inactive (     ),Other,,,,0,0,$0,,,,,,,,,,,,
RESOURCE RECOVERY & MANAGEMENT,OKD980864060,110007732329,CUSHING,PAYNE,Inactive (     ),Other,,,,0,0,$0,,,,,,,,,,,,
FORMER BP PIPELINES - LEWIS TANK FARM,OKD987071883,110007733952,CUSHING,PAYNE,Inactive (     ),Other,,,,0,0,$0,,,,,,,,,,,,
TTTI CENTRAL DIVISION - OK,OKD987073772,110004761428,CUSHING,PAYNE,Active (H    ),VSQG,,,,0,0,$0,,,,,,,,,,,,
HOLLY ENERGY PARTNERS - SKULL CREEK,OKP000040428,110071381018,CUSHING,PAYNE,Inactive (     ),Other,,,,0,0,$0,"2,259",,,,0,,,,0,,,
"GFL ENVIRONMENTAL SERVICES USA, LLC - CUSHING",OKP000044404,110072053870,CUSHING,PAYNE,Inactive (     ),Other,,,,0,0,$0,,,"3,972",,,,0,,,,0,
"MAGELLAN TERMINALS HOLDINGS, LP CUSHING CENTRAL",OKP410179821,110067677071,CUSHING,PAYNE,Active (H    ),VSQG,,,,0,0,$0,,,,,,,,,,,,
CUSHING PUMP STATION,OKR000004093,110007388683,CUSHING,PAYNE,Active (H    ),VSQG,,,,0,0,$0,,,,,,,,,,,,
FORMER WAL-MART STORE # 360,OKR000016121,110012275830,CUSHING,PAYNE,Inactive (     ),Other,,,,0,0,$0,,,,,,,,,,,,
EOTT PIPELINE (CUSHING),OKR000016501,110012276198,CUSHING,PAYNE,Active (H    ),VSQG,,,,0,0,$0,,,,,,,,,,,,
EOTT PIPELINE (YALE),OKR000016519,110012276205,CUSHING,PAYNE,Active (H    ),VSQG,,,,0,0,$0,,,,,,,,,,,,
PHILLIPS 66 PIPELINE CUSHING,OKR000019612,110007385935,CUSHING,PAYNE,Active (H    ),VSQG,,,,0,0,$0,,,,,,,,,,,,
WALMART SUPERCENTER #360,OKR000023333,110033156484,CUSHING,PAYNE,Active (H    ),VSQG,,,,0,0,$0,161 - 167,191 - 194,0 - 3,,0,0 - 1,0,,0 - 7,0 - 3,0 - 3,
REACTION ENVIRONMENTAL LLC,OKR000025544,110039592170,CUSHING,PAYNE,Active (H    ),Transporter,,,,0,0,$0,,,,,,,,,,,,
BP PIPELINES CUSHING METER STATION,OKR000026690,110043859740,CUSHING,PAYNE,Active (H    ),SQG,,,,0,0,$0,,,,,,,,,,,,
"AHS CUSHING HOSPITAL, LLC - DBA HILLCREST HOSPITAL CUSHING",OKR000038547,110071139715,CUSHING,PAYNE,Active (H    ),SQG,,,,0,0,$0,,,0 - 227,,,,0 - 227,,,,0 - 227,
"GFL ENVIRONMENTAL SERVICES USA, LLC - CUSHING FACILITY",OKR000038745,110071139726,CUSHING,PAYNE,Active (H    ),Other,,,,0,0,$0,,,,,,,,,,,,
"ET CRUDE TERMINALS, LLC - CUSHING NORTH TANK FARM",OKR000039883,110071307856,CUSHING,PAYNE,Inactive (     ),Other,,,,0,0,$0,,"183,161",,,,0,,,,0,,
WALGREENS #15808,OKR000042895,110071843293,CUSHING,PAYNE,Inactive (     ),Other,,,,0,0,$0,,,,,,,,,,,,
M-I DRILLING FLUIDS CO-CUSHING,OKT410010680,110004772238,CUSHING,PAYNE,Inactive (     ),Other,,,,0,0,$0,,,,,,,,,,,,
