map_date,none,d0,d1,d2,d3,d4
2014-12-30,0.0,100.0,100.0,0.0,0.0,0.0
2015-01-06,0.0,100.0,100.0,0.0,0.0,0.0
2015-01-13,0.0,100.0,100.0,0.0,0.0,0.0
2015-01-20,0.0,100.0,100.0,0.0,0.0,0.0
2015-01-27,0.0,100.0,100.0,0.01,0.0,0.0
2015-02-03,0.0,100.0,100.0,0.01,0.0,0.0
2015-02-10,0.0,100.0,100.0,0.01,0.0,0.0
2015-02-17,0.0,100.0,100.0,0.01,0.0,0.0
2015-02-24,0.0,100.0,100.0,0.01,0.0,0.0
2015-03-03,0.0,100.0,100.0,0.01,0.0,0.0
2015-03-10,0.0,100.0,100.0,0.01,0.0,0.0
2015-03-17,0.0,100.0,100.0,0.01,0.0,0.0
2015-03-24,0.0,100.0,100.0,97.77,0.0,0.0
2015-03-31,0.0,100.0,100.0,97.77,0.0,0.0
2015-04-07,0.0,100.0,100.0,97.77,0.0,0.0
2015-04-14,0.0,100.0,100.0,86.92,0.0,0.0
2015-04-21,0.0,100.0,100.0,86.92,0.0,0.0
2015-04-28,0.0,100.0,100.0,86.55,0.0,0.0
2015-05-05,0.0,100.0,100.0,86.55,0.0,0.0
2015-05-12,0.0,100.0,77.11,57.27,0.0,0.0
2015-05-19,2.64,97.36,77.11,0.0,0.0,0.0
2015-05-26,100.0,0.0,0.0,0.0,0.0,0.0
2015-06-02,100.0,0.0,0.0,0.0,0.0,0.0
2015-06-09,100.0,0.0,0.0,0.0,0.0,0.0
2015-06-16,100.0,0.0,0.0,0.0,0.0,0.0
2015-06-23,100.0,0.0,0.0,0.0,0.0,0.0
2015-06-30,100.0,0.0,0.0,0.0,0.0,0.0
2015-07-07,100.0,0.0,0.0,0.0,0.0,0.0
2015-07-14,100.0,0.0,0.0,0.0,0.0,0.0
2015-07-21,100.0,0.0,0.0,0.0,0.0,0.0
2015-07-28,100.0,0.0,0.0,0.0,0.0,0.0
2015-08-04,100.0,0.0,0.0,0.0,0.0,0.0
2015-08-11,100.0,0.0,0.0,0.0,0.0,0.0
2015-08-18,4.2,95.8,0.0,0.0,0.0,0.0
2015-08-25,100.0,0.0,0.0,0.0,0.0,0.0
2015-09-01,100.0,0.0,0.0,0.0,0.0,0.0
2015-09-08,100.0,0.0,0.0,0.0,0.0,0.0
2015-09-15,65.61,34.39,0.0,0.0,0.0,0.0
2015-09-22,83.72,16.28,0.0,0.0,0.0,0.0
2015-09-29,83.33,16.67,0.0,0.0,0.0,0.0
2015-10-06,83.33,16.67,0.0,0.0,0.0,0.0
2015-10-13,83.33,16.67,0.0,0.0,0.0,0.0
2015-10-20,83.33,16.67,0.73,0.0,0.0,0.0
2015-10-27,0.0,100.0,0.2,0.0,0.0,0.0
2015-11-03,0.0,100.0,0.2,0.0,0.0,0.0
2015-11-10,0.0,100.0,0.2,0.0,0.0,0.0
2015-11-17,0.0,100.0,0.2,0.0,0.0,0.0
2015-11-24,0.0,100.0,0.2,0.0,0.0,0.0
2015-12-01,99.73,0.27,0.0,0.0,0.0,0.0
2015-12-08,100.0,0.0,0.0,0.0,0.0,0.0
2015-12-15,100.0,0.0,0.0,0.0,0.0,0.0
2015-12-22,100.0,0.0,0.0,0.0,0.0,0.0
2015-12-29,100.0,0.0,0.0,0.0,0.0,0.0
2016-01-05,100.0,0.0,0.0,0.0,0.0,0.0
2016-01-12,100.0,0.0,0.0,0.0,0.0,0.0
2016-01-19,100.0,0.0,0.0,0.0,0.0,0.0
2016-01-26,100.0,0.0,0.0,0.0,0.0,0.0
2016-02-02,100.0,0.0,0.0,0.0,0.0,0.0
2016-02-09,100.0,0.0,0.0,0.0,0.0,0.0
2016-02-16,100.0,0.0,0.0,0.0,0.0,0.0
2016-02-23,100.0,0.0,0.0,0.0,0.0,0.0
2016-03-01,100.0,0.0,0.0,0.0,0.0,0.0
2016-03-08,99.85,0.15,0.0,0.0,0.0,0.0
2016-03-15,99.85,0.15,0.0,0.0,0.0,0.0
2016-03-22,99.85,0.15,0.0,0.0,0.0,0.0
2016-03-29,0.0,100.0,0.0,0.0,0.0,0.0
2016-04-05,0.0,100.0,0.0,0.0,0.0,0.0
2016-04-12,0.0,100.0,0.0,0.0,0.0,0.0
2016-04-19,27.01,72.99,0.0,0.0,0.0,0.0
2016-04-26,27.01,72.99,0.0,0.0,0.0,0.0
2016-05-03,100.0,0.0,0.0,0.0,0.0,0.0
2016-05-10,100.0,0.0,0.0,0.0,0.0,0.0
2016-05-17,100.0,0.0,0.0,0.0,0.0,0.0
2016-05-24,100.0,0.0,0.0,0.0,0.0,0.0
2016-05-31,100.0,0.0,0.0,0.0,0.0,0.0
2016-06-07,100.0,0.0,0.0,0.0,0.0,0.0
2016-06-14,100.0,0.0,0.0,0.0,0.0,0.0
2016-06-21,0.83,99.17,0.0,0.0,0.0,0.0
2016-06-28,0.57,99.43,81.09,0.0,0.0,0.0
2016-07-05,1.34,98.66,45.16,0.0,0.0,0.0
2016-07-12,0.77,99.23,52.49,0.0,0.0,0.0
2016-07-19,6.51,93.49,6.33,0.0,0.0,0.0
2016-07-26,3.91,96.09,5.36,0.0,0.0,0.0
2016-08-02,3.91,96.09,1.66,0.0,0.0,0.0
2016-08-09,3.91,96.09,0.0,0.0,0.0,0.0
2016-08-16,3.91,96.09,0.0,0.0,0.0,0.0
2016-08-23,3.91,96.09,1.11,0.0,0.0,0.0
2016-08-30,5.0,95.0,1.11,0.0,0.0,0.0
2016-09-06,5.0,95.0,1.11,0.0,0.0,0.0
2016-09-13,5.0,95.0,0.0,0.0,0.0,0.0
2016-09-20,0.0,100.0,0.0,0.0,0.0,0.0
2016-09-27,0.0,100.0,0.0,0.0,0.0,0.0
2016-10-04,0.0,100.0,0.0,0.0,0.0,0.0
2016-10-11,100.0,0.0,0.0,0.0,0.0,0.0
2016-10-18,65.91,34.09,0.0,0.0,0.0,0.0
2016-10-25,65.91,34.09,0.0,0.0,0.0,0.0
2016-11-01,38.07,61.93,0.0,0.0,0.0,0.0
2016-11-08,8.35,91.65,0.0,0.0,0.0,0.0
2016-11-15,8.35,91.65,0.0,0.0,0.0,0.0
2016-11-22,0.9,99.1,0.0,0.0,0.0,0.0
2016-11-29,0.0,100.0,97.64,0.0,0.0,0.0
2016-12-06,0.0,100.0,100.0,0.0,0.0,0.0
2016-12-13,0.0,100.0,100.0,9.21,0.0,0.0
2016-12-20,0.0,100.0,100.0,77.83,0.0,0.0
2016-12-27,0.0,100.0,100.0,87.32,0.0,0.0
2017-01-03,0.0,100.0,100.0,100.0,0.0,0.0
2017-01-10,0.0,100.0,100.0,100.0,0.0,0.0
2017-01-17,0.0,100.0,100.0,100.0,0.0,0.0
2017-01-24,0.0,100.0,100.0,100.0,0.0,0.0
2017-01-31,0.0,100.0,100.0,100.0,0.0,0.0
2017-02-07,0.0,100.0,100.0,100.0,0.0,0.0
2017-02-14,0.0,100.0,100.0,100.0,0.0,0.0
2017-02-21,0.0,100.0,100.0,100.0,0.0,0.0
2017-02-28,0.0,100.0,100.0,100.0,0.0,0.0
2017-03-07,0.0,100.0,100.0,100.0,0.0,0.0
2017-03-14,0.0,100.0,100.0,100.0,0.0,0.0
2017-03-21,0.0,100.0,100.0,100.0,0.0,0.0
2017-03-28,0.0,100.0,100.0,100.0,0.0,0.0
2017-04-04,0.0,100.0,99.94,0.0,0.0,0.0
2017-04-11,0.0,100.0,99.94,0.0,0.0,0.0
2017-04-18,0.0,100.0,0.0,0.0,0.0,0.0
2017-04-25,100.0,0.0,0.0,0.0,0.0,0.0
2017-05-02,100.0,0.0,0.0,0.0,0.0,0.0
2017-05-09,100.0,0.0,0.0,0.0,0.0,0.0
2017-05-16,100.0,0.0,0.0,0.0,0.0,0.0
2017-05-23,100.0,0.0,0.0,0.0,0.0,0.0
2017-05-30,100.0,0.0,0.0,0.0,0.0,0.0
2017-06-06,100.0,0.0,0.0,0.0,0.0,0.0
2017-06-13,67.9,32.1,0.0,0.0,0.0,0.0
2017-06-20,97.0,3.0,0.0,0.0,0.0,0.0
2017-06-27,0.0,100.0,0.0,0.0,0.0,0.0
2017-07-04,96.95,3.05,0.0,0.0,0.0,0.0
2017-07-11,100.0,0.0,0.0,0.0,0.0,0.0
2017-07-18,99.83,0.17,0.0,0.0,0.0,0.0
2017-07-25,0.05,99.95,0.0,0.0,0.0,0.0
2017-08-01,0.0,100.0,0.0,0.0,0.0,0.0
2017-08-08,20.5,79.5,0.0,0.0,0.0,0.0
2017-08-15,1.53,98.47,0.0,0.0,0.0,0.0
2017-08-22,77.94,22.06,0.0,0.0,0.0,0.0
2017-08-29,100.0,0.0,0.0,0.0,0.0,0.0
2017-09-05,100.0,0.0,0.0,0.0,0.0,0.0
2017-09-12,90.71,9.29,0.0,0.0,0.0,0.0
2017-09-19,5.78,94.22,0.0,0.0,0.0,0.0
2017-09-26,5.77,94.23,0.0,0.0,0.0,0.0
2017-10-03,95.01,4.99,0.0,0.0,0.0,0.0
2017-10-10,100.0,0.0,0.0,0.0,0.0,0.0
2017-10-17,100.0,0.0,0.0,0.0,0.0,0.0
2017-10-24,100.0,0.0,0.0,0.0,0.0,0.0
2017-10-31,100.0,0.0,0.0,0.0,0.0,0.0
2017-11-07,100.0,0.0,0.0,0.0,0.0,0.0
2017-11-14,100.0,0.0,0.0,0.0,0.0,0.0
2017-11-21,100.0,0.0,0.0,0.0,0.0,0.0
2017-11-28,100.0,0.0,0.0,0.0,0.0,0.0
2017-12-05,100.0,0.0,0.0,0.0,0.0,0.0
2017-12-12,0.0,100.0,0.0,0.0,0.0,0.0
2017-12-19,0.0,100.0,0.0,0.0,0.0,0.0
2017-12-26,0.0,100.0,0.0,0.0,0.0,0.0
2018-01-02,0.0,100.0,0.0,0.0,0.0,0.0
2018-01-09,0.0,100.0,0.0,0.0,0.0,0.0
2018-01-16,0.0,100.0,0.0,0.0,0.0,0.0
2018-01-23,0.0,100.0,100.0,0.0,0.0,0.0
2018-01-30,0.0,100.0,100.0,100.0,0.0,0.0
2018-02-06,0.0,100.0,100.0,100.0,0.0,0.0
2018-02-13,0.0,100.0,100.0,100.0,0.0,0.0
2018-02-20,0.0,100.0,100.0,100.0,0.0,0.0
2018-02-27,0.0,100.0,100.0,0.01,0.0,0.0
2018-03-06,0.0,100.0,3.39,0.0,0.0,0.0
2018-03-13,0.0,100.0,5.4,0.0,0.0,0.0
2018-03-20,0.0,100.0,5.4,0.0,0.0,0.0
2018-03-27,0.0,100.0,5.4,0.0,0.0,0.0
2018-04-03,0.0,100.0,4.12,0.0,0.0,0.0
2018-04-10,0.0,100.0,4.12,0.0,0.0,0.0
2018-04-17,0.0,100.0,4.12,0.0,0.0,0.0
2018-04-24,0.0,100.0,4.12,0.0,0.0,0.0
2018-05-01,0.0,100.0,4.12,0.0,0.0,0.0
2018-05-08,0.0,100.0,4.12,0.0,0.0,0.0
2018-05-15,0.0,100.0,41.5,0.07,0.0,0.0
2018-05-22,0.0,100.0,42.92,0.17,0.0,0.0
2018-05-29,0.0,100.0,42.92,0.17,0.0,0.0
2018-06-05,0.0,100.0,42.92,0.17,0.0,0.0
2018-06-12,0.0,100.0,0.2,0.0,0.0,0.0
2018-06-19,0.0,100.0,0.2,0.0,0.0,0.0
2018-06-26,91.84,8.16,0.0,0.0,0.0,0.0
2018-07-03,91.46,8.54,0.0,0.0,0.0,0.0
2018-07-10,91.46,8.54,0.0,0.0,0.0,0.0
2018-07-17,91.46,8.54,0.0,0.0,0.0,0.0
2018-07-24,27.37,72.63,0.0,0.0,0.0,0.0
2018-07-31,35.82,64.18,0.0,0.0,0.0,0.0
2018-08-07,35.82,64.18,14.03,0.0,0.0,0.0
2018-08-14,35.82,64.18,14.03,0.0,0.0,0.0
2018-08-21,86.15,13.85,0.0,0.0,0.0,0.0
2018-08-28,86.85,13.15,0.0,0.0,0.0,0.0
2018-09-04,86.85,13.15,0.0,0.0,0.0,0.0
2018-09-11,100.0,0.0,0.0,0.0,0.0,0.0
2018-09-18,100.0,0.0,0.0,0.0,0.0,0.0
2018-09-25,100.0,0.0,0.0,0.0,0.0,0.0
2018-10-02,100.0,0.0,0.0,0.0,0.0,0.0
2018-10-09,100.0,0.0,0.0,0.0,0.0,0.0
2018-10-16,100.0,0.0,0.0,0.0,0.0,0.0
2018-10-23,77.78,22.22,0.0,0.0,0.0,0.0
2018-10-30,77.78,22.22,0.0,0.0,0.0,0.0
2018-11-06,57.7,42.3,1.31,0.0,0.0,0.0
2018-11-13,57.7,42.3,1.31,0.0,0.0,0.0
2018-11-20,57.7,42.3,1.31,0.0,0.0,0.0
2018-11-27,42.45,57.55,28.6,0.0,0.0,0.0
2018-12-04,42.45,57.55,28.6,0.0,0.0,0.0
2018-12-11,10.16,89.84,28.6,0.0,0.0,0.0
2018-12-18,0.0,100.0,10.0,0.0,0.0,0.0
2018-12-25,0.0,100.0,10.0,0.0,0.0,0.0
2019-01-01,89.98,10.02,0.0,0.0,0.0,0.0
2019-01-08,100.0,0.0,0.0,0.0,0.0,0.0
2019-01-15,100.0,0.0,0.0,0.0,0.0,0.0
2019-01-22,100.0,0.0,0.0,0.0,0.0,0.0
2019-01-29,100.0,0.0,0.0,0.0,0.0,0.0
2019-02-05,100.0,0.0,0.0,0.0,0.0,0.0
2019-02-12,100.0,0.0,0.0,0.0,0.0,0.0
2019-02-19,100.0,0.0,0.0,0.0,0.0,0.0
2019-02-26,100.0,0.0,0.0,0.0,0.0,0.0
2019-03-05,100.0,0.0,0.0,0.0,0.0,0.0
2019-03-12,100.0,0.0,0.0,0.0,0.0,0.0
2019-03-19,100.0,0.0,0.0,0.0,0.0,0.0
2019-03-26,100.0,0.0,0.0,0.0,0.0,0.0
2019-04-02,100.0,0.0,0.0,0.0,0.0,0.0
2019-04-09,100.0,0.0,0.0,0.0,0.0,0.0
2019-04-16,100.0,0.0,0.0,0.0,0.0,0.0
2019-04-23,100.0,0.0,0.0,0.0,0.0,0.0
2019-04-30,100.0,0.0,0.0,0.0,0.0,0.0
2019-05-07,100.0,0.0,0.0,0.0,0.0,0.0
2019-05-14,100.0,0.0,0.0,0.0,0.0,0.0
2019-05-21,100.0,0.0,0.0,0.0,0.0,0.0
2019-05-28,100.0,0.0,0.0,0.0,0.0,0.0
2019-06-04,100.0,0.0,0.0,0.0,0.0,0.0
2019-06-11,100.0,0.0,0.0,0.0,0.0,0.0
2019-06-18,100.0,0.0,0.0,0.0,0.0,0.0
2019-06-25,100.0,0.0,0.0,0.0,0.0,0.0
2019-07-02,100.0,0.0,0.0,0.0,0.0,0.0
2019-07-09,100.0,0.0,0.0,0.0,0.0,0.0
2019-07-16,100.0,0.0,0.0,0.0,0.0,0.0
2019-07-23,100.0,0.0,0.0,0.0,0.0,0.0
2019-07-30,100.0,0.0,0.0,0.0,0.0,0.0
2019-08-06,67.49,32.51,0.0,0.0,0.0,0.0
2019-08-13,100.0,0.0,0.0,0.0,0.0,0.0
2019-08-20,100.0,0.0,0.0,0.0,0.0,0.0
2019-08-27,100.0,0.0,0.0,0.0,0.0,0.0
2019-09-03,100.0,0.0,0.0,0.0,0.0,0.0
2019-09-10,100.0,0.0,0.0,0.0,0.0,0.0
2019-09-17,100.0,0.0,0.0,0.0,0.0,0.0
2019-09-24,100.0,0.0,0.0,0.0,0.0,0.0
2019-10-01,100.0,0.0,0.0,0.0,0.0,0.0
2019-10-08,100.0,0.0,0.0,0.0,0.0,0.0
2019-10-15,100.0,0.0,0.0,0.0,0.0,0.0
2019-10-22,98.18,1.82,0.0,0.0,0.0,0.0
2019-10-29,100.0,0.0,0.0,0.0,0.0,0.0
2019-11-05,100.0,0.0,0.0,0.0,0.0,0.0
2019-11-12,100.0,0.0,0.0,0.0,0.0,0.0
2019-11-19,100.0,0.0,0.0,0.0,0.0,0.0
2019-11-26,100.0,0.0,0.0,0.0,0.0,0.0
2019-12-03,100.0,0.0,0.0,0.0,0.0,0.0
2019-12-10,100.0,0.0,0.0,0.0,0.0,0.0
2019-12-17,100.0,0.0,0.0,0.0,0.0,0.0
2019-12-24,100.0,0.0,0.0,0.0,0.0,0.0
2019-12-31,100.0,0.0,0.0,0.0,0.0,0.0
2020-01-07,100.0,0.0,0.0,0.0,0.0,0.0
2020-01-14,49.51,50.49,0.0,0.0,0.0,0.0
2020-01-21,100.0,0.0,0.0,0.0,0.0,0.0
2020-01-28,100.0,0.0,0.0,0.0,0.0,0.0
2020-02-04,100.0,0.0,0.0,0.0,0.0,0.0
2020-02-11,100.0,0.0,0.0,0.0,0.0,0.0
2020-02-18,100.0,0.0,0.0,0.0,0.0,0.0
2020-02-25,100.0,0.0,0.0,0.0,0.0,0.0
2020-03-03,100.0,0.0,0.0,0.0,0.0,0.0
2020-03-10,100.0,0.0,0.0,0.0,0.0,0.0
2020-03-17,100.0,0.0,0.0,0.0,0.0,0.0
2020-03-24,100.0,0.0,0.0,0.0,0.0,0.0
2020-03-31,100.0,0.0,0.0,0.0,0.0,0.0
2020-04-07,100.0,0.0,0.0,0.0,0.0,0.0
2020-04-14,100.0,0.0,0.0,0.0,0.0,0.0
2020-04-21,100.0,0.0,0.0,0.0,0.0,0.0
2020-04-28,100.0,0.0,0.0,0.0,0.0,0.0
2020-05-05,100.0,0.0,0.0,0.0,0.0,0.0
2020-05-12,100.0,0.0,0.0,0.0,0.0,0.0
2020-05-19,66.09,33.91,0.0,0.0,0.0,0.0
2020-05-26,66.09,33.91,0.0,0.0,0.0,0.0
2020-06-02,62.26,37.74,0.0,0.0,0.0,0.0
2020-06-09,0.0,100.0,38.26,0.0,0.0,0.0
2020-06-16,0.0,100.0,99.67,1.43,0.0,0.0
2020-06-23,0.0,100.0,31.01,1.43,0.0,0.0
2020-06-30,0.0,100.0,100.0,1.43,0.0,0.0
2020-07-07,0.0,100.0,100.0,24.55,0.0,0.0
2020-07-14,0.0,100.0,100.0,0.0,0.0,0.0
2020-07-21,0.0,100.0,100.0,0.0,0.0,0.0
2020-07-28,0.0,100.0,68.02,0.0,0.0,0.0
2020-08-04,51.69,48.31,36.43,0.0,0.0,0.0
2020-08-11,59.86,40.14,7.66,0.0,0.0,0.0
2020-08-18,65.8,34.2,0.0,0.0,0.0,0.0
2020-08-25,65.8,34.2,0.0,0.0,0.0,0.0
2020-09-01,100.0,0.0,0.0,0.0,0.0,0.0
2020-09-08,100.0,0.0,0.0,0.0,0.0,0.0
2020-09-15,100.0,0.0,0.0,0.0,0.0,0.0
2020-09-22,100.0,0.0,0.0,0.0,0.0,0.0
2020-09-29,95.9,4.1,0.0,0.0,0.0,0.0
2020-10-06,11.83,88.17,0.77,0.0,0.0,0.0
2020-10-13,0.0,100.0,23.62,0.0,0.0,0.0
2020-10-20,0.0,100.0,23.62,0.0,0.0,0.0
2020-10-27,7.62,92.38,14.67,0.0,0.0,0.0
2020-11-03,100.0,0.0,0.0,0.0,0.0,0.0
2020-11-10,100.0,0.0,0.0,0.0,0.0,0.0
2020-11-17,100.0,0.0,0.0,0.0,0.0,0.0
2020-11-24,100.0,0.0,0.0,0.0,0.0,0.0
2020-12-01,100.0,0.0,0.0,0.0,0.0,0.0
2020-12-08,100.0,0.0,0.0,0.0,0.0,0.0
2020-12-15,100.0,0.0,0.0,0.0,0.0,0.0
2020-12-22,100.0,0.0,0.0,0.0,0.0,0.0
2020-12-29,100.0,0.0,0.0,0.0,0.0,0.0
2021-01-05,100.0,0.0,0.0,0.0,0.0,0.0
2021-01-12,100.0,0.0,0.0,0.0,0.0,0.0
2021-01-19,100.0,0.0,0.0,0.0,0.0,0.0
2021-01-26,100.0,0.0,0.0,0.0,0.0,0.0
2021-02-02,100.0,0.0,0.0,0.0,0.0,0.0
2021-02-09,100.0,0.0,0.0,0.0,0.0,0.0
2021-02-16,100.0,0.0,0.0,0.0,0.0,0.0
2021-02-23,100.0,0.0,0.0,0.0,0.0,0.0
2021-03-02,100.0,0.0,0.0,0.0,0.0,0.0
2021-03-09,100.0,0.0,0.0,0.0,0.0,0.0
2021-03-16,100.0,0.0,0.0,0.0,0.0,0.0
2021-03-23,100.0,0.0,0.0,0.0,0.0,0.0
2021-03-30,100.0,0.0,0.0,0.0,0.0,0.0
2021-04-06,100.0,0.0,0.0,0.0,0.0,0.0
2021-04-13,100.0,0.0,0.0,0.0,0.0,0.0
2021-04-20,100.0,0.0,0.0,0.0,0.0,0.0
2021-04-27,100.0,0.0,0.0,0.0,0.0,0.0
2021-05-04,100.0,0.0,0.0,0.0,0.0,0.0
2021-05-11,100.0,0.0,0.0,0.0,0.0,0.0
2021-05-18,100.0,0.0,0.0,0.0,0.0,0.0
2021-05-25,100.0,0.0,0.0,0.0,0.0,0.0
2021-06-01,100.0,0.0,0.0,0.0,0.0,0.0
2021-06-08,100.0,0.0,0.0,0.0,0.0,0.0
2021-06-15,100.0,0.0,0.0,0.0,0.0,0.0
2021-06-22,83.94,16.06,0.0,0.0,0.0,0.0
2021-06-29,100.0,0.0,0.0,0.0,0.0,0.0
2021-07-06,100.0,0.0,0.0,0.0,0.0,0.0
2021-07-13,100.0,0.0,0.0,0.0,0.0,0.0
2021-07-20,100.0,0.0,0.0,0.0,0.0,0.0
2021-07-27,100.0,0.0,0.0,0.0,0.0,0.0
2021-08-03,100.0,0.0,0.0,0.0,0.0,0.0
2021-08-10,97.41,2.59,0.0,0.0,0.0,0.0
2021-08-17,97.41,2.59,0.0,0.0,0.0,0.0
2021-08-24,97.41,2.59,0.0,0.0,0.0,0.0
2021-08-31,97.41,2.59,0.0,0.0,0.0,0.0
2021-09-07,65.61,34.39,0.0,0.0,0.0,0.0
2021-09-14,14.14,85.86,13.46,0.0,0.0,0.0
2021-09-21,0.0,100.0,78.14,1.64,0.0,0.0
2021-09-28,0.0,100.0,100.0,1.64,0.0,0.0
2021-10-05,0.0,100.0,90.35,30.99,0.0,0.0
2021-10-12,0.0,100.0,32.17,0.0,0.0,0.0
2021-10-19,0.0,100.0,32.5,0.0,0.0,0.0
2021-10-26,0.0,100.0,32.5,0.0,0.0,0.0
2021-11-02,2.75,97.25,32.0,0.0,0.0,0.0
2021-11-09,2.75,97.25,32.0,0.0,0.0,0.0
2021-11-16,13.33,86.67,32.0,0.0,0.0,0.0
2021-11-23,13.33,86.67,32.0,0.0,0.0,0.0
2021-11-30,13.33,86.67,44.63,0.0,0.0,0.0
2021-12-07,0.0,100.0,86.64,0.0,0.0,0.0
2021-12-14,0.0,100.0,87.1,0.0,0.0,0.0
2021-12-21,0.0,100.0,89.52,0.0,0.0,0.0
2021-12-28,0.0,100.0,100.0,89.94,0.0,0.0
2022-01-04,0.0,100.0,100.0,89.94,0.0,0.0
2022-01-11,0.0,100.0,100.0,91.25,0.0,0.0
2022-01-18,0.0,100.0,100.0,91.25,0.0,0.0
2022-01-25,0.0,100.0,100.0,97.72,0.0,0.0
2022-02-01,0.0,100.0,100.0,97.72,0.0,0.0
2022-02-08,0.0,100.0,100.0,97.5,0.0,0.0
2022-02-15,0.0,100.0,100.0,97.72,23.52,0.0
2022-02-22,0.0,100.0,100.0,97.72,23.52,0.0
2022-03-01,0.0,100.0,100.0,97.72,23.52,0.0
2022-03-08,0.0,100.0,100.0,97.72,23.52,0.0
2022-03-15,0.0,100.0,100.0,97.72,23.52,0.0
2022-03-22,0.0,100.0,99.12,23.52,0.0,0.0
2022-03-29,0.0,100.0,99.35,23.52,0.0,0.0
2022-04-05,0.0,100.0,99.35,23.52,0.0,0.0
2022-04-12,0.0,100.0,99.33,23.52,0.0,0.0
2022-04-19,0.0,100.0,99.33,23.52,0.0,0.0
2022-04-26,0.0,100.0,99.33,23.52,0.0,0.0
2022-05-03,0.0,100.0,99.33,23.52,0.0,0.0
2022-05-10,4.4,95.6,25.11,0.49,0.0,0.0
2022-05-17,4.4,95.6,25.11,0.49,0.0,0.0
2022-05-24,97.67,2.33,0.0,0.0,0.0,0.0
2022-05-31,97.67,2.33,0.0,0.0,0.0,0.0
2022-06-07,100.0,0.0,0.0,0.0,0.0,0.0
2022-06-14,100.0,0.0,0.0,0.0,0.0,0.0
2022-06-21,100.0,0.0,0.0,0.0,0.0,0.0
2022-06-28,100.0,0.0,0.0,0.0,0.0,0.0
2022-07-05,100.0,0.0,0.0,0.0,0.0,0.0
2022-07-12,0.0,100.0,0.0,0.0,0.0,0.0
2022-07-19,0.0,100.0,100.0,0.0,0.0,0.0
2022-07-26,0.0,100.0,100.0,100.0,0.0,0.0
2022-08-02,0.0,100.0,100.0,100.0,0.0,0.0
2022-08-09,0.0,100.0,100.0,100.0,0.0,0.0
2022-08-16,0.0,100.0,100.0,100.0,0.0,0.0
2022-08-23,0.0,100.0,100.0,100.0,0.0,0.0
2022-08-30,0.0,100.0,100.0,74.49,0.0,0.0
2022-09-06,0.0,100.0,100.0,75.32,0.0,0.0
2022-09-13,0.0,100.0,100.0,75.32,0.0,0.0
2022-09-20,0.0,100.0,100.0,100.0,43.09,0.0
2022-09-27,0.0,100.0,100.0,100.0,72.01,0.0
2022-10-04,0.0,100.0,100.0,100.0,71.95,0.0
2022-10-11,0.0,100.0,100.0,100.0,100.0,0.0
2022-10-18,0.0,100.0,100.0,100.0,100.0,0.0
2022-10-25,0.0,100.0,100.0,100.0,100.0,0.0
2022-11-01,0.0,100.0,100.0,100.0,100.0,0.0
2022-11-08,0.0,100.0,100.0,100.0,100.0,0.03
2022-11-15,0.0,100.0,100.0,100.0,100.0,0.0
2022-11-22,0.0,100.0,100.0,100.0,100.0,0.0
2022-11-29,0.0,100.0,100.0,100.0,100.0,0.0
2022-12-06,0.0,100.0,100.0,100.0,100.0,0.0
2022-12-13,0.0,100.0,100.0,100.0,100.0,0.0
2022-12-20,0.0,100.0,100.0,100.0,100.0,0.0
2022-12-27,0.0,100.0,100.0,100.0,100.0,0.0
2023-01-03,0.0,100.0,100.0,100.0,100.0,0.0
2023-01-10,0.0,100.0,100.0,100.0,100.0,0.0
2023-01-17,0.0,100.0,100.0,100.0,100.0,0.0
2023-01-24,0.0,100.0,100.0,100.0,100.0,0.0
2023-01-31,0.0,100.0,100.0,100.0,100.0,0.0
2023-02-07,0.0,100.0,100.0,100.0,100.0,0.0
2023-02-14,0.0,100.0,100.0,100.0,71.15,0.0
2023-02-21,0.0,100.0,100.0,100.0,71.15,0.0
2023-02-28,0.0,100.0,100.0,100.0,71.15,0.0
2023-03-07,0.0,100.0,100.0,100.0,71.15,0.0
2023-03-14,0.0,100.0,100.0,100.0,71.15,0.0
2023-03-21,0.0,100.0,100.0,100.0,71.15,0.0
2023-03-28,0.0,100.0,100.0,93.83,71.15,0.0
2023-04-04,0.0,100.0,100.0,93.83,71.15,0.0
2023-04-11,0.0,100.0,100.0,93.83,72.13,0.0
2023-04-18,0.0,100.0,100.0,93.83,72.13,0.01
2023-04-25,0.0,100.0,100.0,93.83,72.13,0.01
2023-05-02,0.0,100.0,93.37,72.17,0.01,0.0
2023-05-09,0.0,100.0,93.38,72.1,0.01,0.0
2023-05-16,3.8,96.2,80.79,1.72,0.0,0.0
2023-05-23,5.17,94.83,71.23,0.0,0.0,0.0
2023-05-30,5.48,94.52,71.23,0.0,0.0,0.0
2023-06-06,4.81,95.19,70.91,0.0,0.0,0.0
2023-06-13,4.81,95.19,70.2,0.0,0.0,0.0
2023-06-20,0.0,100.0,70.2,0.0,0.0,0.0
2023-06-27,0.0,100.0,70.2,0.0,0.0,0.0
2023-07-04,0.0,100.0,71.09,0.0,0.0,0.0
2023-07-11,0.0,100.0,16.35,0.0,0.0,0.0
2023-07-18,0.0,100.0,16.35,0.0,0.0,0.0
2023-07-25,0.0,100.0,16.35,0.0,0.0,0.0
2023-08-01,0.0,100.0,16.35,0.0,0.0,0.0
2023-08-08,83.64,16.36,0.0,0.0,0.0,0.0
2023-08-15,83.68,16.32,0.0,0.0,0.0,0.0
2023-08-22,83.68,16.32,0.0,0.0,0.0,0.0
2023-08-29,83.68,16.32,0.0,0.0,0.0,0.0
2023-09-05,83.11,16.89,0.31,0.0,0.0,0.0
2023-09-12,83.3,16.7,0.31,0.0,0.0,0.0
2023-09-19,83.3,16.7,0.31,0.0,0.0,0.0
2023-09-26,83.3,16.7,0.31,0.0,0.0,0.0
2023-10-03,83.31,16.69,0.31,0.0,0.0,0.0
2023-10-10,32.36,67.64,0.31,0.0,0.0,0.0
2023-10-17,0.0,100.0,52.07,0.31,0.0,0.0
2023-10-24,0.0,100.0,52.07,0.31,0.0,0.0
2023-10-31,46.04,53.96,0.18,0.0,0.0,0.0
2023-11-07,45.23,54.77,0.07,0.0,0.0,0.0
2023-11-14,27.59,72.41,0.07,0.0,0.0,0.0
2023-11-21,27.59,72.41,0.07,0.0,0.0,0.0
2023-11-28,99.66,0.34,0.0,0.0,0.0,0.0
2023-12-05,93.11,6.89,0.0,0.0,0.0,0.0
2023-12-12,93.11,6.89,0.0,0.0,0.0,0.0
2023-12-19,93.11,6.89,0.0,0.0,0.0,0.0
2023-12-26,100.0,0.0,0.0,0.0,0.0,0.0
2024-01-02,100.0,0.0,0.0,0.0,0.0,0.0
2024-01-09,100.0,0.0,0.0,0.0,0.0,0.0
2024-01-16,100.0,0.0,0.0,0.0,0.0,0.0
2024-01-23,100.0,0.0,0.0,0.0,0.0,0.0
2024-01-30,100.0,0.0,0.0,0.0,0.0,0.0
2024-02-06,100.0,0.0,0.0,0.0,0.0,0.0
2024-02-13,100.0,0.0,0.0,0.0,0.0,0.0
2024-02-20,100.0,0.0,0.0,0.0,0.0,0.0
2024-02-27,100.0,0.0,0.0,0.0,0.0,0.0
2024-03-05,100.0,0.0,0.0,0.0,0.0,0.0
2024-03-12,100.0,0.0,0.0,0.0,0.0,0.0
2024-03-19,100.0,0.0,0.0,0.0,0.0,0.0
2024-03-26,100.0,0.0,0.0,0.0,0.0,0.0
2024-04-02,100.0,0.0,0.0,0.0,0.0,0.0
2024-04-09,39.53,60.47,0.0,0.0,0.0,0.0
2024-04-16,38.05,61.95,0.0,0.0,0.0,0.0
2024-04-23,0.0,100.0,50.28,0.0,0.0,0.0
2024-04-30,0.0,100.0,50.75,0.0,0.0,0.0
2024-05-07,9.12,90.88,0.0,0.0,0.0,0.0
2024-05-14,100.0,0.0,0.0,0.0,0.0,0.0
2024-05-21,100.0,0.0,0.0,0.0,0.0,0.0
2024-05-28,100.0,0.0,0.0,0.0,0.0,0.0
2024-06-04,100.0,0.0,0.0,0.0,0.0,0.0
2024-06-11,100.0,0.0,0.0,0.0,0.0,0.0
2024-06-18,93.31,6.69,0.0,0.0,0.0,0.0
2024-06-25,0.99,99.01,6.69,0.0,0.0,0.0
2024-07-02,0.0,100.0,6.69,0.0,0.0,0.0
2024-07-09,0.0,100.0,6.69,0.0,0.0,0.0
2024-07-16,0.0,100.0,6.69,0.0,0.0,0.0
2024-07-23,0.0,100.0,6.69,0.0,0.0,0.0
2024-07-30,0.0,100.0,24.8,0.0,0.0,0.0
2024-08-06,0.0,100.0,100.0,0.0,0.0,0.0
2024-08-13,0.0,100.0,100.0,0.0,0.0,0.0
2024-08-20,0.0,100.0,93.34,0.0,0.0,0.0
2024-08-27,0.0,100.0,93.34,0.0,0.0,0.0
2024-09-03,0.0,100.0,93.34,0.0,0.0,0.0
2024-09-10,0.0,100.0,100.0,14.74,0.0,0.0
2024-09-17,0.0,100.0,100.0,14.76,0.0,0.0
2024-09-24,0.0,100.0,100.0,13.26,0.0,0.0
2024-10-01,0.0,100.0,100.0,24.1,8.88,0.0
2024-10-08,0.0,100.0,100.0,24.11,8.88,0.0
2024-10-15,0.0,100.0,100.0,100.0,8.88,0.0
2024-10-22,0.0,100.0,100.0,100.0,27.67,0.0
2024-10-29,0.0,100.0,100.0,100.0,27.67,0.0
2024-11-05,0.0,100.0,100.0,27.3,0.0,0.0
2024-11-12,0.0,100.0,100.0,22.02,0.0,0.0
2024-11-19,0.0,100.0,26.12,0.0,0.0,0.0
2024-11-26,0.0,100.0,26.12,0.0,0.0,0.0
2024-12-03,0.0,100.0,26.12,0.0,0.0,0.0
2024-12-10,0.0,100.0,26.12,0.0,0.0,0.0
2024-12-17,0.0,100.0,26.12,0.0,0.0,0.0
2024-12-24,0.0,100.0,26.12,0.0,0.0,0.0
2024-12-31,5.98,94.02,26.12,0.0,0.0,0.0
2025-01-07,5.98,94.02,26.12,0.0,0.0,0.0
2025-01-14,5.98,94.02,26.12,0.0,0.0,0.0
2025-01-21,5.98,94.02,26.12,0.0,0.0,0.0
2025-01-28,5.98,94.02,26.12,0.0,0.0,0.0
2025-02-04,0.0,100.0,35.81,0.0,0.0,0.0
2025-02-11,0.0,100.0,35.81,0.0,0.0,0.0
2025-02-18,0.0,100.0,35.81,0.0,0.0,0.0
2025-02-25,0.0,100.0,88.83,0.0,0.0,0.0
2025-03-04,0.0,100.0,88.83,0.0,0.0,0.0
2025-03-11,0.0,100.0,88.83,0.0,0.0,0.0
2025-03-18,0.0,100.0,88.83,0.0,0.0,0.0
2025-03-25,0.0,100.0,100.0,0.0,0.0,0.0
2025-04-01,0.0,100.0,100.0,0.0,0.0,0.0
2025-04-08,0.0,100.0,79.33,0.0,0.0,0.0
2025-04-15,0.0,100.0,79.33,0.0,0.0,0.0
2025-04-22,21.1,78.9,0.0,0.0,0.0,0.0
2025-04-29,100.0,0.0,0.0,0.0,0.0,0.0
2025-05-06,100.0,0.0,0.0,0.0,0.0,0.0
2025-05-13,100.0,0.0,0.0,0.0,0.0,0.0
2025-05-20,100.0,0.0,0.0,0.0,0.0,0.0
2025-05-27,100.0,0.0,0.0,0.0,0.0,0.0
2025-06-03,100.0,0.0,0.0,0.0,0.0,0.0
2025-06-10,100.0,0.0,0.0,0.0,0.0,0.0
2025-06-17,100.0,0.0,0.0,0.0,0.0,0.0
2025-06-24,100.0,0.0,0.0,0.0,0.0,0.0
2025-07-01,100.0,0.0,0.0,0.0,0.0,0.0
2025-07-08,100.0,0.0,0.0,0.0,0.0,0.0
2025-07-15,100.0,0.0,0.0,0.0,0.0,0.0
2025-07-22,100.0,0.0,0.0,0.0,0.0,0.0
2025-07-29,100.0,0.0,0.0,0.0,0.0,0.0
2025-08-05,100.0,0.0,0.0,0.0,0.0,0.0
2025-08-12,39.47,60.53,0.0,0.0,0.0,0.0
2025-08-19,38.59,61.41,2.95,0.0,0.0,0.0
2025-08-26,39.33,60.67,1.13,0.0,0.0,0.0
2025-09-02,2.1,97.9,1.13,0.0,0.0,0.0
2025-09-09,2.1,97.9,1.13,0.0,0.0,0.0
2025-09-16,2.1,97.9,1.13,0.0,0.0,0.0
2025-09-23,2.1,97.9,28.23,0.0,0.0,0.0
2025-09-30,0.0,100.0,51.56,0.0,0.0,0.0
2025-10-07,0.0,100.0,100.0,0.0,0.0,0.0
2025-10-14,0.0,100.0,100.0,82.04,0.0,0.0
2025-10-21,0.0,100.0,100.0,99.55,0.0,0.0
2025-10-28,0.0,100.0,18.35,0.0,0.0,0.0
2025-11-04,0.0,100.0,18.35,0.0,0.0,0.0
2025-11-11,0.0,100.0,18.35,0.0,0.0,0.0
2025-11-18,0.0,100.0,18.35,0.0,0.0,0.0
2025-11-25,0.0,100.0,18.35,0.0,0.0,0.0
2025-12-02,0.0,100.0,18.35,0.0,0.0,0.0
2025-12-09,0.0,100.0,18.35,0.0,0.0,0.0
2025-12-16,0.0,100.0,18.35,0.0,0.0,0.0
2025-12-23,0.0,100.0,32.62,0.0,0.0,0.0
2025-12-30,0.0,100.0,74.11,0.0,0.0,0.0
2026-01-06,0.0,100.0,100.0,0.0,0.0,0.0
2026-01-13,0.0,100.0,100.0,0.0,0.0,0.0
2026-01-20,0.0,100.0,100.0,0.0,0.0,0.0
2026-01-27,0.0,100.0,100.0,0.0,0.0,0.0
2026-02-03,0.0,100.0,100.0,0.0,0.0,0.0
2026-02-10,0.0,100.0,100.0,0.0,0.0,0.0
2026-02-17,0.0,100.0,100.0,0.0,0.0,0.0
2026-02-24,0.0,100.0,100.0,0.0,0.0,0.0
2026-03-03,0.0,100.0,100.0,9.86,0.0,0.0
2026-03-10,0.0,100.0,100.0,9.86,0.0,0.0
2026-03-17,0.0,100.0,100.0,9.86,0.0,0.0
2026-03-24,0.0,100.0,100.0,100.0,7.16,0.0
2026-03-31,0.0,100.0,100.0,100.0,84.15,0.0
2026-04-07,0.0,100.0,100.0,100.0,84.15,0.0
2026-04-14,0.0,100.0,100.0,100.0,84.15,0.0
2026-04-21,0.0,100.0,100.0,83.33,58.72,0.0
2026-04-28,0.0,100.0,100.0,74.65,40.85,0.0
2026-05-05,0.0,100.0,100.0,74.65,40.85,0.0
2026-05-12,0.0,100.0,100.0,74.65,40.85,0.0
2026-05-19,0.0,100.0,100.0,74.65,40.85,0.0
2026-05-26,0.0,100.0,100.0,74.65,40.85,0.0
2026-06-02,0.0,100.0,100.0,74.65,40.85,0.0
2026-06-09,0.0,100.0,99.98,72.71,40.85,0.0
2026-06-16,0.0,100.0,99.98,72.71,24.02,0.0
2026-06-23,0.0,100.0,99.98,72.71,24.02,0.0
2026-06-30,0.0,100.0,74.98,27.76,0.0,0.0
2026-07-07,0.0,100.0,74.98,27.76,0.0,0.0
2026-07-14,0.0,100.0,74.98,27.76,0.0,0.0
2026-07-21,0.0,100.0,74.98,27.76,0.0,0.0
2026-07-28,0.0,100.0,74.98,27.76,0.0,0.0
2026-08-04,0.0,100.0,100.0,63.41,0.0,0.0
2026-08-11,0.0,100.0,100.0,99.33,0.0,0.0
2026-08-18,0.0,100.0,100.0,100.0,0.0,0.0
2026-08-25,0.0,100.0,100.0,82.12,0.0,0.0
2026-09-01,0.0,100.0,100.0,82.12,0.0,0.0
