date,havg_pct
2015-01-01,75.69
2015-01-02,97.96
2015-01-03,94.62
2015-01-04,65.87
2015-01-05,68.41
2015-01-06,70.21
2015-01-07,51.3
2015-01-08,57.91
2015-01-09,51.96
2015-01-10,51.73
2015-01-11,86.9
2015-01-12,77.77
2015-01-13,60.34
2015-01-14,60.76
2015-01-15,59.26
2015-01-16,57.22
2015-01-17,50.42
2015-01-18,37.03
2015-01-19,53.06
2015-01-20,75.68
2015-01-21,70.47
2015-01-22,56.46
2015-01-23,69.29
2015-01-24,
2015-01-25,54.44
2015-01-26,67.65
2015-01-27,58.76
2015-01-28,44.67
2015-01-29,56.06
2015-01-30,68.89
2015-01-31,76.29
2015-02-01,77.84
2015-02-02,66.13
2015-02-03,56.15
2015-02-04,74.74
2015-02-05,66.76
2015-02-06,64.36
2015-02-07,68.29
2015-02-08,67.66
2015-02-09,71.68
2015-02-10,69.38
2015-02-11,72.59
2015-02-12,58.32
2015-02-13,49.78
2015-02-14,54.5
2015-02-15,51.25
2015-02-16,84.27
2015-02-17,70.27
2015-02-18,68.26
2015-02-19,47.48
2015-02-20,75.33
2015-02-21,81.16
2015-02-22,79.64
2015-02-23,77.69
2015-02-24,75.64
2015-02-25,
2015-02-26,52.14
2015-02-27,68.67
2015-02-28,94.16
2015-03-01,94.02
2015-03-02,93.24
2015-03-03,83.58
2015-03-04,73.69
2015-03-05,55.47
2015-03-06,45.96
2015-03-07,44.98
2015-03-08,54.68
2015-03-09,91.5
2015-03-10,79.62
2015-03-11,65.5
2015-03-12,65.85
2015-03-13,92.76
2015-03-14,71.39
2015-03-15,70.19
2015-03-16,
2015-03-17,60.66
2015-03-18,88.15
2015-03-19,94.75
2015-03-20,82.12
2015-03-21,79.09
2015-03-22,66.61
2015-03-23,66.85
2015-03-24,59.62
2015-03-25,77.18
2015-03-26,61.27
2015-03-27,61.27
2015-03-28,54.51
2015-03-29,64.47
2015-03-30,59.88
2015-03-31,58.58
2015-04-01,64.81
2015-04-02,66.02
2015-04-03,54.24
2015-04-04,50.31
2015-04-05,81.5
2015-04-06,82.3
2015-04-07,69.66
2015-04-08,75.3
2015-04-09,58.72
2015-04-10,
2015-04-11,65.15
2015-04-12,64.04
2015-04-13,85.35
2015-04-14,66.16
2015-04-15,81.18
2015-04-16,72.9
2015-04-17,76.26
2015-04-18,78.73
2015-04-19,77.69
2015-04-20,59.33
2015-04-21,50.99
2015-04-22,72.23
2015-04-23,72.84
2015-04-24,84.77
2015-04-25,63.54
2015-04-26,79.17
2015-04-27,84.85
2015-04-28,83.59
2015-04-29,68.81
2015-04-30,68.68
2015-05-01,65.68
2015-05-02,60.32
2015-05-03,62.0
2015-05-04,68.96
2015-05-05,
2015-05-06,87.39
2015-05-07,79.22
2015-05-08,89.72
2015-05-09,90.22
2015-05-10,86.22
2015-05-11,67.78
2015-05-12,67.81
2015-05-13,87.55
2015-05-14,84.18
2015-05-15,84.16
2015-05-16,82.26
2015-05-17,78.72
2015-05-18,76.82
2015-05-19,84.51
2015-05-20,86.15
2015-05-21,77.97
2015-05-22,90.4
2015-05-23,93.54
2015-05-24,93.54
2015-05-25,88.04
2015-05-26,81.84
2015-05-27,77.51
2015-05-28,87.97
2015-05-29,91.9
2015-05-30,85.66
2015-05-31,82.76
2015-06-01,78.6
2015-06-02,75.17
2015-06-03,71.86
2015-06-04,71.41
2015-06-05,74.82
2015-06-06,71.43
2015-06-07,61.78
2015-06-08,67.45
2015-06-09,65.62
2015-06-10,58.49
2015-06-11,62.85
2015-06-12,70.18
2015-06-13,85.07
2015-06-14,85.54
2015-06-15,88.07
2015-06-16,88.05
2015-06-17,93.89
2015-06-18,92.72
2015-06-19,76.5
2015-06-20,70.79
2015-06-21,76.45
2015-06-22,70.82
2015-06-23,68.62
2015-06-24,67.47
2015-06-25,
2015-06-26,71.04
2015-06-27,72.72
2015-06-28,61.94
2015-06-29,63.56
2015-06-30,64.73
2015-07-01,63.39
2015-07-02,70.76
2015-07-03,75.32
2015-07-04,76.7
2015-07-05,72.81
2015-07-06,74.51
2015-07-07,93.9
2015-07-08,93.46
2015-07-09,93.94
2015-07-10,75.45
2015-07-11,67.67
2015-07-12,69.76
2015-07-13,69.05
2015-07-14,70.69
2015-07-15,69.48
2015-07-16,
2015-07-17,65.68
2015-07-18,68.38
2015-07-19,69.06
2015-07-20,69.1
2015-07-21,91.63
2015-07-22,83.91
2015-07-23,77.62
2015-07-24,69.91
2015-07-25,70.12
2015-07-26,71.36
2015-07-27,73.39
2015-07-28,69.43
2015-07-29,69.51
2015-07-30,81.75
2015-07-31,85.26
2015-08-01,75.66
2015-08-02,76.76
2015-08-03,70.82
2015-08-04,84.06
2015-08-05,78.0
2015-08-06,75.36
2015-08-07,71.19
2015-08-08,61.58
2015-08-09,61.37
2015-08-10,70.69
2015-08-11,73.69
2015-08-12,75.64
2015-08-13,71.2
2015-08-14,68.91
2015-08-15,71.61
2015-08-16,69.16
2015-08-17,65.33
2015-08-18,
2015-08-19,81.07
2015-08-20,69.07
2015-08-21,82.23
2015-08-22,80.82
2015-08-23,82.02
2015-08-24,79.69
2015-08-25,75.78
2015-08-26,74.97
2015-08-27,74.39
2015-08-28,79.47
2015-08-29,77.19
2015-08-30,83.13
2015-08-31,71.31
2015-09-01,70.74
2015-09-02,68.52
2015-09-03,66.9
2015-09-04,70.6
2015-09-05,72.11
2015-09-06,68.12
2015-09-07,63.98
2015-09-08,78.27
2015-09-09,84.35
2015-09-10,77.48
2015-09-11,80.35
2015-09-12,73.08
2015-09-13,62.84
2015-09-14,65.79
2015-09-15,67.42
2015-09-16,73.76
2015-09-17,68.13
2015-09-18,76.14
2015-09-19,78.86
2015-09-20,92.12
2015-09-21,80.7
2015-09-22,76.59
2015-09-23,70.6
2015-09-24,71.86
2015-09-25,76.75
2015-09-26,76.06
2015-09-27,79.77
2015-09-28,79.15
2015-09-29,
2015-09-30,88.08
2015-10-01,82.52
2015-10-02,70.95
2015-10-03,77.97
2015-10-04,78.06
2015-10-05,91.93
2015-10-06,86.88
2015-10-07,83.34
2015-10-08,
2015-10-09,85.42
2015-10-10,75.99
2015-10-11,59.32
2015-10-12,58.88
2015-10-13,68.08
2015-10-14,68.54
2015-10-15,
2015-10-16,56.07
2015-10-17,56.62
2015-10-18,49.17
2015-10-19,
2015-10-20,45.69
2015-10-21,71.13
2015-10-22,83.09
2015-10-23,88.86
2015-10-24,76.55
2015-10-25,73.48
2015-10-26,83.2
2015-10-27,86.97
2015-10-28,78.17
2015-10-29,55.7
2015-10-30,91.69
2015-10-31,93.23
2015-11-01,83.57
2015-11-02,91.01
2015-11-03,83.57
2015-11-04,85.61
2015-11-05,87.33
2015-11-06,77.51
2015-11-07,75.56
2015-11-08,74.3
2015-11-09,64.67
2015-11-10,69.5
2015-11-11,56.47
2015-11-12,61.88
2015-11-13,64.12
2015-11-14,43.24
2015-11-15,76.22
2015-11-16,95.2
2015-11-17,
2015-11-18,54.54
2015-11-19,62.25
2015-11-20,63.92
2015-11-21,69.35
2015-11-22,63.08
2015-11-23,46.49
2015-11-24,57.53
2015-11-25,77.04
2015-11-26,90.91
2015-11-27,96.5
2015-11-28,97.15
2015-11-29,97.22
2015-11-30,94.82
2015-12-01,81.74
2015-12-02,77.26
2015-12-03,79.65
2015-12-04,76.01
2015-12-05,64.43
2015-12-06,71.59
2015-12-07,65.76
2015-12-08,63.25
2015-12-09,59.95
2015-12-10,61.02
2015-12-11,68.47
2015-12-12,84.28
2015-12-13,90.73
2015-12-14,76.65
2015-12-15,58.16
2015-12-16,58.42
2015-12-17,86.48
2015-12-18,76.13
2015-12-19,56.34
2015-12-20,74.11
2015-12-21,72.92
2015-12-22,67.6
2015-12-23,60.91
2015-12-24,63.66
2015-12-25,70.68
2015-12-26,92.42
2015-12-27,93.88
2015-12-28,94.73
2015-12-29,92.23
2015-12-30,85.52
2015-12-31,85.92
2016-01-01,81.04
2016-01-02,68.81
2016-01-03,78.73
2016-01-04,88.35
2016-01-05,75.66
2016-01-06,77.44
2016-01-07,95.16
2016-01-08,91.99
2016-01-09,83.03
2016-01-10,67.57
2016-01-11,59.94
2016-01-12,68.88
2016-01-13,74.85
2016-01-14,69.59
2016-01-15,67.93
2016-01-16,66.22
2016-01-17,74.19
2016-01-18,52.99
2016-01-19,84.58
2016-01-20,94.55
2016-01-21,92.29
2016-01-22,76.47
2016-01-23,71.37
2016-01-24,59.13
2016-01-25,76.46
2016-01-26,75.2
2016-01-27,
2016-01-28,57.08
2016-01-29,49.12
2016-01-30,53.03
2016-01-31,57.09
2016-02-01,68.63
2016-02-02,64.44
2016-02-03,59.6
2016-02-04,62.86
2016-02-05,47.17
2016-02-06,63.85
2016-02-07,47.9
2016-02-08,36.92
2016-02-09,47.07
2016-02-10,45.31
2016-02-11,
2016-02-12,
2016-02-13,
2016-02-14,
2016-02-15,
2016-02-16,
2016-02-17,50.03
2016-02-18,44.6
2016-02-19,44.04
2016-02-20,63.85
2016-02-21,57.23
2016-02-22,60.6
2016-02-23,86.75
2016-02-24,63.15
2016-02-25,60.85
2016-02-26,57.37
2016-02-27,48.65
2016-02-28,51.53
2016-02-29,56.52
2016-03-01,63.0
2016-03-02,45.83
2016-03-03,58.09
2016-03-04,56.25
2016-03-05,50.49
2016-03-06,48.06
2016-03-07,77.67
2016-03-08,92.03
2016-03-09,95.38
2016-03-10,73.16
2016-03-11,76.36
2016-03-12,87.86
2016-03-13,93.92
2016-03-14,
2016-03-15,45.43
2016-03-16,60.41
2016-03-17,53.37
2016-03-18,62.01
2016-03-19,54.96
2016-03-20,58.66
2016-03-21,48.27
2016-03-22,46.14
2016-03-23,49.27
2016-03-24,53.6
2016-03-25,59.34
2016-03-26,55.52
2016-03-27,74.37
2016-03-28,53.13
2016-03-29,50.03
2016-03-30,77.46
2016-03-31,53.89
2016-04-01,56.56
2016-04-02,57.38
2016-04-03,33.51
2016-04-04,
2016-04-05,38.25
2016-04-06,41.27
2016-04-07,
2016-04-08,52.42
2016-04-09,53.33
2016-04-10,65.2
2016-04-11,74.49
2016-04-12,63.43
2016-04-13,79.81
2016-04-14,78.1
2016-04-15,73.87
2016-04-16,82.66
2016-04-17,91.68
2016-04-18,92.47
2016-04-19,92.72
2016-04-20,82.72
2016-04-21,74.71
2016-04-22,72.69
2016-04-23,63.7
2016-04-24,61.89
2016-04-25,75.5
2016-04-26,82.0
2016-04-27,77.14
2016-04-28,68.96
2016-04-29,85.33
2016-04-30,77.47
2016-05-01,74.34
2016-05-02,77.77
2016-05-03,66.76
2016-05-04,58.69
2016-05-05,66.7
2016-05-06,65.38
2016-05-07,57.41
2016-05-08,77.55
2016-05-09,77.55
2016-05-10,71.01
2016-05-11,63.71
2016-05-12,68.32
2016-05-13,58.79
2016-05-14,54.26
2016-05-15,60.02
2016-05-16,93.79
2016-05-17,88.09
2016-05-18,75.04
2016-05-19,89.35
2016-05-20,87.55
2016-05-21,82.46
2016-05-22,75.83
2016-05-23,83.61
2016-05-24,83.01
2016-05-25,84.25
2016-05-26,78.98
2016-05-27,75.72
2016-05-28,77.48
2016-05-29,73.55
2016-05-30,81.09
2016-05-31,86.58
2016-06-01,86.22
2016-06-02,91.74
2016-06-03,87.43
2016-06-04,77.84
2016-06-05,71.84
2016-06-06,71.26
2016-06-07,72.36
2016-06-08,69.88
2016-06-09,
2016-06-10,69.06
2016-06-11,72.72
2016-06-12,80.87
2016-06-13,
2016-06-14,76.22
2016-06-15,74.98
2016-06-16,74.2
2016-06-17,72.06
2016-06-18,78.29
2016-06-19,74.85
2016-06-20,71.2
2016-06-21,65.73
2016-06-22,62.06
2016-06-23,70.77
2016-06-24,71.16
2016-06-25,67.76
2016-06-26,75.2
2016-06-27,78.81
2016-06-28,70.35
2016-06-29,
2016-06-30,67.25
2016-07-01,87.79
2016-07-02,67.46
2016-07-03,84.56
2016-07-04,79.59
2016-07-05,72.54
2016-07-06,73.46
2016-07-07,66.66
2016-07-08,86.05
2016-07-09,81.11
2016-07-10,77.15
2016-07-11,73.08
2016-07-12,66.01
2016-07-13,66.28
2016-07-14,78.58
2016-07-15,79.91
2016-07-16,79.24
2016-07-17,71.71
2016-07-18,73.08
2016-07-19,74.97
2016-07-20,73.39
2016-07-21,66.2
2016-07-22,59.06
2016-07-23,57.93
2016-07-24,65.25
2016-07-25,71.41
2016-07-26,
2016-07-27,87.36
2016-07-28,78.09
2016-07-29,77.69
2016-07-30,85.79
2016-07-31,71.35
2016-08-01,63.96
2016-08-02,60.08
2016-08-03,57.42
2016-08-04,61.94
2016-08-05,70.44
2016-08-06,85.41
2016-08-07,77.64
2016-08-08,79.76
2016-08-09,75.28
2016-08-10,70.06
2016-08-11,64.22
2016-08-12,80.44
2016-08-13,71.27
2016-08-14,78.25
2016-08-15,77.45
2016-08-16,67.9
2016-08-17,74.42
2016-08-18,79.58
2016-08-19,76.73
2016-08-20,78.54
2016-08-21,68.24
2016-08-22,72.1
2016-08-23,78.96
2016-08-24,
2016-08-25,69.49
2016-08-26,79.78
2016-08-27,79.5
2016-08-28,72.64
2016-08-29,85.2
2016-08-30,79.05
2016-08-31,90.45
2016-09-01,90.42
2016-09-02,74.93
2016-09-03,68.73
2016-09-04,69.59
2016-09-05,65.99
2016-09-06,67.24
2016-09-07,67.47
2016-09-08,63.89
2016-09-09,74.7
2016-09-10,75.27
2016-09-11,73.42
2016-09-12,66.8
2016-09-13,76.95
2016-09-14,85.53
2016-09-15,87.86
2016-09-16,93.3
2016-09-17,86.48
2016-09-18,79.01
2016-09-19,
2016-09-20,74.82
2016-09-21,72.91
2016-09-22,67.75
2016-09-23,69.96
2016-09-24,75.75
2016-09-25,93.55
2016-09-26,72.72
2016-09-27,63.18
2016-09-28,54.61
2016-09-29,77.87
2016-09-30,77.39
2016-10-01,74.92
2016-10-02,76.43
2016-10-03,67.96
2016-10-04,66.57
2016-10-05,78.04
2016-10-06,77.17
2016-10-07,80.28
2016-10-08,75.87
2016-10-09,71.13
2016-10-10,57.58
2016-10-11,56.89
2016-10-12,87.1
2016-10-13,89.56
2016-10-14,84.15
2016-10-15,78.51
2016-10-16,69.16
2016-10-17,63.3
2016-10-18,61.29
2016-10-19,73.3
2016-10-20,72.72
2016-10-21,71.41
2016-10-22,56.1
2016-10-23,61.89
2016-10-24,75.12
2016-10-25,75.9
2016-10-26,85.54
2016-10-27,88.89
2016-10-28,67.61
2016-10-29,60.61
2016-10-30,86.29
2016-10-31,68.53
2016-11-01,70.92
2016-11-02,77.62
2016-11-03,89.92
2016-11-04,84.78
2016-11-05,65.89
2016-11-06,55.93
2016-11-07,85.16
2016-11-08,90.34
2016-11-09,75.68
2016-11-10,74.44
2016-11-11,76.83
2016-11-12,74.74
2016-11-13,72.95
2016-11-14,76.86
2016-11-15,75.51
2016-11-16,60.3
2016-11-17,51.76
2016-11-18,57.06
2016-11-19,67.03
2016-11-20,56.45
2016-11-21,51.84
2016-11-22,77.29
2016-11-23,81.53
2016-11-24,78.88
2016-11-25,80.69
2016-11-26,73.45
2016-11-27,88.99
2016-11-28,56.36
2016-11-29,43.23
2016-11-30,57.14
2016-12-01,60.55
2016-12-02,61.91
2016-12-03,87.66
2016-12-04,88.31
2016-12-05,92.41
2016-12-06,66.16
2016-12-07,69.06
2016-12-08,65.24
2016-12-09,64.48
2016-12-10,50.36
2016-12-11,75.81
2016-12-12,73.65
2016-12-13,69.99
2016-12-14,66.66
2016-12-15,56.99
2016-12-16,85.84
2016-12-17,84.69
2016-12-18,66.31
2016-12-19,52.07
2016-12-20,40.82
2016-12-21,51.13
2016-12-22,65.27
2016-12-23,79.25
2016-12-24,93.39
2016-12-25,77.58
2016-12-26,42.21
2016-12-27,67.8
2016-12-28,53.6
2016-12-29,42.14
2016-12-30,39.54
2016-12-31,50.75
2017-01-01,81.38
2017-01-02,86.35
2017-01-03,73.37
2017-01-04,52.09
2017-01-05,56.03
2017-01-06,69.78
2017-01-07,72.68
2017-01-08,56.91
2017-01-09,59.73
2017-01-10,51.4
2017-01-11,59.61
2017-01-12,59.92
2017-01-13,88.22
2017-01-14,97.44
2017-01-15,99.58
2017-01-16,87.99
2017-01-17,79.74
2017-01-18,82.54
2017-01-19,
2017-01-20,60.95
2017-01-21,68.9
2017-01-22,75.1
2017-01-23,66.07
2017-01-24,45.67
2017-01-25,60.51
2017-01-26,65.23
2017-01-27,50.05
2017-01-28,51.15
2017-01-29,53.87
2017-01-30,48.62
2017-01-31,49.15
2017-02-01,51.97
2017-02-02,48.79
2017-02-03,43.7
2017-02-04,59.97
2017-02-05,81.21
2017-02-06,69.99
2017-02-07,52.49
2017-02-08,62.08
2017-02-09,54.17
2017-02-10,47.73
2017-02-11,55.76
2017-02-12,46.26
2017-02-13,54.96
2017-02-14,94.1
2017-02-15,65.03
2017-02-16,45.99
2017-02-17,53.59
2017-02-18,77.62
2017-02-19,87.0
2017-02-20,88.41
2017-02-21,75.3
2017-02-22,61.35
2017-02-23,47.28
2017-02-24,61.36
2017-02-25,54.77
2017-02-26,50.91
2017-02-27,82.41
2017-02-28,78.71
2017-03-01,46.7
2017-03-02,53.98
2017-03-03,46.18
2017-03-04,45.24
2017-03-05,84.21
2017-03-06,66.88
2017-03-07,28.5
2017-03-08,29.6
2017-03-09,56.67
2017-03-10,45.42
2017-03-11,83.38
2017-03-12,81.2
2017-03-13,64.71
2017-03-14,68.16
2017-03-15,58.73
2017-03-16,71.26
2017-03-17,70.58
2017-03-18,48.71
2017-03-19,64.11
2017-03-20,49.66
2017-03-21,54.66
2017-03-22,59.33
2017-03-23,56.02
2017-03-24,52.6
2017-03-25,78.95
2017-03-26,72.67
2017-03-27,76.18
2017-03-28,78.47
2017-03-29,84.24
2017-03-30,76.14
2017-03-31,82.91
2017-04-01,73.72
2017-04-02,89.33
2017-04-03,80.75
2017-04-04,82.87
2017-04-05,70.19
2017-04-06,63.76
2017-04-07,54.66
2017-04-08,57.29
2017-04-09,66.33
2017-04-10,50.12
2017-04-11,63.09
2017-04-12,72.89
2017-04-13,
2017-04-14,
2017-04-15,
2017-04-16,
2017-04-17,
2017-04-18,
2017-04-19,
2017-04-20,
2017-04-21,
2017-04-22,
2017-04-23,
2017-04-24,
2017-04-25,
2017-04-26,84.41
2017-04-27,76.02
2017-04-28,78.86
2017-04-29,97.31
2017-04-30,81.07
2017-05-01,53.83
2017-05-02,56.8
2017-05-03,83.4
2017-05-04,64.65
2017-05-05,66.55
2017-05-06,64.98
2017-05-07,53.97
2017-05-08,62.85
2017-05-09,72.87
2017-05-10,81.15
2017-05-11,89.77
2017-05-12,79.38
2017-05-13,70.53
2017-05-14,66.15
2017-05-15,66.72
2017-05-16,69.3
2017-05-17,62.37
2017-05-18,76.48
2017-05-19,90.07
2017-05-20,77.53
2017-05-21,70.51
2017-05-22,81.97
2017-05-23,76.64
2017-05-24,69.95
2017-05-25,63.96
2017-05-26,71.21
2017-05-27,80.22
2017-05-28,72.02
2017-05-29,66.5
2017-05-30,70.72
2017-05-31,69.52
2017-06-01,
2017-06-02,83.49
2017-06-03,89.98
2017-06-04,92.37
2017-06-05,81.7
2017-06-06,72.74
2017-06-07,67.64
2017-06-08,70.56
2017-06-09,63.81
2017-06-10,68.73
2017-06-11,67.76
2017-06-12,71.69
2017-06-13,71.51
2017-06-14,73.61
2017-06-15,76.1
2017-06-16,72.73
2017-06-17,79.46
2017-06-18,82.44
2017-06-19,73.48
2017-06-20,70.09
2017-06-21,61.92
2017-06-22,80.08
2017-06-23,69.22
2017-06-24,63.28
2017-06-25,60.97
2017-06-26,67.15
2017-06-27,64.83
2017-06-28,65.91
2017-06-29,67.0
2017-06-30,81.07
2017-07-01,80.71
2017-07-02,88.91
2017-07-03,87.6
2017-07-04,84.53
2017-07-05,84.14
2017-07-06,74.26
2017-07-07,72.79
2017-07-08,85.22
2017-07-09,78.06
2017-07-10,75.16
2017-07-11,72.32
2017-07-12,68.58
2017-07-13,68.12
2017-07-14,79.6
2017-07-15,81.69
2017-07-16,76.67
2017-07-17,73.21
2017-07-18,69.52
2017-07-19,65.52
2017-07-20,60.71
2017-07-21,58.93
2017-07-22,57.57
2017-07-23,66.92
2017-07-24,68.27
2017-07-25,68.65
2017-07-26,64.17
2017-07-27,83.48
2017-07-28,80.87
2017-07-29,63.71
2017-07-30,62.79
2017-07-31,
2017-08-01,86.7
2017-08-02,75.83
2017-08-03,71.81
2017-08-04,75.04
2017-08-05,64.17
2017-08-06,88.6
2017-08-07,85.41
2017-08-08,79.86
2017-08-09,78.05
2017-08-10,81.97
2017-08-11,82.5
2017-08-12,96.68
2017-08-13,86.31
2017-08-14,88.63
2017-08-15,93.31
2017-08-16,83.37
2017-08-17,82.55
2017-08-18,81.97
2017-08-19,74.79
2017-08-20,74.1
2017-08-21,76.62
2017-08-22,81.17
2017-08-23,75.92
2017-08-24,80.41
2017-08-25,79.95
2017-08-26,81.33
2017-08-27,82.04
2017-08-28,80.09
2017-08-29,78.34
2017-08-30,
2017-08-31,79.57
2017-09-01,79.38
2017-09-02,81.94
2017-09-03,80.59
2017-09-04,67.37
2017-09-05,59.33
2017-09-06,66.19
2017-09-07,64.52
2017-09-08,65.95
2017-09-09,75.21
2017-09-10,70.69
2017-09-11,73.99
2017-09-12,73.95
2017-09-13,71.08
2017-09-14,63.54
2017-09-15,62.9
2017-09-16,64.87
2017-09-17,89.0
2017-09-18,85.46
2017-09-19,75.81
2017-09-20,71.91
2017-09-21,71.54
2017-09-22,74.73
2017-09-23,71.69
2017-09-24,72.1
2017-09-25,73.24
2017-09-26,96.44
2017-09-27,96.06
2017-09-28,72.14
2017-09-29,76.4
2017-09-30,73.53
2017-10-01,60.15
2017-10-02,70.45
2017-10-03,86.75
2017-10-04,97.74
2017-10-05,83.16
2017-10-06,69.46
2017-10-07,76.98
2017-10-08,72.44
2017-10-09,70.65
2017-10-10,73.33
2017-10-11,82.43
2017-10-12,71.6
2017-10-13,69.99
2017-10-14,72.02
2017-10-15,71.91
2017-10-16,75.73
2017-10-17,67.05
2017-10-18,57.71
2017-10-19,66.48
2017-10-20,71.24
2017-10-21,80.42
2017-10-22,77.21
2017-10-23,53.39
2017-10-24,50.89
2017-10-25,55.38
2017-10-26,42.73
2017-10-27,55.66
2017-10-28,66.34
2017-10-29,49.43
2017-10-30,57.56
2017-10-31,64.77
2017-11-01,77.28
2017-11-02,66.36
2017-11-03,97.55
2017-11-04,90.8
2017-11-05,77.68
2017-11-06,
2017-11-07,85.52
2017-11-08,71.2
2017-11-09,77.01
2017-11-10,68.95
2017-11-11,66.64
2017-11-12,77.76
2017-11-13,84.89
2017-11-14,87.6
2017-11-15,74.32
2017-11-16,78.88
2017-11-17,68.62
2017-11-18,62.19
2017-11-19,60.22
2017-11-20,41.79
2017-11-21,
2017-11-22,60.32
2017-11-23,48.85
2017-11-24,39.16
2017-11-25,57.89
2017-11-26,60.33
2017-11-27,54.07
2017-11-28,64.34
2017-11-29,93.09
2017-11-30,78.32
2017-12-01,72.44
2017-12-02,78.26
2017-12-03,80.53
2017-12-04,59.29
2017-12-05,41.93
2017-12-06,52.64
2017-12-07,60.34
2017-12-08,64.12
2017-12-09,65.74
2017-12-10,42.6
2017-12-11,31.51
2017-12-12,64.37
2017-12-13,48.53
2017-12-14,62.54
2017-12-15,62.48
2017-12-16,46.14
2017-12-17,94.74
2017-12-18,90.86
2017-12-19,93.75
2017-12-20,96.41
2017-12-21,76.06
2017-12-22,89.12
2017-12-23,90.22
2017-12-24,76.5
2017-12-25,62.56
2017-12-26,72.77
2017-12-27,50.96
2017-12-28,60.51
2017-12-29,73.43
2017-12-30,77.25
2017-12-31,53.51
2018-01-01,57.36
2018-01-02,56.3
2018-01-03,60.82
2018-01-04,66.96
2018-01-05,61.74
2018-01-06,54.61
2018-01-07,76.36
2018-01-08,84.39
2018-01-09,88.04
2018-01-10,78.64
2018-01-11,76.07
2018-01-12,55.73
2018-01-13,43.41
2018-01-14,44.61
2018-01-15,65.51
2018-01-16,62.13
2018-01-17,62.09
2018-01-18,37.33
2018-01-19,50.37
2018-01-20,70.94
2018-01-21,61.84
2018-01-22,50.52
2018-01-23,55.42
2018-01-24,52.87
2018-01-25,26.98
2018-01-26,62.9
2018-01-27,61.77
2018-01-28,57.92
2018-01-29,61.54
2018-01-30,43.59
2018-01-31,42.98
2018-02-01,46.31
2018-02-02,40.76
2018-02-03,47.49
2018-02-04,71.79
2018-02-05,73.25
2018-02-06,71.84
2018-02-07,58.67
2018-02-08,51.22
2018-02-09,
2018-02-10,81.96
2018-02-11,71.65
2018-02-12,69.9
2018-02-13,65.53
2018-02-14,79.76
2018-02-15,63.6
2018-02-16,55.7
2018-02-17,76.75
2018-02-18,89.78
2018-02-19,85.51
2018-02-20,90.94
2018-02-21,93.02
2018-02-22,98.66
2018-02-23,98.03
2018-02-24,91.44
2018-02-25,74.67
2018-02-26,62.14
2018-02-27,87.18
2018-02-28,78.52
2018-03-01,61.78
2018-03-02,59.3
2018-03-03,59.68
2018-03-04,67.27
2018-03-05,51.71
2018-03-06,35.42
2018-03-07,57.51
2018-03-08,53.92
2018-03-09,56.19
2018-03-10,81.25
2018-03-11,59.28
2018-03-12,69.12
2018-03-13,60.87
2018-03-14,46.16
2018-03-15,38.58
2018-03-16,44.74
2018-03-17,60.12
2018-03-18,73.29
2018-03-19,74.46
2018-03-20,70.31
2018-03-21,61.13
2018-03-22,41.15
2018-03-23,63.6
2018-03-24,62.25
2018-03-25,81.15
2018-03-26,90.16
2018-03-27,96.61
2018-03-28,93.21
2018-03-29,81.51
2018-03-30,65.26
2018-03-31,58.1
2018-04-01,79.17
2018-04-02,85.13
2018-04-03,59.38
2018-04-04,50.79
2018-04-05,50.24
2018-04-06,75.22
2018-04-07,63.22
2018-04-08,68.91
2018-04-09,71.54
2018-04-10,59.03
2018-04-11,38.6
2018-04-12,57.38
2018-04-13,61.1
2018-04-14,52.97
2018-04-15,48.47
2018-04-16,
2018-04-17,50.13
2018-04-18,42.07
2018-04-19,59.81
2018-04-20,54.01
2018-04-21,88.21
2018-04-22,88.0
2018-04-23,70.02
2018-04-24,59.49
2018-04-25,88.2
2018-04-26,
2018-04-27,60.06
2018-04-28,55.89
2018-04-29,58.2
2018-04-30,51.09
2018-05-01,71.15
2018-05-02,78.36
2018-05-03,84.43
2018-05-04,75.38
2018-05-05,66.64
2018-05-06,54.32
2018-05-07,62.34
2018-05-08,55.16
2018-05-09,55.51
2018-05-10,60.28
2018-05-11,63.41
2018-05-12,67.56
2018-05-13,71.08
2018-05-14,69.71
2018-05-15,82.38
2018-05-16,83.94
2018-05-17,74.34
2018-05-18,75.15
2018-05-19,71.93
2018-05-20,87.18
2018-05-21,81.6
2018-05-22,77.53
2018-05-23,78.5
2018-05-24,77.42
2018-05-25,83.66
2018-05-26,75.2
2018-05-27,75.12
2018-05-28,75.8
2018-05-29,75.53
2018-05-30,77.61
2018-05-31,83.69
2018-06-01,80.25
2018-06-02,71.56
2018-06-03,69.82
2018-06-04,73.41
2018-06-05,77.41
2018-06-06,78.59
2018-06-07,86.4
2018-06-08,80.69
2018-06-09,70.35
2018-06-10,71.2
2018-06-11,
2018-06-12,85.12
2018-06-13,79.77
2018-06-14,68.3
2018-06-15,65.86
2018-06-16,72.3
2018-06-17,71.15
2018-06-18,76.97
2018-06-19,79.54
2018-06-20,80.95
2018-06-21,64.28
2018-06-22,75.74
2018-06-23,79.78
2018-06-24,91.02
2018-06-25,83.44
2018-06-26,76.63
2018-06-27,71.04
2018-06-28,70.08
2018-06-29,70.64
2018-06-30,81.52
2018-07-01,90.31
2018-07-02,81.82
2018-07-03,70.97
2018-07-04,81.06
2018-07-05,79.02
2018-07-06,80.86
2018-07-07,78.72
2018-07-08,78.67
2018-07-09,77.88
2018-07-10,77.17
2018-07-11,75.71
2018-07-12,72.01
2018-07-13,73.84
2018-07-14,80.91
2018-07-15,84.8
2018-07-16,77.59
2018-07-17,85.94
2018-07-18,89.72
2018-07-19,73.06
2018-07-20,54.64
2018-07-21,63.36
2018-07-22,78.1
2018-07-23,69.87
2018-07-24,71.43
2018-07-25,67.0
2018-07-26,
2018-07-27,75.85
2018-07-28,77.68
2018-07-29,80.64
2018-07-30,85.2
2018-07-31,78.91
2018-08-01,74.88
2018-08-02,
2018-08-03,63.37
2018-08-04,60.83
2018-08-05,66.87
2018-08-06,61.74
2018-08-07,81.46
2018-08-08,83.12
2018-08-09,75.9
2018-08-10,83.26
2018-08-11,82.36
2018-08-12,87.51
2018-08-13,93.94
2018-08-14,91.95
2018-08-15,84.83
2018-08-16,
2018-08-17,85.17
2018-08-18,81.51
2018-08-19,90.99
2018-08-20,81.21
2018-08-21,82.66
2018-08-22,87.78
2018-08-23,80.25
2018-08-24,67.97
2018-08-25,70.13
2018-08-26,69.79
2018-08-27,66.57
2018-08-28,66.54
2018-08-29,79.65
2018-08-30,74.74
2018-08-31,70.86
2018-09-01,71.43
2018-09-02,76.22
2018-09-03,82.84
2018-09-04,88.6
2018-09-05,95.29
2018-09-06,90.26
2018-09-07,94.13
2018-09-08,93.78
2018-09-09,86.3
2018-09-10,82.59
2018-09-11,78.57
2018-09-12,
2018-09-13,
2018-09-14,81.67
2018-09-15,84.31
2018-09-16,81.05
2018-09-17,78.31
2018-09-18,71.4
2018-09-19,64.76
2018-09-20,68.66
2018-09-21,95.07
2018-09-22,81.5
2018-09-23,89.53
2018-09-24,90.82
2018-09-25,
2018-09-26,76.13
2018-09-27,78.59
2018-09-28,88.29
2018-09-29,88.14
2018-09-30,84.28
2018-10-01,84.59
2018-10-02,82.32
2018-10-03,74.93
2018-10-04,84.1
2018-10-05,77.35
2018-10-06,83.81
2018-10-07,92.65
2018-10-08,81.06
2018-10-09,96.59
2018-10-10,82.35
2018-10-11,76.37
2018-10-12,94.63
2018-10-13,95.34
2018-10-14,97.5
2018-10-15,78.38
2018-10-16,82.66
2018-10-17,81.56
2018-10-18,77.49
2018-10-19,96.26
2018-10-20,78.09
2018-10-21,71.9
2018-10-22,68.43
2018-10-23,79.71
2018-10-24,91.93
2018-10-25,97.86
2018-10-26,88.37
2018-10-27,69.01
2018-10-28,63.78
2018-10-29,74.65
2018-10-30,80.19
2018-10-31,73.08
2018-11-01,76.12
2018-11-02,68.63
2018-11-03,71.66
2018-11-04,73.25
2018-11-05,67.85
2018-11-06,67.63
2018-11-07,58.08
2018-11-08,83.08
2018-11-09,71.22
2018-11-10,59.36
2018-11-11,54.38
2018-11-12,90.96
2018-11-13,83.14
2018-11-14,78.7
2018-11-15,59.46
2018-11-16,66.12
2018-11-17,58.98
2018-11-18,88.6
2018-11-19,75.21
2018-11-20,77.05
2018-11-21,58.18
2018-11-22,56.19
2018-11-23,55.53
2018-11-24,44.61
2018-11-25,63.55
2018-11-26,77.99
2018-11-27,79.33
2018-11-28,74.69
2018-11-29,76.11
2018-11-30,
2018-12-01,62.28
2018-12-02,66.27
2018-12-03,78.06
2018-12-04,74.83
2018-12-05,63.18
2018-12-06,63.09
2018-12-07,76.61
2018-12-08,77.91
2018-12-09,69.61
2018-12-10,73.37
2018-12-11,59.43
2018-12-12,75.21
2018-12-13,95.75
2018-12-14,82.99
2018-12-15,57.03
2018-12-16,73.65
2018-12-17,73.78
2018-12-18,83.12
2018-12-19,92.73
2018-12-20,55.31
2018-12-21,58.43
2018-12-22,62.93
2018-12-23,70.1
2018-12-24,68.0
2018-12-25,81.83
2018-12-26,95.4
2018-12-27,78.56
2018-12-28,71.33
2018-12-29,80.16
2018-12-30,80.61
2018-12-31,90.89
2019-01-01,79.87
2019-01-02,78.32
2019-01-03,94.72
2019-01-04,84.39
2019-01-05,73.51
2019-01-06,65.7
2019-01-07,66.73
2019-01-08,59.79
2019-01-09,69.03
2019-01-10,68.43
2019-01-11,89.32
2019-01-12,91.61
2019-01-13,83.25
2019-01-14,85.9
2019-01-15,82.1
2019-01-16,88.09
2019-01-17,93.84
2019-01-18,90.52
2019-01-19,75.83
2019-01-20,68.8
2019-01-21,62.49
2019-01-22,85.04
2019-01-23,68.82
2019-01-24,71.09
2019-01-25,76.95
2019-01-26,61.92
2019-01-27,60.35
2019-01-28,55.64
2019-01-29,
2019-01-30,50.26
2019-01-31,67.79
2019-02-01,88.39
2019-02-02,85.37
2019-02-03,76.94
2019-02-04,78.67
2019-02-05,96.32
2019-02-06,99.57
2019-02-07,81.37
2019-02-08,66.78
2019-02-09,63.61
2019-02-10,88.53
2019-02-11,97.44
2019-02-12,70.56
2019-02-13,41.48
2019-02-14,42.92
2019-02-15,83.73
2019-02-16,94.61
2019-02-17,71.49
2019-02-18,59.93
2019-02-19,80.77
2019-02-20,78.96
2019-02-21,72.14
2019-02-22,87.95
2019-02-23,72.19
2019-02-24,57.71
2019-02-25,54.21
2019-02-26,69.75
2019-02-27,90.84
2019-02-28,89.38
2019-03-01,82.54
2019-03-02,79.99
2019-03-03,68.01
2019-03-04,53.5
2019-03-05,58.44
2019-03-06,49.75
2019-03-07,57.87
2019-03-08,91.99
2019-03-09,57.79
2019-03-10,63.13
2019-03-11,71.42
2019-03-12,93.34
2019-03-13,63.5
2019-03-14,
2019-03-15,49.86
2019-03-16,55.24
2019-03-17,53.84
2019-03-18,60.93
2019-03-19,46.87
2019-03-20,67.39
2019-03-21,61.12
2019-03-22,52.07
2019-03-23,78.35
2019-03-24,81.16
2019-03-25,78.75
2019-03-26,69.04
2019-03-27,53.98
2019-03-28,54.95
2019-03-29,74.94
2019-03-30,70.38
2019-03-31,56.43
2019-04-01,62.45
2019-04-02,44.8
2019-04-03,53.34
2019-04-04,83.58
2019-04-05,71.67
2019-04-06,78.64
2019-04-07,80.25
2019-04-08,63.86
2019-04-09,51.77
2019-04-10,38.09
2019-04-11,48.48
2019-04-12,53.42
2019-04-13,72.18
2019-04-14,60.5
2019-04-15,48.99
2019-04-16,63.11
2019-04-17,
2019-04-18,68.45
2019-04-19,58.64
2019-04-20,56.48
2019-04-21,50.95
2019-04-22,77.04
2019-04-23,90.48
2019-04-24,88.82
2019-04-25,72.15
2019-04-26,60.07
2019-04-27,46.54
2019-04-28,65.61
2019-04-29,82.12
2019-04-30,92.38
2019-05-01,88.55
2019-05-02,83.35
2019-05-03,96.28
2019-05-04,85.48
2019-05-05,78.24
2019-05-06,81.07
2019-05-07,76.87
2019-05-08,87.48
2019-05-09,80.53
2019-05-10,75.7
2019-05-11,88.3
2019-05-12,72.33
2019-05-13,76.58
2019-05-14,66.78
2019-05-15,65.14
2019-05-16,64.4
2019-05-17,69.5
2019-05-18,88.0
2019-05-19,76.99
2019-05-20,91.68
2019-05-21,72.09
2019-05-22,74.68
2019-05-23,79.49
2019-05-24,80.51
2019-05-25,82.78
2019-05-26,83.27
2019-05-27,75.86
2019-05-28,79.66
2019-05-29,91.99
2019-05-30,71.47
2019-05-31,65.73
2019-06-01,75.05
2019-06-02,74.91
2019-06-03,86.27
2019-06-04,80.53
2019-06-05,79.35
2019-06-06,93.78
2019-06-07,84.05
2019-06-08,78.96
2019-06-09,81.99
2019-06-10,62.63
2019-06-11,68.82
2019-06-12,
2019-06-13,61.4
2019-06-14,71.28
2019-06-15,82.55
2019-06-16,89.02
2019-06-17,86.48
2019-06-18,78.53
2019-06-19,81.37
2019-06-20,76.98
2019-06-21,75.02
2019-06-22,76.87
2019-06-23,93.56
2019-06-24,77.78
2019-06-25,81.24
2019-06-26,78.15
2019-06-27,77.32
2019-06-28,75.96
2019-06-29,74.68
2019-06-30,78.61
2019-07-01,77.8
2019-07-02,81.23
2019-07-03,86.75
2019-07-04,81.56
2019-07-05,82.18
2019-07-06,90.05
2019-07-07,86.83
2019-07-08,
2019-07-09,79.65
2019-07-10,78.87
2019-07-11,75.6
2019-07-12,78.21
2019-07-13,77.61
2019-07-14,81.03
2019-07-15,79.86
2019-07-16,75.58
2019-07-17,65.63
2019-07-18,66.46
2019-07-19,65.16
2019-07-20,66.96
2019-07-21,66.85
2019-07-22,77.54
2019-07-23,72.4
2019-07-24,70.07
2019-07-25,62.22
2019-07-26,59.33
2019-07-27,65.12
2019-07-28,62.01
2019-07-29,72.85
2019-07-30,74.68
2019-07-31,69.38
2019-08-01,73.79
2019-08-02,89.44
2019-08-03,91.71
2019-08-04,83.88
2019-08-05,79.04
2019-08-06,74.77
2019-08-07,71.81
2019-08-08,89.94
2019-08-09,92.03
2019-08-10,81.31
2019-08-11,70.08
2019-08-12,67.79
2019-08-13,86.84
2019-08-14,78.29
2019-08-15,74.98
2019-08-16,63.69
2019-08-17,68.75
2019-08-18,76.88
2019-08-19,73.01
2019-08-20,67.14
2019-08-21,67.8
2019-08-22,85.44
2019-08-23,90.4
2019-08-24,89.24
2019-08-25,87.4
2019-08-26,80.41
2019-08-27,82.83
2019-08-28,80.61
2019-08-29,79.26
2019-08-30,86.73
2019-08-31,90.11
2019-09-01,84.02
2019-09-02,79.67
2019-09-03,78.06
2019-09-04,80.72
2019-09-05,75.19
2019-09-06,70.61
2019-09-07,76.37
2019-09-08,61.8
2019-09-09,64.12
2019-09-10,70.36
2019-09-11,68.89
2019-09-12,75.43
2019-09-13,92.18
2019-09-14,82.45
2019-09-15,75.95
2019-09-16,75.2
2019-09-17,77.41
2019-09-18,78.27
2019-09-19,77.71
2019-09-20,89.77
2019-09-21,81.16
2019-09-22,84.18
2019-09-23,82.52
2019-09-24,91.94
2019-09-25,81.38
2019-09-26,
2019-09-27,71.17
2019-09-28,80.66
2019-09-29,82.39
2019-09-30,74.5
2019-10-01,
2019-10-02,69.45
2019-10-03,82.21
2019-10-04,83.56
2019-10-05,82.45
2019-10-06,85.53
2019-10-07,77.48
2019-10-08,71.69
2019-10-09,75.72
2019-10-10,76.36
2019-10-11,62.56
2019-10-12,58.78
2019-10-13,54.0
2019-10-14,73.68
2019-10-15,77.45
2019-10-16,71.48
2019-10-17,62.57
2019-10-18,60.27
2019-10-19,77.03
2019-10-20,74.66
2019-10-21,50.25
2019-10-22,58.6
2019-10-23,56.87
2019-10-24,95.08
2019-10-25,96.68
2019-10-26,82.77
2019-10-27,68.78
2019-10-28,86.12
2019-10-29,91.13
2019-10-30,92.51
2019-10-31,69.02
2019-11-01,53.56
2019-11-02,72.89
2019-11-03,58.95
2019-11-04,70.99
2019-11-05,69.43
2019-11-06,96.96
2019-11-07,80.92
2019-11-08,64.3
2019-11-09,64.51
2019-11-10,71.96
2019-11-11,75.11
2019-11-12,59.24
2019-11-13,50.82
2019-11-14,74.98
2019-11-15,73.41
2019-11-16,57.21
2019-11-17,59.66
2019-11-18,66.27
2019-11-19,
2019-11-20,77.14
2019-11-21,86.76
2019-11-22,94.05
2019-11-23,81.15
2019-11-24,59.18
2019-11-25,69.67
2019-11-26,63.43
2019-11-27,63.91
2019-11-28,88.42
2019-11-29,98.48
2019-11-30,57.68
2019-12-01,51.8
2019-12-02,59.09
2019-12-03,64.6
2019-12-04,64.44
2019-12-05,56.22
2019-12-06,70.49
2019-12-07,67.96
2019-12-08,79.03
2019-12-09,70.19
2019-12-10,58.55
2019-12-11,57.45
2019-12-12,54.79
2019-12-13,70.14
2019-12-14,75.01
2019-12-15,94.52
2019-12-16,87.61
2019-12-17,78.87
2019-12-18,
2019-12-19,37.55
2019-12-20,53.79
2019-12-21,81.71
2019-12-22,90.87
2019-12-23,70.78
2019-12-24,51.46
2019-12-25,49.67
2019-12-26,72.23
2019-12-27,82.63
2019-12-28,92.68
2019-12-29,75.8
2019-12-30,61.15
2019-12-31,55.63
2020-01-01,50.17
2020-01-02,78.32
2020-01-03,76.73
2020-01-04,58.67
2020-01-05,55.96
2020-01-06,64.96
2020-01-07,47.72
2020-01-08,32.44
2020-01-09,78.54
2020-01-10,91.94
2020-01-11,90.68
2020-01-12,84.17
2020-01-13,94.38
2020-01-14,85.98
2020-01-15,81.66
2020-01-16,73.03
2020-01-17,95.4
2020-01-18,65.82
2020-01-19,69.41
2020-01-20,65.01
2020-01-21,69.3
2020-01-22,94.99
2020-01-23,82.57
2020-01-24,80.52
2020-01-25,77.01
2020-01-26,81.65
2020-01-27,70.45
2020-01-28,92.02
2020-01-29,87.87
2020-01-30,85.26
2020-01-31,81.23
2020-02-01,61.8
2020-02-02,33.68
2020-02-03,46.45
2020-02-04,87.33
2020-02-05,88.5
2020-02-06,72.43
2020-02-07,72.36
2020-02-08,64.72
2020-02-09,70.4
2020-02-10,73.6
2020-02-11,70.32
2020-02-12,90.4
2020-02-13,58.32
2020-02-14,61.36
2020-02-15,63.07
2020-02-16,83.55
2020-02-17,84.43
2020-02-18,65.42
2020-02-19,58.16
2020-02-20,68.57
2020-02-21,57.97
2020-02-22,47.32
2020-02-23,79.34
2020-02-24,87.14
2020-02-25,82.58
2020-02-26,66.84
2020-02-27,55.3
2020-02-28,68.38
2020-02-29,51.31
2020-03-01,57.7
2020-03-02,72.47
2020-03-03,70.18
2020-03-04,68.77
2020-03-05,58.62
2020-03-06,55.11
2020-03-07,47.6
2020-03-08,64.78
2020-03-09,78.94
2020-03-10,70.35
2020-03-11,65.34
2020-03-12,
2020-03-13,65.01
2020-03-14,91.59
2020-03-15,90.16
2020-03-16,97.57
2020-03-17,90.65
2020-03-18,86.52
2020-03-19,72.3
2020-03-20,64.78
2020-03-21,61.05
2020-03-22,96.07
2020-03-23,92.49
2020-03-24,
2020-03-25,63.63
2020-03-26,54.88
2020-03-27,79.24
2020-03-28,53.48
2020-03-29,60.93
2020-03-30,80.28
2020-03-31,75.61
2020-04-01,60.28
2020-04-02,69.09
2020-04-03,91.33
2020-04-04,89.56
2020-04-05,83.94
2020-04-06,78.49
2020-04-07,68.29
2020-04-08,49.28
2020-04-09,48.47
2020-04-10,38.13
2020-04-11,66.03
2020-04-12,81.83
2020-04-13,51.95
2020-04-14,68.1
2020-04-15,51.19
2020-04-16,
2020-04-17,80.48
2020-04-18,60.97
2020-04-19,80.22
2020-04-20,70.92
2020-04-21,59.35
2020-04-22,91.77
2020-04-23,72.28
2020-04-24,67.72
2020-04-25,65.06
2020-04-26,59.9
2020-04-27,62.26
2020-04-28,78.34
2020-04-29,55.18
2020-04-30,62.77
2020-05-01,53.15
2020-05-02,68.72
2020-05-03,88.57
2020-05-04,75.38
2020-05-05,58.57
2020-05-06,65.12
2020-05-07,72.18
2020-05-08,70.99
2020-05-09,68.9
2020-05-10,71.85
2020-05-11,73.73
2020-05-12,92.83
2020-05-13,89.82
2020-05-14,73.76
2020-05-15,89.87
2020-05-16,90.34
2020-05-17,74.66
2020-05-18,75.27
2020-05-19,79.7
2020-05-20,
2020-05-21,86.27
2020-05-22,84.26
2020-05-23,74.93
2020-05-24,78.98
2020-05-25,90.08
2020-05-26,90.83
2020-05-27,90.33
2020-05-28,93.5
2020-05-29,73.75
2020-05-30,69.14
2020-05-31,72.74
2020-06-01,74.07
2020-06-02,75.83
2020-06-03,72.69
2020-06-04,69.54
2020-06-05,68.73
2020-06-06,73.16
2020-06-07,74.43
2020-06-08,74.46
2020-06-09,61.21
2020-06-10,52.63
2020-06-11,62.94
2020-06-12,55.32
2020-06-13,57.2
2020-06-14,64.75
2020-06-15,66.7
2020-06-16,68.05
2020-06-17,66.93
2020-06-18,59.29
2020-06-19,83.65
2020-06-20,78.72
2020-06-21,80.9
2020-06-22,75.93
2020-06-23,68.42
2020-06-24,65.7
2020-06-25,62.89
2020-06-26,75.8
2020-06-27,73.8
2020-06-28,74.05
2020-06-29,72.72
2020-06-30,73.74
2020-07-01,73.01
2020-07-02,76.37
2020-07-03,75.39
2020-07-04,78.3
2020-07-05,79.7
2020-07-06,74.12
2020-07-07,76.3
2020-07-08,76.2
2020-07-09,72.5
2020-07-10,83.47
2020-07-11,79.04
2020-07-12,78.47
2020-07-13,82.27
2020-07-14,75.92
2020-07-15,
2020-07-16,84.41
2020-07-17,74.72
2020-07-18,71.92
2020-07-19,75.21
2020-07-20,70.49
2020-07-21,76.1
2020-07-22,75.05
2020-07-23,
2020-07-24,70.33
2020-07-25,74.08
2020-07-26,72.65
2020-07-27,84.06
2020-07-28,92.49
2020-07-29,86.4
2020-07-30,78.52
2020-07-31,81.66
2020-08-01,78.6
2020-08-02,77.92
2020-08-03,76.2
2020-08-04,73.93
2020-08-05,81.26
2020-08-06,87.57
2020-08-07,82.79
2020-08-08,72.41
2020-08-09,65.25
2020-08-10,65.2
2020-08-11,87.0
2020-08-12,84.24
2020-08-13,74.58
2020-08-14,76.98
2020-08-15,74.3
2020-08-16,73.09
2020-08-17,73.58
2020-08-18,71.77
2020-08-19,73.18
2020-08-20,71.35
2020-08-21,65.28
2020-08-22,64.32
2020-08-23,60.91
2020-08-24,63.96
2020-08-25,69.16
2020-08-26,73.56
2020-08-27,79.87
2020-08-28,64.88
2020-08-29,77.71
2020-08-30,72.76
2020-08-31,80.82
2020-09-01,91.13
2020-09-02,85.8
2020-09-03,78.44
2020-09-04,78.51
2020-09-05,75.86
2020-09-06,68.55
2020-09-07,69.49
2020-09-08,77.97
2020-09-09,98.09
2020-09-10,89.98
2020-09-11,92.52
2020-09-12,90.62
2020-09-13,81.8
2020-09-14,85.55
2020-09-15,83.08
2020-09-16,80.83
2020-09-17,81.98
2020-09-18,81.39
2020-09-19,79.77
2020-09-20,77.29
2020-09-21,74.68
2020-09-22,95.44
2020-09-23,89.62
2020-09-24,83.39
2020-09-25,78.22
2020-09-26,79.72
2020-09-27,89.11
2020-09-28,70.1
2020-09-29,64.94
2020-09-30,47.53
2020-10-01,67.51
2020-10-02,67.31
2020-10-03,67.09
2020-10-04,74.84
2020-10-05,68.9
2020-10-06,73.61
2020-10-07,
2020-10-08,67.05
2020-10-09,82.27
2020-10-10,86.29
2020-10-11,72.29
2020-10-12,50.25
2020-10-13,43.97
2020-10-14,54.66
2020-10-15,35.38
2020-10-16,53.02
2020-10-17,52.59
2020-10-18,86.29
2020-10-19,88.22
2020-10-20,
2020-10-21,74.71
2020-10-22,67.59
2020-10-23,74.13
2020-10-24,73.21
2020-10-25,84.91
2020-10-26,95.74
2020-10-27,97.0
2020-10-28,98.59
2020-10-29,82.39
2020-10-30,68.61
2020-10-31,68.89
2020-11-01,68.48
2020-11-02,55.84
2020-11-03,46.83
2020-11-04,
2020-11-05,69.89
2020-11-06,78.2
2020-11-07,68.35
2020-11-08,77.41
2020-11-09,72.07
2020-11-10,79.77
2020-11-11,74.63
2020-11-12,61.05
2020-11-13,65.29
2020-11-14,68.21
2020-11-15,41.85
2020-11-16,51.56
2020-11-17,54.64
2020-11-18,40.06
2020-11-19,52.69
2020-11-20,69.76
2020-11-21,94.51
2020-11-22,88.1
2020-11-23,76.1
2020-11-24,86.03
2020-11-25,76.27
2020-11-26,66.18
2020-11-27,72.17
2020-11-28,75.32
2020-11-29,74.24
2020-11-30,58.3
2020-12-01,40.73
2020-12-02,78.11
2020-12-03,96.35
2020-12-04,77.61
2020-12-05,76.12
2020-12-06,75.49
2020-12-07,70.48
2020-12-08,60.98
2020-12-09,62.7
2020-12-10,51.2
2020-12-11,73.43
2020-12-12,76.41
2020-12-13,92.33
2020-12-14,87.38
2020-12-15,89.55
2020-12-16,89.95
2020-12-17,80.34
2020-12-18,62.8
2020-12-19,77.06
2020-12-20,68.53
2020-12-21,57.01
2020-12-22,62.1
2020-12-23,55.78
2020-12-24,52.04
2020-12-25,60.33
2020-12-26,33.87
2020-12-27,46.73
2020-12-28,71.76
2020-12-29,83.14
2020-12-30,86.66
2020-12-31,86.57
2021-01-01,94.58
2021-01-02,81.88
2021-01-03,81.23
2021-01-04,78.39
2021-01-05,59.06
2021-01-06,76.9
2021-01-07,95.36
2021-01-08,83.04
2021-01-09,81.44
2021-01-10,84.86
2021-01-11,78.86
2021-01-12,60.57
2021-01-13,59.36
2021-01-14,42.35
2021-01-15,45.14
2021-01-16,55.27
2021-01-17,53.43
2021-01-18,47.87
2021-01-19,65.39
2021-01-20,76.88
2021-01-21,
2021-01-22,61.2
2021-01-23,66.43
2021-01-24,91.92
2021-01-25,92.15
2021-01-26,78.85
2021-01-27,76.5
2021-01-28,72.37
2021-01-29,64.28
2021-01-30,75.59
2021-01-31,74.77
2021-02-01,79.17
2021-02-02,56.75
2021-02-03,57.24
2021-02-04,63.78
2021-02-05,58.98
2021-02-06,61.96
2021-02-07,83.7
2021-02-08,95.33
2021-02-09,91.02
2021-02-10,90.43
2021-02-11,86.54
2021-02-12,82.31
2021-02-13,70.84
2021-02-14,77.24
2021-02-15,69.94
2021-02-16,72.02
2021-02-17,79.67
2021-02-18,75.46
2021-02-19,70.47
2021-02-20,65.97
2021-02-21,71.58
2021-02-22,54.03
2021-02-23,49.28
2021-02-24,47.62
2021-02-25,60.73
2021-02-26,88.82
2021-02-27,84.83
2021-02-28,61.17
2021-03-01,62.46
2021-03-02,
2021-03-03,37.68
2021-03-04,46.94
2021-03-05,77.91
2021-03-06,66.26
2021-03-07,41.37
2021-03-08,40.61
2021-03-09,56.62
2021-03-10,64.43
2021-03-11,87.52
2021-03-12,89.5
2021-03-13,88.84
2021-03-14,86.37
2021-03-15,68.45
2021-03-16,68.05
2021-03-17,87.49
2021-03-18,74.1
2021-03-19,68.38
2021-03-20,58.82
2021-03-21,54.86
2021-03-22,80.91
2021-03-23,78.82
2021-03-24,73.76
2021-03-25,86.68
2021-03-26,61.75
2021-03-27,55.93
2021-03-28,55.7
2021-03-29,35.87
2021-03-30,40.53
2021-03-31,35.45
2021-04-01,48.35
2021-04-02,33.22
2021-04-03,38.0
2021-04-04,64.63
2021-04-05,60.11
2021-04-06,67.25
2021-04-07,62.41
2021-04-08,43.17
2021-04-09,61.8
2021-04-10,65.09
2021-04-11,43.35
2021-04-12,42.88
2021-04-13,46.01
2021-04-14,76.72
2021-04-15,67.69
2021-04-16,92.05
2021-04-17,74.45
2021-04-18,66.76
2021-04-19,56.88
2021-04-20,66.14
2021-04-21,61.76
2021-04-22,63.12
2021-04-23,81.69
2021-04-24,80.93
2021-04-25,65.85
2021-04-26,56.81
2021-04-27,80.8
2021-04-28,94.66
2021-04-29,73.24
2021-04-30,63.25
2021-05-01,72.73
2021-05-02,79.46
2021-05-03,82.0
2021-05-04,80.96
2021-05-05,62.66
2021-05-06,68.4
2021-05-07,54.47
2021-05-08,61.84
2021-05-09,71.47
2021-05-10,72.13
2021-05-11,86.06
2021-05-12,75.06
2021-05-13,67.01
2021-05-14,63.42
2021-05-15,65.23
2021-05-16,86.87
2021-05-17,84.1
2021-05-18,86.28
2021-05-19,92.05
2021-05-20,96.16
2021-05-21,93.65
2021-05-22,89.0
2021-05-23,91.5
2021-05-24,89.95
2021-05-25,88.01
2021-05-26,88.22
2021-05-27,88.92
2021-05-28,77.66
2021-05-29,77.02
2021-05-30,80.54
2021-05-31,91.86
2021-06-01,95.05
2021-06-02,87.4
2021-06-03,74.43
2021-06-04,68.91
2021-06-05,79.96
2021-06-06,84.38
2021-06-07,91.32
2021-06-08,87.7
2021-06-09,86.86
2021-06-10,79.94
2021-06-11,82.97
2021-06-12,76.32
2021-06-13,78.02
2021-06-14,74.16
2021-06-15,74.46
2021-06-16,70.86
2021-06-17,65.18
2021-06-18,71.29
2021-06-19,70.25
2021-06-20,63.23
2021-06-21,79.22
2021-06-22,69.93
2021-06-23,69.23
2021-06-24,72.8
2021-06-25,71.4
2021-06-26,87.91
2021-06-27,90.24
2021-06-28,91.38
2021-06-29,89.02
2021-06-30,84.59
2021-07-01,95.37
2021-07-02,84.89
2021-07-03,75.25
2021-07-04,77.02
2021-07-05,75.58
2021-07-06,76.7
2021-07-07,83.89
2021-07-08,80.38
2021-07-09,75.11
2021-07-10,82.53
2021-07-11,84.76
2021-07-12,78.91
2021-07-13,76.74
2021-07-14,71.22
2021-07-15,74.74
2021-07-16,79.52
2021-07-17,83.76
2021-07-18,87.8
2021-07-19,81.12
2021-07-20,80.23
2021-07-21,78.43
2021-07-22,76.2
2021-07-23,75.88
2021-07-24,76.46
2021-07-25,72.53
2021-07-26,84.43
2021-07-27,80.9
2021-07-28,80.94
2021-07-29,78.94
2021-07-30,77.23
2021-07-31,72.9
2021-08-01,81.03
2021-08-02,79.85
2021-08-03,77.63
2021-08-04,78.61
2021-08-05,81.22
2021-08-06,75.22
2021-08-07,70.01
2021-08-08,79.33
2021-08-09,73.3
2021-08-10,69.4
2021-08-11,65.7
2021-08-12,69.65
2021-08-13,79.25
2021-08-14,83.62
2021-08-15,80.44
2021-08-16,82.24
2021-08-17,
2021-08-18,80.78
2021-08-19,86.03
2021-08-20,74.16
2021-08-21,76.95
2021-08-22,78.89
2021-08-23,64.46
2021-08-24,
2021-08-25,66.82
2021-08-26,70.53
2021-08-27,69.26
2021-08-28,72.37
2021-08-29,75.69
2021-08-30,82.08
2021-08-31,72.23
2021-09-01,66.05
2021-09-02,69.37
2021-09-03,68.01
2021-09-04,73.86
2021-09-05,72.4
2021-09-06,68.48
2021-09-07,57.16
2021-09-08,53.23
2021-09-09,56.07
2021-09-10,45.97
2021-09-11,46.6
2021-09-12,55.5
2021-09-13,66.43
2021-09-14,65.94
2021-09-15,73.5
2021-09-16,70.28
2021-09-17,71.84
2021-09-18,72.2
2021-09-19,67.66
2021-09-20,61.49
2021-09-21,60.81
2021-09-22,65.15
2021-09-23,55.76
2021-09-24,41.41
2021-09-25,53.36
2021-09-26,40.12
2021-09-27,44.13
2021-09-28,56.45
2021-09-29,71.65
2021-09-30,92.61
2021-10-01,89.8
2021-10-02,84.62
2021-10-03,78.17
2021-10-04,72.31
2021-10-05,73.66
2021-10-06,83.09
2021-10-07,68.41
2021-10-08,55.81
2021-10-09,49.58
2021-10-10,72.73
2021-10-11,75.88
2021-10-12,73.34
2021-10-13,80.24
2021-10-14,93.4
2021-10-15,73.1
2021-10-16,71.68
2021-10-17,59.8
2021-10-18,52.48
2021-10-19,59.81
2021-10-20,72.66
2021-10-21,75.49
2021-10-22,68.17
2021-10-23,66.57
2021-10-24,76.15
2021-10-25,85.58
2021-10-26,78.06
2021-10-27,91.39
2021-10-28,59.09
2021-10-29,54.56
2021-10-30,72.48
2021-10-31,76.82
2021-11-01,77.36
2021-11-02,84.84
2021-11-03,89.91
2021-11-04,80.22
2021-11-05,78.04
2021-11-06,67.1
2021-11-07,61.05
2021-11-08,63.79
2021-11-09,85.51
2021-11-10,87.77
2021-11-11,69.34
2021-11-12,58.14
2021-11-13,60.82
2021-11-14,66.74
2021-11-15,54.83
2021-11-16,73.73
2021-11-17,53.3
2021-11-18,57.8
2021-11-19,49.26
2021-11-20,54.71
2021-11-21,67.95
2021-11-22,72.13
2021-11-23,54.63
2021-11-24,63.08
2021-11-25,60.43
2021-11-26,52.59
2021-11-27,49.23
2021-11-28,68.29
2021-11-29,56.17
2021-11-30,
2021-12-01,65.05
2021-12-02,56.49
2021-12-03,73.72
2021-12-04,76.43
2021-12-05,68.99
2021-12-06,48.05
2021-12-07,63.11
2021-12-08,67.5
2021-12-09,60.53
2021-12-10,54.43
2021-12-11,58.49
2021-12-12,42.95
2021-12-13,44.6
2021-12-14,77.13
2021-12-15,71.91
2021-12-16,61.94
2021-12-17,80.61
2021-12-18,73.82
2021-12-19,78.49
2021-12-20,75.04
2021-12-21,75.05
2021-12-22,75.21
2021-12-23,76.85
2021-12-24,52.28
2021-12-25,50.15
2021-12-26,74.73
2021-12-27,38.93
2021-12-28,45.19
2021-12-29,68.17
2021-12-30,69.18
2021-12-31,52.93
2022-01-01,87.53
2022-01-02,69.15
2022-01-03,61.84
2022-01-04,42.98
2022-01-05,50.43
2022-01-06,60.26
2022-01-07,69.47
2022-01-08,84.64
2022-01-09,59.88
2022-01-10,62.21
2022-01-11,38.15
2022-01-12,58.18
2022-01-13,58.72
2022-01-14,65.84
2022-01-15,75.04
2022-01-16,82.06
2022-01-17,64.95
2022-01-18,58.5
2022-01-19,63.46
2022-01-20,51.97
2022-01-21,60.33
2022-01-22,50.87
2022-01-23,50.13
2022-01-24,43.89
2022-01-25,46.7
2022-01-26,44.6
2022-01-27,78.37
2022-01-28,67.33
2022-01-29,46.2
2022-01-30,54.57
2022-01-31,55.53
2022-02-01,81.07
2022-02-02,89.54
2022-02-03,80.36
2022-02-04,66.8
2022-02-05,59.98
2022-02-06,64.4
2022-02-07,63.02
2022-02-08,45.25
2022-02-09,61.28
2022-02-10,59.04
2022-02-11,43.6
2022-02-12,41.15
2022-02-13,43.59
2022-02-14,38.76
2022-02-15,45.45
2022-02-16,66.7
2022-02-17,84.32
2022-02-18,61.09
2022-02-19,56.03
2022-02-20,37.15
2022-02-21,
2022-02-22,64.35
2022-02-23,75.1
2022-02-24,89.74
2022-02-25,66.13
2022-02-26,69.85
2022-02-27,62.35
2022-02-28,30.57
2022-03-01,27.45
2022-03-02,33.16
2022-03-03,36.57
2022-03-04,53.77
2022-03-05,54.73
2022-03-06,76.74
2022-03-07,72.97
2022-03-08,74.64
2022-03-09,65.72
2022-03-10,71.4
2022-03-11,74.35
2022-03-12,58.0
2022-03-13,27.2
2022-03-14,69.16
2022-03-15,74.54
2022-03-16,59.02
2022-03-17,52.28
2022-03-18,75.25
2022-03-19,53.15
2022-03-20,39.57
2022-03-21,72.87
2022-03-22,89.6
2022-03-23,59.96
2022-03-24,61.48
2022-03-25,69.61
2022-03-26,52.22
2022-03-27,40.0
2022-03-28,50.12
2022-03-29,60.0
2022-03-30,76.8
2022-03-31,70.27
2022-04-01,55.9
2022-04-02,67.81
2022-04-03,53.2
2022-04-04,89.77
2022-04-05,75.53
2022-04-06,39.49
2022-04-07,42.54
2022-04-08,45.15
2022-04-09,43.86
2022-04-10,46.48
2022-04-11,82.43
2022-04-12,72.89
2022-04-13,51.94
2022-04-14,47.05
2022-04-15,46.05
2022-04-16,48.82
2022-04-17,68.02
2022-04-18,62.41
2022-04-19,52.29
2022-04-20,78.52
2022-04-21,77.94
2022-04-22,66.94
2022-04-23,68.35
2022-04-24,78.2
2022-04-25,53.01
2022-04-26,55.35
2022-04-27,58.57
2022-04-28,70.41
2022-04-29,74.79
2022-04-30,66.26
2022-05-01,64.37
2022-05-02,89.57
2022-05-03,77.1
2022-05-04,93.58
2022-05-05,92.95
2022-05-06,82.35
2022-05-07,73.88
2022-05-08,70.94
2022-05-09,72.58
2022-05-10,77.95
2022-05-11,72.74
2022-05-12,66.79
2022-05-13,81.7
2022-05-14,80.65
2022-05-15,76.48
2022-05-16,74.68
2022-05-17,
2022-05-18,74.02
2022-05-19,
2022-05-20,66.42
2022-05-21,75.27
2022-05-22,62.81
2022-05-23,90.67
2022-05-24,94.77
2022-05-25,94.13
2022-05-26,85.47
2022-05-27,69.22
2022-05-28,62.12
2022-05-29,64.92
2022-05-30,70.17
2022-05-31,77.07
2022-06-01,82.71
2022-06-02,76.3
2022-06-03,73.07
2022-06-04,78.56
2022-06-05,86.11
2022-06-06,83.95
2022-06-07,87.02
2022-06-08,89.34
2022-06-09,77.82
2022-06-10,81.21
2022-06-11,84.18
2022-06-12,70.17
2022-06-13,63.28
2022-06-14,64.4
2022-06-15,70.65
2022-06-16,76.53
2022-06-17,74.95
2022-06-18,76.53
2022-06-19,75.49
2022-06-20,71.81
2022-06-21,71.0
2022-06-22,75.76
2022-06-23,73.84
2022-06-24,64.58
2022-06-25,63.5
2022-06-26,64.36
2022-06-27,64.2
2022-06-28,67.13
2022-06-29,66.49
2022-06-30,61.44
2022-07-01,66.95
2022-07-02,68.63
2022-07-03,69.11
2022-07-04,61.85
2022-07-05,54.92
2022-07-06,52.57
2022-07-07,51.76
2022-07-08,54.58
2022-07-09,67.21
2022-07-10,68.36
2022-07-11,67.92
2022-07-12,68.09
2022-07-13,60.09
2022-07-14,57.19
2022-07-15,47.12
2022-07-16,46.2
2022-07-17,53.14
2022-07-18,59.58
2022-07-19,50.37
2022-07-20,48.32
2022-07-21,57.42
2022-07-22,62.48
2022-07-23,53.17
2022-07-24,44.79
2022-07-25,
2022-07-26,39.12
2022-07-27,49.12
2022-07-28,71.23
2022-07-29,89.07
2022-07-30,78.14
2022-07-31,84.13
2022-08-01,68.85
2022-08-02,59.73
2022-08-03,50.68
2022-08-04,67.25
2022-08-05,66.68
2022-08-06,57.7
2022-08-07,60.92
2022-08-08,58.89
2022-08-09,68.72
2022-08-10,69.54
2022-08-11,66.28
2022-08-12,66.48
2022-08-13,60.47
2022-08-14,49.15
2022-08-15,54.62
2022-08-16,46.27
2022-08-17,92.09
2022-08-18,71.48
2022-08-19,64.35
2022-08-20,65.02
2022-08-21,82.43
2022-08-22,73.48
2022-08-23,69.4
2022-08-24,66.08
2022-08-25,63.52
2022-08-26,61.22
2022-08-27,59.46
2022-08-28,71.55
2022-08-29,80.48
2022-08-30,78.15
2022-08-31,66.79
2022-09-01,88.29
2022-09-02,86.4
2022-09-03,80.59
2022-09-04,75.42
2022-09-05,81.84
2022-09-06,79.01
2022-09-07,79.56
2022-09-08,76.2
2022-09-09,66.88
2022-09-10,69.53
2022-09-11,70.49
2022-09-12,64.46
2022-09-13,55.72
2022-09-14,45.37
2022-09-15,53.42
2022-09-16,58.71
2022-09-17,57.76
2022-09-18,57.85
2022-09-19,53.44
2022-09-20,51.65
2022-09-21,52.4
2022-09-22,63.89
2022-09-23,56.35
2022-09-24,72.46
2022-09-25,59.1
2022-09-26,59.69
2022-09-27,47.75
2022-09-28,41.41
2022-09-29,42.25
2022-09-30,51.66
2022-10-01,56.42
2022-10-02,57.22
2022-10-03,55.8
2022-10-04,57.06
2022-10-05,53.18
2022-10-06,63.06
2022-10-07,57.22
2022-10-08,60.8
2022-10-09,64.83
2022-10-10,82.99
2022-10-11,75.24
2022-10-12,60.92
2022-10-13,59.3
2022-10-14,49.18
2022-10-15,56.78
2022-10-16,65.69
2022-10-17,50.04
2022-10-18,53.58
2022-10-19,51.28
2022-10-20,
2022-10-21,37.05
2022-10-22,44.28
2022-10-23,55.25
2022-10-24,83.35
2022-10-25,72.73
2022-10-26,
2022-10-27,56.48
2022-10-28,64.04
2022-10-29,76.24
2022-10-30,74.87
2022-10-31,66.47
2022-11-01,53.84
2022-11-02,79.16
2022-11-03,78.64
2022-11-04,83.58
2022-11-05,65.24
2022-11-06,62.19
2022-11-07,74.08
2022-11-08,93.27
2022-11-09,84.09
2022-11-10,86.23
2022-11-11,62.71
2022-11-12,64.37
2022-11-13,63.85
2022-11-14,74.0
2022-11-15,77.64
2022-11-16,72.12
2022-11-17,
2022-11-18,60.59
2022-11-19,58.1
2022-11-20,58.38
2022-11-21,52.42
2022-11-22,77.91
2022-11-23,91.54
2022-11-24,92.12
2022-11-25,71.28
2022-11-26,92.33
2022-11-27,83.41
2022-11-28,73.31
2022-11-29,64.93
2022-11-30,64.71
2022-12-01,52.02
2022-12-02,77.83
2022-12-03,55.6
2022-12-04,68.36
2022-12-05,91.25
2022-12-06,94.34
2022-12-07,93.16
2022-12-08,97.2
2022-12-09,82.38
2022-12-10,94.14
2022-12-11,89.95
2022-12-12,95.9
2022-12-13,64.78
2022-12-14,59.75
2022-12-15,57.11
2022-12-16,48.04
2022-12-17,61.47
2022-12-18,56.25
2022-12-19,50.59
2022-12-20,85.67
2022-12-21,79.03
2022-12-22,75.6
2022-12-23,57.7
2022-12-24,59.15
2022-12-25,57.86
2022-12-26,61.45
2022-12-27,59.1
2022-12-28,50.79
2022-12-29,52.54
2022-12-30,75.2
2022-12-31,72.06
2023-01-01,76.05
2023-01-02,87.17
2023-01-03,66.4
2023-01-04,61.71
2023-01-05,62.23
2023-01-06,65.69
2023-01-07,74.21
2023-01-08,66.98
2023-01-09,57.86
2023-01-10,70.68
2023-01-11,60.2
2023-01-12,67.16
2023-01-13,73.86
2023-01-14,58.9
2023-01-15,65.03
2023-01-16,56.01
2023-01-17,70.33
2023-01-18,66.17
2023-01-19,63.89
2023-01-20,72.3
2023-01-21,76.79
2023-01-22,83.71
2023-01-23,78.76
2023-01-24,94.04
2023-01-25,88.3
2023-01-26,75.76
2023-01-27,46.92
2023-01-28,68.95
2023-01-29,89.34
2023-01-30,68.44
2023-01-31,62.2
2023-02-01,68.05
2023-02-02,68.17
2023-02-03,55.64
2023-02-04,57.35
2023-02-05,62.1
2023-02-06,73.97
2023-02-07,89.58
2023-02-08,95.01
2023-02-09,76.51
2023-02-10,69.12
2023-02-11,74.54
2023-02-12,51.67
2023-02-13,53.37
2023-02-14,63.48
2023-02-15,71.02
2023-02-16,65.72
2023-02-17,57.89
2023-02-18,40.9
2023-02-19,41.07
2023-02-20,63.66
2023-02-21,64.61
2023-02-22,59.01
2023-02-23,52.24
2023-02-24,60.54
2023-02-25,80.19
2023-02-26,87.12
2023-02-27,45.63
2023-02-28,44.23
2023-03-01,42.24
2023-03-02,72.62
2023-03-03,74.91
2023-03-04,66.8
2023-03-05,53.37
2023-03-06,53.44
2023-03-07,71.56
2023-03-08,83.1
2023-03-09,90.18
2023-03-10,76.02
2023-03-11,80.3
2023-03-12,70.53
2023-03-13,57.37
2023-03-14,52.62
2023-03-15,54.83
2023-03-16,74.79
2023-03-17,56.7
2023-03-18,48.57
2023-03-19,51.91
2023-03-20,44.19
2023-03-21,83.68
2023-03-22,73.23
2023-03-23,83.36
2023-03-24,94.51
2023-03-25,74.14
2023-03-26,66.08
2023-03-27,67.06
2023-03-28,66.24
2023-03-29,59.86
2023-03-30,73.64
2023-03-31,45.21
2023-04-01,44.07
2023-04-02,51.8
2023-04-03,54.28
2023-04-04,73.37
2023-04-05,54.68
2023-04-06,57.77
2023-04-07,54.7
2023-04-08,53.27
2023-04-09,58.28
2023-04-10,64.18
2023-04-11,61.99
2023-04-12,50.5
2023-04-13,54.87
2023-04-14,58.23
2023-04-15,69.96
2023-04-16,52.27
2023-04-17,48.51
2023-04-18,53.93
2023-04-19,68.75
2023-04-20,
2023-04-21,58.06
2023-04-22,53.63
2023-04-23,56.53
2023-04-24,53.81
2023-04-25,91.41
2023-04-26,94.1
2023-04-27,92.3
2023-04-28,90.79
2023-04-29,65.63
2023-04-30,62.13
2023-05-01,64.05
2023-05-02,63.31
2023-05-03,59.42
2023-05-04,88.27
2023-05-05,90.46
2023-05-06,72.04
2023-05-07,66.67
2023-05-08,75.63
2023-05-09,81.12
2023-05-10,80.24
2023-05-11,85.32
2023-05-12,81.76
2023-05-13,85.56
2023-05-14,92.04
2023-05-15,89.6
2023-05-16,86.19
2023-05-17,83.52
2023-05-18,81.19
2023-05-19,94.99
2023-05-20,78.18
2023-05-21,78.81
2023-05-22,76.66
2023-05-23,85.11
2023-05-24,85.35
2023-05-25,80.56
2023-05-26,73.93
2023-05-27,75.67
2023-05-28,74.61
2023-05-29,77.46
2023-05-30,77.42
2023-05-31,75.92
2023-06-01,74.84
2023-06-02,75.01
2023-06-03,81.02
2023-06-04,82.88
2023-06-05,73.66
2023-06-06,77.16
2023-06-07,72.85
2023-06-08,72.34
2023-06-09,68.16
2023-06-10,82.74
2023-06-11,73.67
2023-06-12,88.9
2023-06-13,79.26
2023-06-14,
2023-06-15,71.56
2023-06-16,76.17
2023-06-17,75.7
2023-06-18,80.17
2023-06-19,73.19
2023-06-20,73.35
2023-06-21,81.4
2023-06-22,79.3
2023-06-23,81.99
2023-06-24,80.55
2023-06-25,74.12
2023-06-26,69.3
2023-06-27,77.09
2023-06-28,69.7
2023-06-29,62.72
2023-06-30,60.08
2023-07-01,72.07
2023-07-02,73.53
2023-07-03,82.8
2023-07-04,79.56
2023-07-05,85.24
2023-07-06,89.74
2023-07-07,88.11
2023-07-08,80.31
2023-07-09,82.34
2023-07-10,77.69
2023-07-11,81.85
2023-07-12,83.56
2023-07-13,80.7
2023-07-14,83.63
2023-07-15,83.28
2023-07-16,77.76
2023-07-17,82.4
2023-07-18,66.53
2023-07-19,63.32
2023-07-20,75.39
2023-07-21,85.84
2023-07-22,77.66
2023-07-23,71.67
2023-07-24,
2023-07-25,59.44
2023-07-26,58.85
2023-07-27,61.85
2023-07-28,58.94
2023-07-29,61.34
2023-07-30,66.37
2023-07-31,66.56
2023-08-01,61.61
2023-08-02,54.86
2023-08-03,46.36
2023-08-04,56.43
2023-08-05,90.26
2023-08-06,85.2
2023-08-07,81.21
2023-08-08,81.45
2023-08-09,83.48
2023-08-10,81.27
2023-08-11,76.16
2023-08-12,81.3
2023-08-13,86.32
2023-08-14,79.03
2023-08-15,78.05
2023-08-16,74.77
2023-08-17,71.59
2023-08-18,77.88
2023-08-19,69.02
2023-08-20,71.77
2023-08-21,80.77
2023-08-22,80.46
2023-08-23,77.25
2023-08-24,67.14
2023-08-25,64.64
2023-08-26,69.46
2023-08-27,76.46
2023-08-28,75.45
2023-08-29,77.29
2023-08-30,74.62
2023-08-31,74.0
2023-09-01,63.06
2023-09-02,65.11
2023-09-03,62.11
2023-09-04,56.53
2023-09-05,61.43
2023-09-06,58.29
2023-09-07,61.69
2023-09-08,62.18
2023-09-09,64.08
2023-09-10,66.3
2023-09-11,82.32
2023-09-12,87.54
2023-09-13,82.47
2023-09-14,74.03
2023-09-15,74.82
2023-09-16,82.79
2023-09-17,77.7
2023-09-18,64.47
2023-09-19,73.88
2023-09-20,76.24
2023-09-21,75.12
2023-09-22,76.58
2023-09-23,78.87
2023-09-24,88.25
2023-09-25,78.36
2023-09-26,66.49
2023-09-27,
2023-09-28,60.37
2023-09-29,62.76
2023-09-30,64.32
2023-10-01,67.8
2023-10-02,65.7
2023-10-03,62.21
2023-10-04,76.41
2023-10-05,78.19
2023-10-06,71.39
2023-10-07,73.44
2023-10-08,63.88
2023-10-09,67.41
2023-10-10,71.65
2023-10-11,72.65
2023-10-12,77.55
2023-10-13,58.11
2023-10-14,60.3
2023-10-15,69.25
2023-10-16,69.75
2023-10-17,62.16
2023-10-18,55.38
2023-10-19,67.21
2023-10-20,57.05
2023-10-21,56.62
2023-10-22,69.1
2023-10-23,76.8
2023-10-24,93.3
2023-10-25,89.45
2023-10-26,80.96
2023-10-27,76.63
2023-10-28,87.24
2023-10-29,92.16
2023-10-30,66.91
2023-10-31,69.74
2023-11-01,
2023-11-02,47.75
2023-11-03,55.64
2023-11-04,72.68
2023-11-05,73.51
2023-11-06,69.35
2023-11-07,69.21
2023-11-08,64.15
2023-11-09,49.69
2023-11-10,63.51
2023-11-11,59.35
2023-11-12,69.55
2023-11-13,71.43
2023-11-14,67.44
2023-11-15,66.45
2023-11-16,79.34
2023-11-17,82.62
2023-11-18,72.49
2023-11-19,82.24
2023-11-20,87.4
2023-11-21,64.74
2023-11-22,64.27
2023-11-23,58.1
2023-11-24,68.75
2023-11-25,84.32
2023-11-26,79.49
2023-11-27,74.11
2023-11-28,60.12
2023-11-29,54.21
2023-11-30,83.09
2023-12-01,91.99
2023-12-02,87.17
2023-12-03,65.17
2023-12-04,55.23
2023-12-05,61.87
2023-12-06,59.52
2023-12-07,55.76
2023-12-08,74.22
2023-12-09,63.08
2023-12-10,54.78
2023-12-11,54.68
2023-12-12,62.06
2023-12-13,62.94
2023-12-14,51.17
2023-12-15,89.62
2023-12-16,83.87
2023-12-17,72.76
2023-12-18,68.92
2023-12-19,52.41
2023-12-20,67.36
2023-12-21,73.54
2023-12-22,91.29
2023-12-23,92.48
2023-12-24,91.24
2023-12-25,71.09
2023-12-26,56.44
2023-12-27,63.9
2023-12-28,74.78
2023-12-29,70.67
2023-12-30,70.2
2023-12-31,79.65
2024-01-01,74.16
2024-01-02,82.76
2024-01-03,81.77
2024-01-04,72.18
2024-01-05,92.43
2024-01-06,86.44
2024-01-07,60.75
2024-01-08,85.11
2024-01-09,78.86
2024-01-10,66.19
2024-01-11,63.2
2024-01-12,65.26
2024-01-13,68.28
2024-01-14,62.19
2024-01-15,61.21
2024-01-16,57.44
2024-01-17,39.02
2024-01-18,57.55
2024-01-19,52.37
2024-01-20,58.86
2024-01-21,57.82
2024-01-22,95.21
2024-01-23,98.77
2024-01-24,99.08
2024-01-25,96.15
2024-01-26,96.62
2024-01-27,92.72
2024-01-28,79.64
2024-01-29,73.65
2024-01-30,71.36
2024-01-31,66.02
2024-02-01,48.13
2024-02-02,78.88
2024-02-03,91.87
2024-02-04,95.45
2024-02-05,80.3
2024-02-06,68.58
2024-02-07,47.21
2024-02-08,45.34
2024-02-09,43.78
2024-02-10,62.61
2024-02-11,77.26
2024-02-12,76.1
2024-02-13,57.97
2024-02-14,50.7
2024-02-15,70.76
2024-02-16,69.18
2024-02-17,57.15
2024-02-18,55.14
2024-02-19,56.3
2024-02-20,56.56
2024-02-21,50.81
2024-02-22,62.83
2024-02-23,53.3
2024-02-24,46.84
2024-02-25,45.56
2024-02-26,43.66
2024-02-27,34.88
2024-02-28,
2024-02-29,66.77
2024-03-01,76.93
2024-03-02,60.4
2024-03-03,60.75
2024-03-04,60.73
2024-03-05,70.24
2024-03-06,72.86
2024-03-07,68.74
2024-03-08,90.75
2024-03-09,59.63
2024-03-10,57.65
2024-03-11,45.76
2024-03-12,59.09
2024-03-13,73.41
2024-03-14,66.66
2024-03-15,71.6
2024-03-16,64.52
2024-03-17,37.44
2024-03-18,46.23
2024-03-19,36.75
2024-03-20,54.59
2024-03-21,81.83
2024-03-22,81.62
2024-03-23,62.85
2024-03-24,70.1
2024-03-25,69.12
2024-03-26,58.51
2024-03-27,68.12
2024-03-28,
2024-03-29,54.63
2024-03-30,70.88
2024-03-31,77.51
2024-04-01,80.76
2024-04-02,74.01
2024-04-03,49.38
2024-04-04,58.3
2024-04-05,47.42
2024-04-06,58.47
2024-04-07,39.83
2024-04-08,53.9
2024-04-09,45.78
2024-04-10,71.45
2024-04-11,51.31
2024-04-12,52.26
2024-04-13,46.91
2024-04-14,60.19
2024-04-15,86.05
2024-04-16,48.86
2024-04-17,58.57
2024-04-18,74.54
2024-04-19,51.99
2024-04-20,41.14
2024-04-21,50.94
2024-04-22,53.7
2024-04-23,60.11
2024-04-24,59.46
2024-04-25,
2024-04-26,79.84
2024-04-27,78.9
2024-04-28,88.89
2024-04-29,69.83
2024-04-30,76.47
2024-05-01,71.11
2024-05-02,80.18
2024-05-03,82.27
2024-05-04,78.07
2024-05-05,92.0
2024-05-06,88.04
2024-05-07,61.58
2024-05-08,70.65
2024-05-09,67.0
2024-05-10,70.93
2024-05-11,67.86
2024-05-12,82.28
2024-05-13,85.52
2024-05-14,71.9
2024-05-15,74.24
2024-05-16,87.05
2024-05-17,83.55
2024-05-18,71.3
2024-05-19,70.95
2024-05-20,72.54
2024-05-21,74.93
2024-05-22,74.69
2024-05-23,82.31
2024-05-24,75.93
2024-05-25,77.27
2024-05-26,71.12
2024-05-27,73.41
2024-05-28,78.57
2024-05-29,82.49
2024-05-30,89.29
2024-05-31,87.64
2024-06-01,81.03
2024-06-02,85.68
2024-06-03,85.23
2024-06-04,80.16
2024-06-05,73.99
2024-06-06,72.16
2024-06-07,71.62
2024-06-08,65.93
2024-06-09,77.14
2024-06-10,72.08
2024-06-11,73.29
2024-06-12,71.96
2024-06-13,70.68
2024-06-14,69.4
2024-06-15,66.4
2024-06-16,67.65
2024-06-17,69.46
2024-06-18,70.57
2024-06-19,72.44
2024-06-20,79.47
2024-06-21,68.86
2024-06-22,61.34
2024-06-23,62.87
2024-06-24,64.31
2024-06-25,67.07
2024-06-26,69.53
2024-06-27,67.14
2024-06-28,64.03
2024-06-29,66.8
2024-06-30,84.08
2024-07-01,70.79
2024-07-02,60.3
2024-07-03,71.57
2024-07-04,73.54
2024-07-05,78.98
2024-07-06,66.68
2024-07-07,81.56
2024-07-08,83.85
2024-07-09,77.65
2024-07-10,67.83
2024-07-11,62.23
2024-07-12,61.82
2024-07-13,63.52
2024-07-14,63.69
2024-07-15,58.99
2024-07-16,66.55
2024-07-17,83.69
2024-07-18,72.49
2024-07-19,67.67
2024-07-20,74.52
2024-07-21,84.96
2024-07-22,80.8
2024-07-23,76.92
2024-07-24,75.26
2024-07-25,76.56
2024-07-26,76.67
2024-07-27,73.2
2024-07-28,71.3
2024-07-29,66.47
2024-07-30,
2024-07-31,64.51
2024-08-01,63.43
2024-08-02,68.15
2024-08-03,65.24
2024-08-04,61.28
2024-08-05,56.47
2024-08-06,46.77
2024-08-07,
2024-08-08,63.05
2024-08-09,55.06
2024-08-10,66.54
2024-08-11,88.83
2024-08-12,81.93
2024-08-13,76.21
2024-08-14,63.56
2024-08-15,71.23
2024-08-16,69.98
2024-08-17,75.84
2024-08-18,72.7
2024-08-19,70.54
2024-08-20,74.72
2024-08-21,69.76
2024-08-22,65.0
2024-08-23,62.36
2024-08-24,60.82
2024-08-25,58.18
2024-08-26,60.62
2024-08-27,65.29
2024-08-28,60.15
2024-08-29,62.78
2024-08-30,79.76
2024-08-31,85.69
2024-09-01,76.19
2024-09-02,70.11
2024-09-03,
2024-09-04,72.18
2024-09-05,70.48
2024-09-06,69.46
2024-09-07,57.52
2024-09-08,59.71
2024-09-09,54.63
2024-09-10,56.61
2024-09-11,61.9
2024-09-12,67.27
2024-09-13,65.03
2024-09-14,67.64
2024-09-15,68.54
2024-09-16,69.88
2024-09-17,76.21
2024-09-18,69.22
2024-09-19,65.89
2024-09-20,58.42
2024-09-21,52.67
2024-09-22,84.76
2024-09-23,90.56
2024-09-24,
2024-09-25,78.25
2024-09-26,74.94
2024-09-27,71.55
2024-09-28,69.36
2024-09-29,69.06
2024-09-30,67.96
2024-10-01,55.06
2024-10-02,57.23
2024-10-03,56.44
2024-10-04,53.61
2024-10-05,56.78
2024-10-06,57.29
2024-10-07,56.39
2024-10-08,53.4
2024-10-09,54.77
2024-10-10,44.32
2024-10-11,39.26
2024-10-12,49.17
2024-10-13,45.48
2024-10-14,42.91
2024-10-15,47.5
2024-10-16,52.85
2024-10-17,42.05
2024-10-18,42.07
2024-10-19,44.24
2024-10-20,57.33
2024-10-21,48.82
2024-10-22,46.34
2024-10-23,62.46
2024-10-24,55.33
2024-10-25,57.28
2024-10-26,53.38
2024-10-27,68.7
2024-10-28,56.75
2024-10-29,57.21
2024-10-30,67.82
2024-10-31,77.24
2024-11-01,74.04
2024-11-02,87.72
2024-11-03,95.22
2024-11-04,95.62
2024-11-05,89.27
2024-11-06,80.53
2024-11-07,77.02
2024-11-08,87.36
2024-11-09,67.27
2024-11-10,67.16
2024-11-11,75.86
2024-11-12,72.02
2024-11-13,67.2
2024-11-14,66.23
2024-11-15,59.19
2024-11-16,63.1
2024-11-17,83.99
2024-11-18,89.16
2024-11-19,69.63
2024-11-20,51.9
2024-11-21,56.42
2024-11-22,75.42
2024-11-23,60.38
2024-11-24,63.98
2024-11-25,70.65
2024-11-26,64.43
2024-11-27,71.71
2024-11-28,70.83
2024-11-29,68.48
2024-11-30,59.11
2024-12-01,81.61
2024-12-02,73.17
2024-12-03,67.68
2024-12-04,67.9
2024-12-05,48.08
2024-12-06,55.6
2024-12-07,50.26
2024-12-08,88.68
2024-12-09,96.71
2024-12-10,66.56
2024-12-11,58.98
2024-12-12,34.36
2024-12-13,68.06
2024-12-14,75.05
2024-12-15,80.33
2024-12-16,67.45
2024-12-17,77.74
2024-12-18,71.02
2024-12-19,73.24
2024-12-20,60.91
2024-12-21,70.24
2024-12-22,62.0
2024-12-23,70.57
2024-12-24,94.34
2024-12-25,93.19
2024-12-26,97.25
2024-12-27,94.44
2024-12-28,89.56
2024-12-29,82.04
2024-12-30,62.59
2024-12-31,65.3
2025-01-01,72.35
2025-01-02,75.61
2025-01-03,81.0
2025-01-04,65.53
2025-01-05,82.19
2025-01-06,62.96
2025-01-07,64.01
2025-01-08,67.65
2025-01-09,79.92
2025-01-10,87.76
2025-01-11,65.99
2025-01-12,71.04
2025-01-13,67.51
2025-01-14,52.35
2025-01-15,71.09
2025-01-16,48.1
2025-01-17,56.56
2025-01-18,54.99
2025-01-19,52.73
2025-01-20,65.32
2025-01-21,56.2
2025-01-22,52.62
2025-01-23,67.15
2025-01-24,49.11
2025-01-25,42.92
2025-01-26,58.17
2025-01-27,63.95
2025-01-28,44.34
2025-01-29,82.56
2025-01-30,94.93
2025-01-31,77.4
2025-02-01,62.91
2025-02-02,48.6
2025-02-03,44.26
2025-02-04,89.28
2025-02-05,97.69
2025-02-06,92.78
2025-02-07,87.82
2025-02-08,77.06
2025-02-09,61.29
2025-02-10,75.57
2025-02-11,86.52
2025-02-12,81.41
2025-02-13,66.99
2025-02-14,69.64
2025-02-15,88.05
2025-02-16,68.39
2025-02-17,64.21
2025-02-18,83.52
2025-02-19,71.84
2025-02-20,61.46
2025-02-21,60.53
2025-02-22,62.17
2025-02-23,42.8
2025-02-24,49.34
2025-02-25,53.44
2025-02-26,53.55
2025-02-27,54.7
2025-02-28,34.5
2025-03-01,56.13
2025-03-02,51.89
2025-03-03,70.18
2025-03-04,74.18
2025-03-05,51.41
2025-03-06,50.58
2025-03-07,44.89
2025-03-08,71.05
2025-03-09,57.47
2025-03-10,45.87
2025-03-11,
2025-03-12,49.1
2025-03-13,49.57
2025-03-14,29.5
2025-03-15,47.42
2025-03-16,37.28
2025-03-17,25.63
2025-03-18,39.81
2025-03-19,43.32
2025-03-20,38.95
2025-03-21,34.85
2025-03-22,49.21
2025-03-23,44.23
2025-03-24,43.66
2025-03-25,46.35
2025-03-26,56.6
2025-03-27,61.36
2025-03-28,78.84
2025-03-29,69.45
2025-03-30,76.3
2025-03-31,69.39
2025-04-01,70.36
2025-04-02,63.47
2025-04-03,82.85
2025-04-04,88.65
2025-04-05,78.36
2025-04-06,63.74
2025-04-07,62.39
2025-04-08,51.1
2025-04-09,46.88
2025-04-10,58.15
2025-04-11,55.91
2025-04-12,38.56
2025-04-13,47.35
2025-04-14,42.68
2025-04-15,52.94
2025-04-16,46.44
2025-04-17,62.93
2025-04-18,68.03
2025-04-19,94.98
2025-04-20,86.76
2025-04-21,70.33
2025-04-22,60.0
2025-04-23,65.56
2025-04-24,86.89
2025-04-25,76.54
2025-04-26,90.39
2025-04-27,85.4
2025-04-28,80.94
2025-04-29,91.39
2025-04-30,93.4
2025-05-01,76.82
2025-05-02,74.95
2025-05-03,70.27
2025-05-04,71.56
2025-05-05,71.52
2025-05-06,89.37
2025-05-07,91.67
2025-05-08,83.87
2025-05-09,76.02
2025-05-10,73.69
2025-05-11,68.16
2025-05-12,71.41
2025-05-13,71.04
2025-05-14,64.89
2025-05-15,65.09
2025-05-16,63.05
2025-05-17,63.27
2025-05-18,83.36
2025-05-19,84.03
2025-05-20,63.45
2025-05-21,70.53
2025-05-22,73.64
2025-05-23,68.87
2025-05-24,82.57
2025-05-25,85.67
2025-05-26,92.54
2025-05-27,90.91
2025-05-28,81.33
2025-05-29,87.53
2025-05-30,76.45
2025-05-31,67.49
2025-06-01,73.21
2025-06-02,75.82
2025-06-03,82.48
2025-06-04,
2025-06-05,88.08
2025-06-06,81.19
2025-06-07,83.41
2025-06-08,78.15
2025-06-09,73.49
2025-06-10,74.79
2025-06-11,77.84
2025-06-12,91.75
2025-06-13,84.97
2025-06-14,90.72
2025-06-15,87.13
2025-06-16,80.35
2025-06-17,82.94
2025-06-18,85.4
2025-06-19,77.94
2025-06-20,71.81
2025-06-21,69.3
2025-06-22,66.59
2025-06-23,71.99
2025-06-24,75.26
2025-06-25,74.74
2025-06-26,79.14
2025-06-27,86.64
2025-06-28,82.28
2025-06-29,71.26
2025-06-30,83.16
2025-07-01,79.61
2025-07-02,83.34
2025-07-03,89.39
2025-07-04,83.1
2025-07-05,83.84
2025-07-06,80.23
2025-07-07,83.6
2025-07-08,84.9
2025-07-09,80.17
2025-07-10,78.54
2025-07-11,69.98
2025-07-12,89.69
2025-07-13,85.21
2025-07-14,82.35
2025-07-15,78.88
2025-07-16,75.65
2025-07-17,82.13
2025-07-18,80.9
2025-07-19,71.52
2025-07-20,72.85
2025-07-21,75.78
2025-07-22,69.06
2025-07-23,73.23
2025-07-24,69.88
2025-07-25,70.99
2025-07-26,74.02
2025-07-27,74.13
2025-07-28,67.97
2025-07-29,70.36
2025-07-30,67.76
2025-07-31,77.61
2025-08-01,88.63
2025-08-02,81.26
2025-08-03,85.48
2025-08-04,80.22
2025-08-05,79.01
2025-08-06,68.22
2025-08-07,68.86
2025-08-08,65.39
2025-08-09,62.48
2025-08-10,70.96
2025-08-11,81.05
2025-08-12,84.03
2025-08-13,79.78
2025-08-14,78.55
2025-08-15,74.14
2025-08-16,70.76
2025-08-17,73.55
2025-08-18,75.11
2025-08-19,78.37
2025-08-20,74.69
2025-08-21,75.44
2025-08-22,76.48
2025-08-23,78.36
2025-08-24,77.02
2025-08-25,89.65
2025-08-26,82.08
2025-08-27,95.25
2025-08-28,91.7
2025-08-29,88.89
2025-08-30,89.05
2025-08-31,87.51
2025-09-01,83.92
2025-09-02,84.08
2025-09-03,79.58
2025-09-04,82.94
2025-09-05,74.69
2025-09-06,71.11
2025-09-07,75.44
2025-09-08,72.15
2025-09-09,67.39
2025-09-10,70.89
2025-09-11,69.2
2025-09-12,70.43
2025-09-13,71.07
2025-09-14,73.43
2025-09-15,69.46
2025-09-16,72.46
2025-09-17,68.55
2025-09-18,
2025-09-19,71.84
2025-09-20,71.55
2025-09-21,82.25
2025-09-22,83.03
2025-09-23,79.53
2025-09-24,84.16
2025-09-25,76.17
2025-09-26,67.18
2025-09-27,64.39
2025-09-28,69.6
2025-09-29,69.71
2025-09-30,69.55
2025-10-01,
2025-10-02,65.43
2025-10-03,65.9
2025-10-04,59.19
2025-10-05,62.18
2025-10-06,66.88
2025-10-07,78.88
2025-10-08,75.71
2025-10-09,71.51
2025-10-10,57.05
2025-10-11,65.81
2025-10-12,51.78
2025-10-13,80.5
2025-10-14,
2025-10-15,69.21
2025-10-16,63.25
2025-10-17,57.81
2025-10-18,70.43
2025-10-19,50.34
2025-10-20,41.73
2025-10-21,59.27
2025-10-22,52.26
2025-10-23,54.62
2025-10-24,91.2
2025-10-25,94.78
2025-10-26,91.38
2025-10-27,89.03
2025-10-28,84.82
2025-10-29,61.88
2025-10-30,78.27
2025-10-31,73.47
2025-11-01,67.27
2025-11-02,66.0
2025-11-03,57.86
2025-11-04,54.26
2025-11-05,69.8
2025-11-06,74.05
2025-11-07,72.18
2025-11-08,61.38
2025-11-09,55.22
2025-11-10,64.55
2025-11-11,41.88
2025-11-12,62.13
2025-11-13,67.66
2025-11-14,70.16
2025-11-15,61.86
2025-11-16,65.16
2025-11-17,65.34
2025-11-18,69.47
2025-11-19,74.52
2025-11-20,95.75
2025-11-21,77.28
2025-11-22,84.28
2025-11-23,92.52
2025-11-24,96.1
2025-11-25,73.13
2025-11-26,58.46
2025-11-27,70.26
2025-11-28,64.03
2025-11-29,71.37
2025-11-30,58.92
2025-12-01,73.06
2025-12-02,66.23
2025-12-03,78.75
2025-12-04,70.22
2025-12-05,82.62
2025-12-06,92.09
2025-12-07,80.07
2025-12-08,75.16
2025-12-09,
2025-12-10,53.55
2025-12-11,43.33
2025-12-12,66.66
2025-12-13,80.05
2025-12-14,62.81
2025-12-15,53.37
2025-12-16,58.0
2025-12-17,82.7
2025-12-18,51.31
2025-12-19,51.18
2025-12-20,42.17
2025-12-21,44.49
2025-12-22,58.2
2025-12-23,80.66
2025-12-24,74.12
2025-12-25,72.52
2025-12-26,65.15
2025-12-27,56.85
2025-12-28,61.31
2025-12-29,54.79
2025-12-30,57.95
2025-12-31,52.02
2026-01-01,56.95
2026-01-02,67.67
2026-01-03,74.55
2026-01-04,77.94
2026-01-05,73.42
2026-01-06,70.74
2026-01-07,56.53
2026-01-08,69.98
2026-01-09,80.48
2026-01-10,55.73
2026-01-11,57.83
2026-01-12,38.24
2026-01-13,30.75
2026-01-14,53.59
2026-01-15,60.65
2026-01-16,50.93
2026-01-17,58.85
2026-01-18,58.42
2026-01-19,60.93
2026-01-20,51.87
2026-01-21,57.87
2026-01-22,62.8
2026-01-23,46.0
2026-01-24,80.59
2026-01-25,73.89
2026-01-26,64.26
2026-01-27,65.14
2026-01-28,64.36
2026-01-29,65.51
2026-01-30,66.48
2026-01-31,55.37
2026-02-01,49.26
2026-02-02,52.04
2026-02-03,67.53
2026-02-04,78.33
2026-02-05,61.14
2026-02-06,54.85
2026-02-07,61.8
2026-02-08,65.07
2026-02-09,62.0
2026-02-10,51.26
2026-02-11,57.93
2026-02-12,60.89
2026-02-13,59.95
2026-02-14,83.83
2026-02-15,69.12
2026-02-16,57.66
2026-02-17,
2026-02-18,23.13
2026-02-19,35.62
2026-02-20,54.94
2026-02-21,56.31
2026-02-22,59.06
2026-02-23,45.06
2026-02-24,33.17
2026-02-25,64.69
2026-02-26,59.73
2026-02-27,49.14
2026-02-28,40.6
2026-03-01,66.15
2026-03-02,87.89
2026-03-03,75.77
2026-03-04,93.2
2026-03-05,88.06
2026-03-06,79.72
2026-03-07,77.74
2026-03-08,58.9
2026-03-09,61.72
2026-03-10,73.09
2026-03-11,66.85
2026-03-12,48.46
2026-03-13,49.5
2026-03-14,64.68
2026-03-15,53.96
2026-03-16,43.24
2026-03-17,31.89
2026-03-18,28.6
2026-03-19,42.33
2026-03-20,47.19
2026-03-21,48.84
2026-03-22,42.68
2026-03-23,46.29
2026-03-24,39.65
2026-03-25,54.88
2026-03-26,55.5
2026-03-27,52.09
2026-03-28,34.97
2026-03-29,45.59
2026-03-30,56.11
2026-03-31,52.51
2026-04-01,69.22
2026-04-02,65.39
2026-04-03,77.68
2026-04-04,66.77
2026-04-05,66.35
2026-04-06,61.05
2026-04-07,57.77
2026-04-08,52.95
2026-04-09,
2026-04-10,82.49
2026-04-11,78.67
2026-04-12,78.37
2026-04-13,72.06
2026-04-14,79.85
2026-04-15,82.08
2026-04-16,76.79
2026-04-17,77.46
2026-04-18,60.87
2026-04-19,49.52
2026-04-20,50.32
2026-04-21,75.83
2026-04-22,88.33
2026-04-23,78.85
2026-04-24,89.22
2026-04-25,91.12
2026-04-26,82.16
2026-04-27,70.57
2026-04-28,81.41
2026-04-29,76.0
2026-04-30,75.23
2026-05-01,71.56
2026-05-02,65.87
2026-05-03,45.46
2026-05-04,56.01
2026-05-05,
2026-05-06,65.36
2026-05-07,60.89
2026-05-08,68.16
2026-05-09,67.34
2026-05-10,84.08
2026-05-11,70.02
2026-05-12,62.03
2026-05-13,61.13
2026-05-14,57.0
2026-05-15,68.18
2026-05-16,63.06
2026-05-17,68.78
2026-05-18,67.95
2026-05-19,91.41
2026-05-20,92.24
2026-05-21,96.26
2026-05-22,85.86
2026-05-23,86.34
2026-05-24,81.28
2026-05-25,74.32
2026-05-26,77.09
2026-05-27,88.43
2026-05-28,86.93
2026-05-29,82.48
2026-05-30,73.33
2026-05-31,69.98
2026-06-01,74.22
2026-06-02,83.99
2026-06-03,84.08
2026-06-04,77.16
2026-06-05,81.56
2026-06-06,91.48
2026-06-07,87.25
2026-06-08,78.95
2026-06-09,76.16
2026-06-10,70.01
2026-06-11,78.61
2026-06-12,82.46
2026-06-13,80.29
2026-06-14,85.08
2026-06-15,75.15
2026-06-16,74.14
2026-06-17,73.5
2026-06-18,82.02
2026-06-19,77.99
2026-06-20,82.35
2026-06-21,83.0
2026-06-22,85.76
2026-06-23,93.28
2026-06-24,88.85
2026-06-25,85.32
2026-06-26,79.13
2026-06-27,78.91
2026-06-28,71.05
2026-06-29,68.87
2026-06-30,67.2
2026-07-01,72.96
2026-07-02,73.39
2026-07-03,76.44
2026-07-04,76.88
2026-07-05,81.65
2026-07-06,77.97
2026-07-07,
2026-07-08,
2026-07-09,64.27
2026-07-10,62.61
2026-07-11,70.31
2026-07-12,80.62
2026-07-13,80.02
2026-07-14,81.32
2026-07-15,81.73
2026-07-16,84.98
2026-07-17,81.45
2026-07-18,78.84
2026-07-19,74.98
2026-07-20,71.69
2026-07-21,65.44
2026-07-22,68.43
2026-07-23,75.74
2026-07-24,88.31
2026-07-25,73.2
2026-07-26,61.47
2026-07-27,58.76
2026-07-28,68.29
2026-07-29,
2026-07-30,66.92
2026-07-31,62.96
2026-08-01,63.16
2026-08-02,73.15
2026-08-03,68.12
2026-08-04,59.44
2026-08-05,53.8
2026-08-06,54.69
2026-08-07,67.28
2026-08-08,63.74
2026-08-09,56.98
2026-08-10,55.18
2026-08-11,54.58
2026-08-12,51.24
2026-08-13,47.98
2026-08-14,49.07
2026-08-15,51.26
2026-08-16,53.19
2026-08-17,80.74
2026-08-18,58.15
2026-08-19,45.52
2026-08-20,60.18
2026-08-21,61.88
2026-08-22,70.44
2026-08-23,65.4
2026-08-24,61.81
2026-08-25,72.04
2026-08-26,
2026-08-27,69.51
2026-08-28,57.48
2026-08-29,48.53
2026-08-30,43.8
2026-08-31,46.84
2026-09-01,53.58
2026-09-02,51.75
2026-09-03,59.77
2026-09-04,59.14
2026-09-05,57.73
2026-09-06,56.08
2026-09-07,54.03
2026-09-08,51.19
