year,month,zip_path,zip_sha256,member,vol_sha256,source_url
2015,jan,research/gathering/raw/091-tmas/20260911T123706Z/zips/jan_2015_ccs_data.zip,5567da75255f570400a38d281ada7f67b8360492335f692722111ad8b9a36560,1. JAN/OK_JAN_2015 (TMAS).VOL,41a668080fef81b41c97e7aa574b81e20feb8fedbd9fb88c528887ea0173178f,https://www.fhwa.dot.gov/policyinformation/tables/tmasdata/2015/jan_2015_ccs_data.zip
2015,feb,research/gathering/raw/091-tmas/20260911T123706Z/zips/feb_2015_ccs_data.zip,3201a3f2050dcf09b15d20e562accd5c5b3dd52e227602ec187bf7a662595177,2. FEB/OK_FEB_2015 (TMAS).VOL,582668b8d41464591de4ee032fd92b2bd9c1496be90e1292aaa48edf9170d059,https://www.fhwa.dot.gov/policyinformation/tables/tmasdata/2015/feb_2015_ccs_data.zip
2015,mar,research/gathering/raw/091-tmas/20260911T123706Z/zips/mar_2015_ccs_data.zip,360689806ecf73d41d0f406a78b83e42a6fdefb01eaa9dc4cb3ca4d1f3a5d9d3,3. MAR/OK_MAR_2015 (TMAS).VOL,35b42e4625236ea49cac654a12397cbc0a5ae67b12575e933fe355bbc92938a4,https://www.fhwa.dot.gov/policyinformation/tables/tmasdata/2015/mar_2015_ccs_data.zip
2015,apr,research/gathering/raw/091-tmas/20260911T123706Z/zips/apr_2015_ccs_data.zip,c1682909cc2054dc15adc500d915052d755f417702d865593fa384d6c59772d7,4. APR/OK_APR_2015 (TMAS).VOL,d5c4f83b15a57d8de546ba861482c0aa11a5c50e8f4d807163c448016b7bd674,https://www.fhwa.dot.gov/policyinformation/tables/tmasdata/2015/apr_2015_ccs_data.zip
2015,may,research/gathering/raw/091-tmas/20260911T123706Z/zips/may_2015_ccs_data.zip,cb06bdc44b97f8a0abfa326d6ce136848b3bbd21194d234ceb99a8e088d625b8,5. MAY/OK_MAY_2015 (TMAS).VOL,dcbf2ca4d0803e5b0d5bece0a766954c249433ee1f3290c383b39bf40fc68d25,https://www.fhwa.dot.gov/policyinformation/tables/tmasdata/2015/may_2015_ccs_data.zip
2015,jun,research/gathering/raw/091-tmas/20260911T123706Z/zips/jun_2015_ccs_data.zip,839f16370cf8ef6ef20819739f3c315b3c81e2994ec80387addcd33dda7b3b33,6. JUN/OK_JUN_2015 (TMAS).VOL,b07443ab0e6e0df2520cd587d92450f00a404e763e3ee5fdefe5f11d465060a7,https://www.fhwa.dot.gov/policyinformation/tables/tmasdata/2015/jun_2015_ccs_data.zip
2015,jul,research/gathering/raw/091-tmas/20260911T123706Z/zips/jul_2015_ccs_data.zip,f5b554878bfd49ebf8bef3ba0ba93cfafa5fb3476dce77c8253819755f583be1,7. JUL/OK_JUL_2015 (TMAS).VOL,5b43d4dfe32f43b8477d98a4253f049bd54fe0bd241df6860639f856bac7e418,https://www.fhwa.dot.gov/policyinformation/tables/tmasdata/2015/jul_2015_ccs_data.zip
2015,aug,research/gathering/raw/091-tmas/20260911T123706Z/zips/aug_2015_ccs_data.zip,c05c599139711b90611d1734952ec7cad0c070069c6ee24f9dd92c3ac2244e85,8. AUG/OK_AUG_2015 (TMAS).VOL,c99d105b5c540d4f7d99126a31a1df475499d7218fd94cd3e7979f3d2300e058,https://www.fhwa.dot.gov/policyinformation/tables/tmasdata/2015/aug_2015_ccs_data.zip
2015,sep,research/gathering/raw/091-tmas/20260911T123706Z/zips/sep_2015_ccs_data.zip,69b0627011df3d2c7f1f73c291dd1453c15a0b30b44a948a4b121bd416017939,9. SEP/OK_SEP_2015 (TMAS).VOL,3dc1c93ab2ed6e8f2298883eeec57f9283102c4228523c4354f57cfcc8bd69fe,https://www.fhwa.dot.gov/policyinformation/tables/tmasdata/2015/sep_2015_ccs_data.zip
2015,oct,research/gathering/raw/091-tmas/20260911T123706Z/zips/oct_2015_ccs_data.zip,51ac0a52a7a1ffcc177b0eac6f01b54db380049948bd7d414b10d5d400ca55ab,10. OCT/OK_OCT_2015 (TMAS).VOL,19202be001454b112f8d76f62534849df62a2cfab927d2d9d8d992007eff62db,https://www.fhwa.dot.gov/policyinformation/tables/tmasdata/2015/oct_2015_ccs_data.zip
2015,nov,research/gathering/raw/091-tmas/20260911T123706Z/zips/nov_2015_ccs_data.zip,bcbf88c1e0906825b5f87c3a2d50b673d1eee4ff2a3d3a3f3f97736f3227ee22,11. NOV/OK_NOV_2015 (TMAS).VOL,eb9db8825cfc98bdae76038b2687d9f1de6a03f4dd8853c50ce9760a68361782,https://www.fhwa.dot.gov/policyinformation/tables/tmasdata/2015/nov_2015_ccs_data.zip
2015,dec,research/gathering/raw/091-tmas/20260911T123706Z/zips/dec_2015_ccs_data.zip,25c9a80c4390a311945071f14cc68cc018dce2fcbd0b6066a7c586ab1e69b023,12. DEC/OK_DEC_2015 (TMAS).VOL,37056389b6bb905514d38197f6692c48a0d04e9aa8acd2491e5b0c4cd8127921,https://www.fhwa.dot.gov/policyinformation/tables/tmasdata/2015/dec_2015_ccs_data.zip
2016,jan,research/gathering/raw/091-tmas/20260911T123706Z/zips/jan_2016_ccs_data.zip,ce83818d72a3bc39a7ee85f94f5a75045b38ea8e6cd3cfb7048296b34cc4a6f6,1. JAN/OK_JAN_2016 (TMAS).VOL,b55243b1f3de6877f395abed7c7bc6fc499a132f51593a78d032ae3caa5c8cf3,https://www.fhwa.dot.gov/policyinformation/tables/tmasdata/2016/jan_2016_ccs_data.zip
2016,feb,research/gathering/raw/091-tmas/20260911T123706Z/zips/feb_2016_ccs_data.zip,50375b97335d45ce8daa2963350cf145cb8275da24cd0dd196696b27cbf10b62,2. FEB/OK_FEB_2016 (TMAS).VOL,1f0fc8e05b2817592caca4d2580fef8de851540194f743b6381b65afacfa980f,https://www.fhwa.dot.gov/policyinformation/tables/tmasdata/2016/feb_2016_ccs_data.zip
2016,mar,research/gathering/raw/091-tmas/20260911T075705Z/zips/mar_2016_ccs_data.zip,a601c66f7c3e30b620c300ca0889a36f1953406e1ef50e4398448734b714e19e,3. MAR/OK_MAR_2016 (TMAS).VOL,d55444cf924034ac4caeec487967be4d601fcf9f51b23c215d1ae0413a8c41ab,https://www.fhwa.dot.gov/policyinformation/tables/tmasdata/2016/mar_2016_ccs_data.zip
2016,apr,research/gathering/raw/091-tmas/20260911T123706Z/zips/apr_2016_ccs_data.zip,033638db3a57b2a27687fd0c722465d3cbdd25d7680002a95a56f1817fa618ce,4. APR/OK_APR_2016 (TMAS).VOL,e6bbab281a985a8aa93c0ca68ff785ca2bdd87eabb0906d34c940832dcf327f7,https://www.fhwa.dot.gov/policyinformation/tables/tmasdata/2016/apr_2016_ccs_data.zip
2016,may,research/gathering/raw/091-tmas/20260911T123706Z/zips/may_2016_ccs_data.zip,cac72cadfaf330df91412f1737ddb51cf319a598ffb1732c83d21b32a13a947d,5. MAY/OK_MAY_2016 (TMAS).VOL,1db7040350272080fd223e9cbcdcf58eadaee6be106a976894c69d83e3924447,https://www.fhwa.dot.gov/policyinformation/tables/tmasdata/2016/may_2016_ccs_data.zip
2016,jun,research/gathering/raw/091-tmas/20260911T123706Z/zips/jun_2016_ccs_data.zip,17bc214109d339a44f0e0de138c58b797ec6db3792c762e896f88c080019f8ac,6. JUN/OK_JUN_2016 (TMAS).VOL,f201ead645bddc213bcaf81b669fecd63b138182c9a1e0bda509082f5ef158f3,https://www.fhwa.dot.gov/policyinformation/tables/tmasdata/2016/jun_2016_ccs_data.zip
2016,jul,research/gathering/raw/091-tmas/20260911T123706Z/zips/jul_2016_ccs_data.zip,60c9dc7fdf5b38ff45b3d420499a39664f661f9427b86aba9eba8888455324a2,7. JUL/OK_JUL_2016 (TMAS).VOL,f3aa357b406f8b04b8168e2106c673faf1f357a3c4db992d9628b814efd56b01,https://www.fhwa.dot.gov/policyinformation/tables/tmasdata/2016/jul_2016_ccs_data.zip
2016,aug,research/gathering/raw/091-tmas/20260911T123706Z/zips/aug_2016_ccs_data.zip,5e4555b318ebb46738159a8ea61760282572fe27e9ad432ff9b8ea9b57270607,8. AUG/OK_AUG_2016 (TMAS).VOL,48b5b29e24954f6dd468eb34b44474570889633a6754aff8f982d6b8af23dce1,https://www.fhwa.dot.gov/policyinformation/tables/tmasdata/2016/aug_2016_ccs_data.zip
2016,sep,research/gathering/raw/091-tmas/20260911T123706Z/zips/sep_2016_ccs_data.zip,5386e06adf3989999bfac4a3bf74471b0855e7f75d572c84cddfb3e8b3ef1a8f,9. SEP/OK_SEP_2016 (TMAS).VOL,632209db0e6d58cb08c30daf7dad81a1042e7154977d6efcd002dc35375fbd51,https://www.fhwa.dot.gov/policyinformation/tables/tmasdata/2016/sep_2016_ccs_data.zip
2016,oct,research/gathering/raw/091-tmas/20260911T123706Z/zips/oct_2016_ccs_data.zip,421da56bc84b494f81afded1f017e6d798d11b6f7e7755bfab97f496685b01c8,10. OCT/OK_OCT_2016 (TMAS).VOL,7366c64aef4fd0918b9b27339e4af5d282cf8229a5d295992bbc49e16d9b6bae,https://www.fhwa.dot.gov/policyinformation/tables/tmasdata/2016/oct_2016_ccs_data.zip
2016,nov,research/gathering/raw/091-tmas/20260911T123706Z/zips/nov_2016_ccs_data.zip,84bb3e8b38abbcfe9fbbe5c2b6773181429b5308989681cce0d5b554f377d3b2,11. NOV/OK_NOV_2016 (TMAS).VOL,5136c44786c84e0fc5395db77bc0de55511ecb404f91cd1ded109f76fc33e5bb,https://www.fhwa.dot.gov/policyinformation/tables/tmasdata/2016/nov_2016_ccs_data.zip
2016,dec,research/gathering/raw/091-tmas/20260911T123706Z/zips/dec_2016_ccs_data.zip,10facfcac5d71ce0041416da461729f593c80109d06ce1436223340aaea3794f,12. DEC/OK_DEC_2016 (TMAS).VOL,9ae7cb097c47b66f79f0e0e0ddd8aaeef514e5d78bdb6d76fad2373dae342bf5,https://www.fhwa.dot.gov/policyinformation/tables/tmasdata/2016/dec_2016_ccs_data.zip
2017,jan,research/gathering/raw/091-tmas/20260911T123706Z/zips/jan_2017_ccs_data.zip,9712c778ab9fd8b6d65082681400c930bc22a1f2aa0767548e1906366c576b17,1. JAN/OK_JAN_2017 (TMAS).VOL,3da40e1e6b46a5f24ce28aa5800aedb9e5ade2da7f34a2ea113db109d650d8bc,https://www.fhwa.dot.gov/policyinformation/tables/tmasdata/2017/jan_2017_ccs_data.zip
2017,feb,research/gathering/raw/091-tmas/20260911T123706Z/zips/feb_2017_ccs_data.zip,d35070bc490514e6dc206f04e0dc046ea31ab240d1be195905cb730e1e02a2e1,2. FEB/OK_FEB_2017 (TMAS).VOL,9d2db2f523ffd9e843a7bbd0198e0eb9ffb5aa606b39028136e0f981e7565862,https://www.fhwa.dot.gov/policyinformation/tables/tmasdata/2017/feb_2017_ccs_data.zip
2017,mar,research/gathering/raw/091-tmas/20260911T123706Z/zips/mar_2017_ccs_data.zip,776afefe9e379da0758005b689468a863ae381a275d82ed21e5faa16872256e3,3. MAR/OK_MAR_2017 (TMAS).VOL,500738a2208658f234a47f9aab4c02761b5eb46e9c204ef757383de99b6595d6,https://www.fhwa.dot.gov/policyinformation/tables/tmasdata/2017/mar_2017_ccs_data.zip
2017,apr,research/gathering/raw/091-tmas/20260911T123706Z/zips/apr_2017_ccs_data.zip,20d3b398803ab000b6c54c6a346cfff1d92fb619ef950792dea893a04d4d0c84,4. APR/OK_APR_2017 (TMAS).VOL,72b3f52c1231f2465ce16c4d279b34f020d9b5ffe1c4b53701ba00ba02482371,https://www.fhwa.dot.gov/policyinformation/tables/tmasdata/2017/apr_2017_ccs_data.zip
2017,may,research/gathering/raw/091-tmas/20260911T123706Z/zips/may_2017_ccs_data.zip,c0dab4b686d7af480d5141d90bd080e587ae490394785637ef34a87fcaba60c4,5. MAY/OK_MAY_2017 (TMAS).VOL,54556e34d1baee3d9c489fd8bd7749df4fe603ccaf1aa544df7a726be97a3fe3,https://www.fhwa.dot.gov/policyinformation/tables/tmasdata/2017/may_2017_ccs_data.zip
2017,jun,research/gathering/raw/091-tmas/20260911T123706Z/zips/jun_2017_ccs_data.zip,4e7e54ce5c020f1914dcf26e3f477e7a06499251eac8391df785604361136a7e,6. JUN/OK_JUN_2017 (TMAS).VOL,ba9ccfbc34554935482c02f71222935bb6947cdad2f137b113a5990accfce7b6,https://www.fhwa.dot.gov/policyinformation/tables/tmasdata/2017/jun_2017_ccs_data.zip
2017,jul,research/gathering/raw/091-tmas/20260911T123706Z/zips/jul_2017_ccs_data.zip,8871c0076628249a9fe630c7b2513477a53c67b873780ed7959261b7c7ba1fc7,7. JUL/OK_JUL_2017 (TMAS).VOL,a400510dbe4b649a6e3d077746aa3329b368e9767ae18171f51c921bad1e2aec,https://www.fhwa.dot.gov/policyinformation/tables/tmasdata/2017/jul_2017_ccs_data.zip
2017,aug,research/gathering/raw/091-tmas/20260911T123706Z/zips/aug_2017_ccs_data.zip,7354b1cf9d523855ea65b566af39cd4209eed4f3339598f83db3b32bed7b6fde,8. AUG/OK_AUG_2017 (TMAS).VOL,5b6812f9574714fa112704fff514c6b86dbfa3524e025be13dae916731050d4f,https://www.fhwa.dot.gov/policyinformation/tables/tmasdata/2017/aug_2017_ccs_data.zip
2017,sep,research/gathering/raw/091-tmas/20260911T123706Z/zips/sep_2017_ccs_data.zip,2ae5bfcdd8042841a856496cf05e74e92f74e3aa9e74ea35c481eb50c657c417,9. SEP/OK_SEP_2017 (TMAS).VOL,0b144555456d9f5dd6f775be73c1b1c3c950bbdb18a52007243bdd40d3438093,https://www.fhwa.dot.gov/policyinformation/tables/tmasdata/2017/sep_2017_ccs_data.zip
2017,oct,research/gathering/raw/091-tmas/20260911T123706Z/zips/oct_2017_ccs_data.zip,b380668026fc3c386ef8d2ffc032a8fe6a52f423a8f7f4ea0aa71ba11d8729a7,10. OCT/OK_OCT_2017 (TMAS).VOL,149b6ce48e813c17445f18fa2ea31b1e617f022bee47df8f146e520805946d4f,https://www.fhwa.dot.gov/policyinformation/tables/tmasdata/2017/oct_2017_ccs_data.zip
2017,nov,research/gathering/raw/091-tmas/20260911T123706Z/zips/nov_2017_ccs_data.zip,d7324ed757810027225b5092188f04ae13708fac841ca7da384d824b89e5a75a,11. NOV/OK_NOV_2017 (TMAS).VOL,904395aec34b7c834fc666d40dd8e72514966c74d505dcc4797cdac78d2c58d5,https://www.fhwa.dot.gov/policyinformation/tables/tmasdata/2017/nov_2017_ccs_data.zip
2017,dec,research/gathering/raw/091-tmas/20260911T123706Z/zips/dec_2017_ccs_data.zip,75d85854874dd5c92b3d08dd2014279c8e5ffa084d96877248804402594c4803,12. DEC/OK_DEC_2017 (TMAS).VOL,c4bf094e89d45e792db71a5088c0a86e7cb69581aa9c38a7d76927f260adbbb5,https://www.fhwa.dot.gov/policyinformation/tables/tmasdata/2017/dec_2017_ccs_data.zip
2018,jan,research/gathering/raw/091-tmas/20260911T123706Z/zips/jan_2018_ccs_data.zip,4e903c7fa55f6e0b4609a15f98a660756d93c22c15f7948070852bb430e2291d,1. JAN/OK_JAN_2018 (TMAS).VOL,054e03dfe47e661e7d490615ca42790a384ee0cc4d9065ef8f2083d5d70e0b7a,https://www.fhwa.dot.gov/policyinformation/tables/tmasdata/2018/jan_2018_ccs_data.zip
2018,feb,research/gathering/raw/091-tmas/20260911T123706Z/zips/feb_2018_ccs_data.zip,f12dd6fda50bdf62fefd2ca963816842da118295e9bbf29df53b35217fda5b6f,2. FEB/OK_FEB_2018 (TMAS).VOL,dc3fc33a2c6471fa9f7bb971c2ab37b3c79b9ec902ee221e91fe907f8c2ad40b,https://www.fhwa.dot.gov/policyinformation/tables/tmasdata/2018/feb_2018_ccs_data.zip
2018,mar,research/gathering/raw/091-tmas/20260911T123706Z/zips/mar_2018_ccs_data.zip,aa36c2e2ce288d54d70cdc6d47d66e70d365d2c91bb03be3f9b76f8d012e1f53,3. MAR/OK_MAR_2018 (TMAS).VOL,21c0c4b87441ae54387016e0fd729b047b9e77435a846b14be9a0a16cf972b02,https://www.fhwa.dot.gov/policyinformation/tables/tmasdata/2018/mar_2018_ccs_data.zip
2018,apr,research/gathering/raw/091-tmas/20260911T123706Z/zips/apr_2018_ccs_data.zip,1a2ae5ea892f2aba322d66dd52a0d67a11b6eceb1c15048bb5955b752b81b3ba,4. APR/OK_APR_2018 (TMAS).VOL,e9a36c5119041ac75e84d73c378d07013ed5142dad56cdc03405c3ec8e535ea2,https://www.fhwa.dot.gov/policyinformation/tables/tmasdata/2018/apr_2018_ccs_data.zip
2018,may,research/gathering/raw/091-tmas/20260911T123706Z/zips/may_2018_ccs_data.zip,8976b81f016b324fc3bd6c83839e8c28f94c5bd19cfbc79d8448d36e38976a66,5. MAY/OK_MAY_2018 (TMAS).VOL,1c50e2bf6548f7c053fadf68f67c274bdaac8e7fa237914cd36db8bb5b9fe568,https://www.fhwa.dot.gov/policyinformation/tables/tmasdata/2018/may_2018_ccs_data.zip
2018,jun,research/gathering/raw/091-tmas/20260911T123706Z/zips/jun_2018_ccs_data.zip,088c789f694030a29165bbed77f1ccc67455cc30f4260f0bca00adf1dfe85597,6. JUN/OK_JUN_2018 (TMAS).VOL,071279c3e48014a88b4aa768ff9d6b67494597398ca35aa864d9e6e490c3df17,https://www.fhwa.dot.gov/policyinformation/tables/tmasdata/2018/jun_2018_ccs_data.zip
2018,jul,research/gathering/raw/091-tmas/20260911T123706Z/zips/jul_2018_ccs_data.zip,118717cad4fb0fa8ee37dfde3767ce985a3064d54f68eb417fa448296625d75f,7. JUL/OK_JUL_2018 (TMAS).VOL,b5dbff572ebe6764a056146d589f86746a52e8dbbd7538b477829c92a2b43e69,https://www.fhwa.dot.gov/policyinformation/tables/tmasdata/2018/jul_2018_ccs_data.zip
2018,aug,research/gathering/raw/091-tmas/20260911T123706Z/zips/aug_2018_ccs_data.zip,de033e1c0727b191b7191908f7c8393cdaa906b366cdef2e7b8e8c7529891471,8. AUG/OK_AUG_2018 (TMAS).VOL,2c36206e6cb988c97e848d3992475444b5377d00527d27e79ce84a19122333cf,https://www.fhwa.dot.gov/policyinformation/tables/tmasdata/2018/aug_2018_ccs_data.zip
2018,sep,research/gathering/raw/091-tmas/20260911T123706Z/zips/sep_2018_ccs_data.zip,ee58feee2d93f8848a828e545c5522bc666053b5e592e150b896f0bd78943d49,9. SEP/OK_SEP_2018 (TMAS).VOL,6491a6b0542400d947cb0cc8acda96fa5a5ef7599e2e8981c8d44947547d9862,https://www.fhwa.dot.gov/policyinformation/tables/tmasdata/2018/sep_2018_ccs_data.zip
2018,oct,research/gathering/raw/091-tmas/20260911T123706Z/zips/oct_2018_ccs_data.zip,abe4f273618c68b364a157cb31cdea3cc7d3512b998fb6f6a912e278b48e247c,10. OCT/OK_OCT_2018 (TMAS).VOL,ffe38da49a3cdd6036d19a872737eba80bb79c28ba75ba01465e45e6a8b6b0e8,https://www.fhwa.dot.gov/policyinformation/tables/tmasdata/2018/oct_2018_ccs_data.zip
2018,nov,research/gathering/raw/091-tmas/20260911T123706Z/zips/nov_2018_ccs_data.zip,d31167fc3828e1bcbf69ae26a7bf4a6c365bf20a01456196741f1f81b76e3dd8,11. NOV/OK_NOV_2018 (TMAS).VOL,b5abd49cb3c0c58ac3e440997e1780dd2cd1d9da3d0a73f5777f9e7377b10299,https://www.fhwa.dot.gov/policyinformation/tables/tmasdata/2018/nov_2018_ccs_data.zip
2018,dec,research/gathering/raw/091-tmas/20260911T123706Z/zips/dec_2018_ccs_data.zip,6c168bb963b6788c29c605dbfffe52a23eaa2a987cfb238dcc8edfdea726d39b,12. DEC/OK_DEC_2018 (TMAS).VOL,215eb944a01322be58c891019815d605ce1b866f665e07db8f9e8c385017cb93,https://www.fhwa.dot.gov/policyinformation/tables/tmasdata/2018/dec_2018_ccs_data.zip
2019,jan,research/gathering/raw/091-tmas/20260912T012812Z/zips/jan_2019_ccs_data.zip,9a744526804c959c21f1ad42a3e2f0846f54d23763ce0a033fbc73747e2be589,january_2019/OK0119.VOL,aa12461bc889740af347c654fcd175c7bf93355049f78852bb551b00f5e827e8,https://www.fhwa.dot.gov/policyinformation/tables/tmasdata/2019/jan_2019_ccs_data.zip
2019,feb,research/gathering/raw/091-tmas/20260912T012812Z/zips/feb_2019_ccs_data.zip,55e258c0426db77210a20dabb42362c5b692a6f0fd767934254d55b947980862,february_2019/OK0219.VOL,8e34b816800b7f61f2968228869b18f5dfb3494876f65f200b03cedac22aeafc,https://www.fhwa.dot.gov/policyinformation/tables/tmasdata/2019/feb_2019_ccs_data.zip
2019,mar,research/gathering/raw/091-tmas/20260912T012812Z/zips/mar_2019_ccs_data.zip,655052fda0daa5908e0186b6a403de6e5692e685429cf5882633db21cc4a55a1,march_2019/OK0319.VOL,f42777823039c118d330777fdabaa19747bcbc523591b21fd75de6dca611323d,https://www.fhwa.dot.gov/policyinformation/tables/tmasdata/2019/mar_2019_ccs_data.zip
2019,apr,research/gathering/raw/091-tmas/20260912T012812Z/zips/apr_2019_ccs_data.zip,1d39a07404b0c95560714d3b3940f8f93f72c6f5885f7aeb0d1b6b3e0c610651,april_2019/OK0419.VOL,4cdcfafa6eb762fa61288d862aa07beb0fb39a2da75960b66305c1eb9f4f064b,https://www.fhwa.dot.gov/policyinformation/tables/tmasdata/2019/apr_2019_ccs_data.zip
2019,may,research/gathering/raw/091-tmas/20260912T012812Z/zips/may_2019_ccs_data.zip,29cd4c598f1da776ad3c66f94738600095274c4245079dde53fa0195b82c87a8,may_2019/OK0519.VOL,a191e72c2659e84341dae352b93ab0d46d3b34cb1946f09f69fba2dce0e98063,https://www.fhwa.dot.gov/policyinformation/tables/tmasdata/2019/may_2019_ccs_data.zip
2019,jun,research/gathering/raw/091-tmas/20260912T012812Z/zips/jun_2019_ccs_data.zip,8bd22364170ecb907cda3153f8beb76527db2a687386a1c91fccf4fc429ab7f7,june_2019/OK0619.VOL,7bc055d739029752b62761679a18369672b9dc5ac4fafeb21d9122dd9ebed313,https://www.fhwa.dot.gov/policyinformation/tables/tmasdata/2019/jun_2019_ccs_data.zip
2019,jul,research/gathering/raw/091-tmas/20260912T012812Z/zips/jul_2019_ccs_data.zip,f7fe995724eef2377acd2ea734beeefb37417c681df268789970f119faf94dd4,july_2019/OK0719.VOL,f94f1d8f40940ffea94eabd1cc9ead6b26c2fe694d6d354b81dca27869453074,https://www.fhwa.dot.gov/policyinformation/tables/tmasdata/2019/jul_2019_ccs_data.zip
2019,aug,research/gathering/raw/091-tmas/20260912T012812Z/zips/aug_2019_ccs_data.zip,c9550364e6bf13a5a9ac5843766d44d795ae0486a3abdeb3804ab4cb53db2b79,august_2019/OK0819.VOL,8a35b24e1025120863ef184f30d0de7f7ed87680ce7281e51337a2fbdd3ae8da,https://www.fhwa.dot.gov/policyinformation/tables/tmasdata/2019/aug_2019_ccs_data.zip
2019,sep,research/gathering/raw/091-tmas/20260912T012812Z/zips/sep_2019_ccs_data.zip,9d98a192a762af7d610acaa27d2368584415103d11589873df50249472d22987,september_2019/OK0919.VOL,ba5e512991dc003e40c5a2d5d0a35cd1c5bb22646e17d323fbd4c2b40e39c066,https://www.fhwa.dot.gov/policyinformation/tables/tmasdata/2019/sep_2019_ccs_data.zip
2019,oct,research/gathering/raw/091-tmas/20260912T012812Z/zips/oct_2019_ccs_data.zip,360c6fe4e4e9412c805ec4f9a754ef83a0548492e0890ee8e9770180b0022bec,october_2019/OK1019.VOL,4471d63d0d24bde0be70cf95f30f6147b66236f9aa6305e454e5deda51f5871f,https://www.fhwa.dot.gov/policyinformation/tables/tmasdata/2019/oct_2019_ccs_data.zip
2019,nov,research/gathering/raw/091-tmas/20260912T012812Z/zips/nov_2019_ccs_data.zip,ba0b48cfdc7a295b4d5b04bc078afb437b983c0c5ecd829bf114cab3641416fd,november_2019/OK1119.VOL,5790ee555ffa6bcac3e3eb0e9cddfe242fb6867b755534791ed4e07afb68d05b,https://www.fhwa.dot.gov/policyinformation/tables/tmasdata/2019/nov_2019_ccs_data.zip
2019,dec,research/gathering/raw/091-tmas/20260912T012812Z/zips/dec_2019_ccs_data.zip,b53c34e861d6b024233497898c943954de1ed40347df09ed42c3be4708d0cf3f,december_2019/OK1219.VOL,013513b22b100802be9e28c50b24262a5fe8c16bca0ea1e93154a5a5df7d8f9a,https://www.fhwa.dot.gov/policyinformation/tables/tmasdata/2019/dec_2019_ccs_data.zip
2020,mar,research/gathering/raw/091-tmas/20260911T082500Z/zips/mar_2020_ccs_data.zip,5bcbffcc1833e89d2b9b7b7b0184f66b3f9ad4706825eca76cb7e7d5c432f15c,03 march_2020/OK_MAR_2020 (TMAS).VOL,f2284e1736496f3acd3b15ad150d97d95040107b34862009de70e15c73218c93,https://www.fhwa.dot.gov/policyinformation/tables/tmasdata/2020/mar_2020_ccs_data.zip
2023,jan,research/gathering/raw/091-tmas/20260911T082500Z/zips/jan_2023_ccs_data.zip,a1ac6438b9ee45bb3d9e35ff0334df01a5142d5655a9187510caa44801d0405e,OK_JAN_2023 (TMAS).VOL,9fe6c5cd5ce9d8f49ec3dfe4b5bfb6919fe51e2ed7c8c15df3e3ddd886ad47a1,https://www.fhwa.dot.gov/policyinformation/tables/tmasdata/2023/jan_2023_ccs_data.zip
2023,feb,research/gathering/raw/091-tmas/20260911T082500Z/zips/feb_2023_ccs_data.zip,83797bf8d592c3c8b006ba1a48a24444fd6d9d179ada55f8c79db4c5374e2552,OK_FEB_2023 (TMAS).VOL,ffffeadcfd28c0b5f5767b61396439b7e866af56864fec72ca00b3df1a53741f,https://www.fhwa.dot.gov/policyinformation/tables/tmasdata/2023/feb_2023_ccs_data.zip
2023,mar,research/gathering/raw/091-tmas/20260911T075705Z/zips/mar_2023_ccs_data.zip,017de6550a69674dbbc4030edcaf6231a32b70a2b572778b0b99f1fd7d6ce827,OK_MAR_2023 (TMAS).VOL,269373638d5b069ca2f411cc966e8196bf2733f1eb404b0df82380ce170d06b4,https://www.fhwa.dot.gov/policyinformation/tables/tmasdata/2023/mar_2023_ccs_data.zip
2023,apr,research/gathering/raw/091-tmas/20260911T082500Z/zips/apr_2023_ccs_data.zip,f9df202f8d387a57be7cf873303cf88cd92a39c14df94aeedbc083af97c6f435,OK_APR_2023 (TMAS).VOL,5444d8d8741f3e7fcd2cbc347c78a64166e1f3a9c29c30161933c6d58c7f816e,https://www.fhwa.dot.gov/policyinformation/tables/tmasdata/2023/apr_2023_ccs_data.zip
2023,may,research/gathering/raw/091-tmas/20260911T082500Z/zips/may_2023_ccs_data.zip,16a33d806f0687b84363d658e711c7b8deb0484b4adce96b2636a06aace98bb0,OK_MAY_2023 (TMAS).VOL,ad0b3d807af9c26febbc7b988cddef62db7b75914634acf831be83299bfe0e6e,https://www.fhwa.dot.gov/policyinformation/tables/tmasdata/2023/may_2023_ccs_data.zip
2023,jun,research/gathering/raw/091-tmas/20260911T082500Z/zips/jun_2023_ccs_data.zip,17eb68361f00f80f37077576dde47163ba3bce1859147b307b64906f0008af0e,OK_JUN_2023 (TMAS).VOL,c7de826ebab72a51078f67f32e7656ec3f359ace89a1917042538fb3976fd969,https://www.fhwa.dot.gov/policyinformation/tables/tmasdata/2023/jun_2023_ccs_data.zip
2023,jul,research/gathering/raw/091-tmas/20260911T082500Z/zips/jul_2023_ccs_data.zip,f38a221373681d1ccafdc4ca92ad47c7859da9fa4a02388484c73ae2792a08cd,OK_JUL_2023 (TMAS).VOL,7b8e82ad74c8dc58b60e2a5445395e52738d81a9fa779fd80311599cc93e6d92,https://www.fhwa.dot.gov/policyinformation/tables/tmasdata/2023/jul_2023_ccs_data.zip
2023,aug,research/gathering/raw/091-tmas/20260911T082500Z/zips/aug_2023_ccs_data.zip,ac6bdecf1b1f7f67c1c10fa6169cbec39aed93093bbfbd1b3ac7c3b97d796732,OK_AUG_2023 (TMAS).VOL,bb6b28969f6e620bda1e8c210adc60aeb7a2390628706d1331837ca4ab978fe6,https://www.fhwa.dot.gov/policyinformation/tables/tmasdata/2023/aug_2023_ccs_data.zip
2023,sep,research/gathering/raw/091-tmas/20260911T082500Z/zips/sep_2023_ccs_data.zip,48c9085c301500f4bc166b9b4cff23644cf56c993c5cb40559a83edf1c6e2e41,OK_SEP_2023 (TMAS).VOL,79c81799812745bf3d69cad0b9c4707eaf6c3d962493aa15dada85dc340bb904,https://www.fhwa.dot.gov/policyinformation/tables/tmasdata/2023/sep_2023_ccs_data.zip
2023,oct,research/gathering/raw/091-tmas/20260911T082500Z/zips/oct_2023_ccs_data.zip,25ebb5e23acc72484bff96519ebd8f58a32a6ecb485859617fca081603ae8213,OK_OCT_2023 (TMAS).VOL,e4d13d7bb4d30639bc458989e7e30961410073b499f272906637d5a81e570888,https://www.fhwa.dot.gov/policyinformation/tables/tmasdata/2023/oct_2023_ccs_data.zip
2023,nov,research/gathering/raw/091-tmas/20260911T082500Z/zips/nov_2023_ccs_data.zip,2a3a8501f80809031efa87257433b684dd1e2f07fdde2ff7124adf942d9d5688,OK_NOV_2023 (TMAS).VOL,9d52717353047fb42e5e23abde3e0758c695a104e9a373f82e6d54603185aacc,https://www.fhwa.dot.gov/policyinformation/tables/tmasdata/2023/nov_2023_ccs_data.zip
2023,dec,research/gathering/raw/091-tmas/20260911T082500Z/zips/dec_2023_ccs_data.zip,88a4446791a5e98aa9d0bdd3be02b969991bd19a7198368934f5ad170a187442,OK_DEC_2023 (TMAS).VOL,55d7ced493cf9d1fb9ef3ef4e1d879a625f4a12fd0c531542a1a2c85a1ec241d,https://www.fhwa.dot.gov/policyinformation/tables/tmasdata/2023/dec_2023_ccs_data.zip
