date,ok_regular,wti,gas_return,wti_return,future_gas_return_1m,future_wti_return_1m
1986-01-01,0.816000,22.930000,,,-0.150735,-0.325774
1986-02-01,0.693000,15.460000,-0.150735,-0.325774,-0.212121,-0.184347
1986-03-01,0.546000,12.610000,-0.212121,-0.184347,0.038462,0.018239
1986-04-01,0.567000,12.840000,0.038462,0.018239,0.134039,0.197819
1986-05-01,0.643000,15.380000,0.134039,0.197819,-0.037325,-0.126788
1986-06-01,0.619000,13.430000,-0.037325,-0.126788,-0.093700,-0.137007
1986-07-01,0.561000,11.590000,-0.093700,-0.137007,-0.024955,0.302847
1986-08-01,0.547000,15.100000,-0.024955,0.302847,0.074954,-0.015232
1986-09-01,0.588000,14.870000,0.074954,-0.015232,-0.093537,0.002017
1986-10-01,0.533000,14.900000,-0.093537,0.002017,0.001876,0.021477
1986-11-01,0.534000,15.220000,0.001876,0.021477,-0.001873,0.058476
1986-12-01,0.533000,16.110000,-0.001873,0.058476,0.101313,0.157666
1987-01-01,0.587000,18.650000,0.101313,0.157666,0.030664,-0.048257
1987-02-01,0.605000,17.750000,0.030664,-0.048257,0.006612,0.030986
1987-03-01,0.609000,18.300000,0.006612,0.030986,0.052545,0.020765
1987-04-01,0.641000,18.680000,0.052545,0.020765,0.012480,0.040685
1987-05-01,0.649000,19.440000,0.012480,0.040685,0.024653,0.032407
1987-06-01,0.665000,20.070000,0.024653,0.032407,0.042105,0.063279
1987-07-01,0.693000,21.340000,0.042105,0.063279,0.028860,-0.048266
1987-08-01,0.713000,20.310000,0.028860,-0.048266,-0.021038,-0.038405
1987-09-01,0.698000,19.530000,-0.021038,-0.038405,-0.032951,0.016897
1987-10-01,0.675000,19.860000,-0.032951,0.016897,0.017778,-0.050856
1987-11-01,0.687000,18.850000,0.017778,-0.050856,-0.059680,-0.083289
1987-12-01,0.646000,17.280000,-0.059680,-0.083289,-0.068111,-0.008681
1988-01-01,0.602000,17.130000,-0.068111,-0.008681,-0.006645,-0.019264
1988-02-01,0.598000,16.800000,-0.006645,-0.019264,0.005017,-0.035714
1988-03-01,0.601000,16.200000,0.005017,-0.035714,0.086522,0.102469
1988-04-01,0.653000,17.860000,0.086522,0.102469,0.038285,-0.024636
1988-05-01,0.678000,17.420000,0.038285,-0.024636,-0.011799,-0.051091
1988-06-01,0.670000,16.530000,-0.011799,-0.051091,0.025373,-0.062311
1988-07-01,0.687000,15.500000,0.025373,-0.062311,0.014556,0.001290
1988-08-01,0.697000,15.520000,0.014556,0.001290,-0.037303,-0.063144
1988-09-01,0.671000,14.540000,-0.037303,-0.063144,-0.044709,-0.052957
1988-10-01,0.641000,13.770000,-0.044709,-0.052957,0.004680,0.026870
1988-11-01,0.644000,14.140000,0.004680,0.026870,-0.023292,0.158416
1988-12-01,0.629000,16.380000,-0.023292,0.158416,-0.036566,0.100122
1989-01-01,0.606000,18.020000,-0.036566,0.100122,0.001650,-0.004440
1989-02-01,0.607000,17.940000,0.001650,-0.004440,0.065898,0.085842
1989-03-01,0.647000,19.480000,0.065898,0.085842,0.210201,0.081622
1989-04-01,0.783000,21.070000,0.210201,0.081622,0.049808,-0.045088
1989-05-01,0.822000,20.120000,0.049808,-0.045088,-0.023114,-0.003479
1989-06-01,0.803000,20.050000,-0.023114,-0.003479,-0.029888,-0.013466
1989-07-01,0.779000,19.780000,-0.029888,-0.013466,-0.092426,-0.060667
1989-08-01,0.707000,18.580000,-0.092426,-0.060667,0.028289,0.054360
1989-09-01,0.727000,19.590000,0.028289,0.054360,-0.004127,0.026034
1989-10-01,0.724000,20.100000,-0.004127,0.026034,-0.052486,-0.011940
1989-11-01,0.686000,19.860000,-0.052486,-0.011940,-0.017493,0.062437
1989-12-01,0.674000,21.100000,-0.017493,0.062437,0.086053,0.083412
1990-01-01,0.732000,22.860000,0.086053,0.083412,-0.016393,-0.032808
1990-02-01,0.720000,22.110000,-0.016393,-0.032808,-0.031944,-0.077793
1990-03-01,0.697000,20.390000,-0.031944,-0.077793,0.078910,-0.096126
1990-04-01,0.752000,18.430000,0.078910,-0.096126,0.014628,-0.012480
1990-05-01,0.763000,18.200000,0.014628,-0.012480,0.002621,-0.082418
1990-06-01,0.765000,16.700000,0.002621,-0.082418,-0.056209,0.104790
1990-07-01,0.722000,18.450000,-0.056209,0.104790,0.308864,0.480217
1990-08-01,0.945000,27.310000,0.308864,0.480217,0.105820,0.227023
1990-09-01,1.045000,33.510000,0.105820,0.227023,0.004785,0.075500
1990-10-01,1.050000,36.040000,0.004785,0.075500,-0.084762,-0.102941
1990-11-01,0.961000,32.330000,-0.084762,-0.102941,-0.096774,-0.156202
1990-12-01,0.868000,27.280000,-0.096774,-0.156202,-0.044931,-0.075147
1991-01-01,0.829000,25.230000,-0.044931,-0.075147,-0.118215,-0.188268
1991-02-01,0.731000,20.480000,-0.118215,-0.188268,0.015048,-0.028320
1991-03-01,0.742000,19.900000,0.015048,-0.028320,0.074124,0.046734
1991-04-01,0.797000,20.830000,0.074124,0.046734,0.013802,0.019203
1991-05-01,0.808000,21.230000,0.013802,0.019203,-0.049505,-0.048987
1991-06-01,0.768000,20.190000,-0.049505,-0.048987,-0.013021,0.059931
1991-07-01,0.758000,21.400000,-0.013021,0.059931,0.052770,0.013551
1991-08-01,0.798000,21.690000,0.052770,0.013551,-0.077694,0.009221
1991-09-01,0.736000,21.890000,-0.077694,0.009221,-0.016304,0.061215
1991-10-01,0.724000,23.230000,-0.016304,0.061215,0.034530,-0.033147
1991-11-01,0.749000,22.460000,0.034530,-0.033147,-0.082777,-0.131790
1991-12-01,0.687000,19.500000,-0.082777,-0.131790,-0.087336,-0.036410
1992-01-01,0.627000,18.790000,-0.087336,-0.036410,0.006380,0.011708
1992-02-01,0.631000,19.010000,0.006380,0.011708,0.066561,-0.004734
1992-03-01,0.673000,18.920000,0.066561,-0.004734,0.050520,0.069239
1992-04-01,0.707000,20.230000,0.050520,0.069239,0.063649,0.037074
1992-05-01,0.752000,20.980000,0.063649,0.037074,0.015957,0.067207
1992-06-01,0.764000,22.390000,0.015957,0.067207,-0.026178,-0.027244
1992-07-01,0.744000,21.780000,-0.026178,-0.027244,-0.010753,-0.020202
1992-08-01,0.736000,21.340000,-0.010753,-0.020202,0.012228,0.025305
1992-09-01,0.745000,21.880000,0.012228,0.025305,-0.021477,-0.008684
1992-10-01,0.729000,21.690000,-0.021477,-0.008684,-0.042524,-0.062241
1992-11-01,0.698000,20.340000,-0.042524,-0.062241,-0.065903,-0.045723
1992-12-01,0.652000,19.410000,-0.065903,-0.045723,-0.006135,-0.019578
1993-01-01,0.648000,19.030000,-0.006135,-0.019578,0.026235,0.055702
1993-02-01,0.665000,20.090000,0.026235,0.055702,0.039098,0.011448
1993-03-01,0.691000,20.320000,0.039098,0.011448,0.047757,-0.003445
1993-04-01,0.724000,20.250000,0.047757,-0.003445,-0.001381,-0.014815
1993-05-01,0.723000,19.950000,-0.001381,-0.014815,-0.012448,-0.043108
1993-06-01,0.714000,19.090000,-0.012448,-0.043108,-0.047619,-0.062860
1993-07-01,0.680000,17.890000,-0.047619,-0.062860,-0.014706,0.006708
1993-08-01,0.670000,18.010000,-0.014706,0.006708,-0.026866,-0.028318
1993-09-01,0.652000,17.500000,-0.026866,-0.028318,0.055215,0.037143
1993-10-01,0.688000,18.150000,0.055215,0.037143,-0.091570,-0.084848
1993-11-01,0.625000,16.610000,-0.091570,-0.084848,-0.171200,-0.125828
1993-12-01,0.518000,14.520000,-0.171200,-0.125828,0.019305,0.035124
1994-01-01,0.528000,15.030000,0.019305,0.035124,0.058712,-0.016633
1994-02-01,0.559000,14.780000,0.058712,-0.016633,0.026834,-0.006766
1994-03-01,0.574000,14.680000,0.026834,-0.006766,0.048780,0.118529
1994-04-01,0.602000,16.420000,0.048780,0.118529,0.034884,0.089525
1994-05-01,0.623000,17.890000,0.034884,0.089525,0.052970,0.065400
1994-06-01,0.656000,19.060000,0.052970,0.065400,0.085366,0.031480
1994-07-01,0.712000,19.660000,0.085366,0.031480,0.053371,-0.065107
1994-08-01,0.750000,18.380000,0.053371,-0.065107,-0.056000,-0.050598
1994-09-01,0.708000,17.450000,-0.056000,-0.050598,-0.103107,0.015473
1994-10-01,0.635000,17.720000,-0.103107,0.015473,0.004724,0.019752
1994-11-01,0.638000,18.070000,0.004724,0.019752,-0.068966,-0.050360
1994-12-01,0.594000,17.160000,-0.068966,-0.050360,0.035354,0.051282
1995-01-01,0.615000,18.040000,0.035354,0.051282,-0.008130,0.029379
1995-02-01,0.610000,18.570000,-0.008130,0.029379,0.039344,-0.001616
1995-03-01,0.634000,18.540000,0.039344,-0.001616,0.072555,0.073355
1995-04-01,0.680000,19.900000,0.072555,0.073355,0.073529,-0.008040
1995-05-01,0.730000,19.740000,0.073529,-0.008040,-0.013699,-0.065350
1995-06-01,0.720000,18.450000,-0.013699,-0.065350,-0.061111,-0.060705
1995-07-01,0.676000,17.330000,-0.061111,-0.060705,-0.032544,0.039815
1995-08-01,0.654000,18.020000,-0.032544,0.039815,0.006116,0.011654
1995-09-01,0.658000,18.230000,0.006116,0.011654,-0.060790,-0.043884
1995-10-01,0.618000,17.430000,-0.060790,-0.043884,-0.021036,0.032129
1995-11-01,0.605000,17.990000,-0.021036,0.032129,0.041322,0.057810
1995-12-01,0.630000,19.030000,0.041322,0.057810,0.025397,-0.008933
1996-01-01,0.646000,18.860000,0.025397,-0.008933,0.006192,0.012195
1996-02-01,0.650000,19.090000,0.006192,0.012195,0.093846,0.117339
1996-03-01,0.711000,21.330000,0.093846,0.117339,0.090014,0.101735
1996-04-01,0.775000,23.500000,0.090014,0.101735,-0.002581,-0.099149
1996-05-01,0.773000,21.170000,-0.002581,-0.099149,0.000000,-0.035427
1996-06-01,0.773000,20.420000,0.000000,-0.035427,-0.028461,0.043095
1996-07-01,0.751000,21.300000,-0.028461,0.043095,-0.006658,0.028169
1996-08-01,0.746000,21.900000,-0.006658,0.028169,0.021448,0.094521
1996-09-01,0.762000,23.970000,0.021448,0.094521,0.014436,0.037964
1996-10-01,0.773000,24.880000,0.014436,0.037964,0.037516,-0.047026
1996-11-01,0.802000,23.710000,0.037516,-0.047026,-0.013716,0.064108
1996-12-01,0.791000,25.230000,-0.013716,0.064108,-0.002528,-0.003964
1997-01-01,0.789000,25.130000,-0.002528,-0.003964,-0.032953,-0.117390
1997-02-01,0.763000,22.180000,-0.032953,-0.117390,-0.017038,-0.054554
1997-03-01,0.750000,20.970000,-0.017038,-0.054554,-0.024000,-0.060563
1997-04-01,0.732000,19.700000,-0.024000,-0.060563,0.047814,0.056853
1997-05-01,0.767000,20.820000,0.047814,0.056853,0.011734,-0.074928
1997-06-01,0.776000,19.260000,0.011734,-0.074928,-0.039948,0.020768
1997-07-01,0.745000,19.660000,-0.039948,0.020768,0.067114,0.014751
1997-08-01,0.795000,19.950000,0.067114,0.014751,-0.028931,-0.007519
1997-09-01,0.772000,19.800000,-0.028931,-0.007519,-0.076425,0.077273
1997-10-01,0.713000,21.330000,-0.076425,0.077273,-0.025245,-0.053446
1997-11-01,0.695000,20.190000,-0.025245,-0.053446,-0.082014,-0.092125
1997-12-01,0.638000,18.330000,-0.082014,-0.092125,-0.056426,-0.087834
1998-01-01,0.602000,16.720000,-0.056426,-0.087834,-0.038206,-0.039474
1998-02-01,0.579000,16.060000,-0.038206,-0.039474,0.024180,-0.058531
1998-03-01,0.593000,15.120000,0.024180,-0.058531,0.010118,0.015212
1998-04-01,0.599000,15.350000,0.010118,0.015212,0.043406,-0.028664
1998-05-01,0.625000,14.910000,0.043406,-0.028664,-0.008000,-0.079812
1998-06-01,0.620000,13.720000,-0.008000,-0.079812,-0.003226,0.032799
1998-07-01,0.618000,14.170000,-0.003226,0.032799,-0.046926,-0.049400
1998-08-01,0.589000,13.470000,-0.046926,-0.049400,-0.030560,0.115813
1998-09-01,0.571000,15.030000,-0.030560,0.115813,0.019264,-0.037924
1998-10-01,0.582000,14.460000,0.019264,-0.037924,-0.101375,-0.100968
1998-11-01,0.523000,13.000000,-0.101375,-0.100968,-0.141491,-0.126923
1998-12-01,0.449000,11.350000,-0.141491,-0.126923,0.035635,0.103084
1999-01-01,0.465000,12.520000,0.035635,0.103084,0.017204,-0.040735
1999-02-01,0.473000,12.010000,0.017204,-0.040735,0.152220,0.222315
1999-03-01,0.545000,14.680000,0.152220,0.222315,0.198165,0.179155
1999-04-01,0.653000,17.310000,0.198165,0.179155,-0.007657,0.023686
1999-05-01,0.648000,17.720000,-0.007657,0.023686,-0.020062,0.011287
1999-06-01,0.635000,17.920000,-0.020062,0.011287,0.166929,0.187500
1999-08-01,0.741000,21.280000,0.166929,0.187500,0.062078,0.118421
1999-09-01,0.787000,23.800000,0.062078,0.118421,-0.034307,-0.046639
1999-10-01,0.760000,22.690000,-0.034307,-0.046639,-0.005263,0.101807
1999-11-01,0.756000,25.000000,-0.005263,0.101807,0.031746,0.044000
1999-12-01,0.780000,26.100000,0.031746,0.044000,0.055128,0.044444
2000-01-01,0.823000,27.260000,0.055128,0.044444,0.159174,0.077403
2000-02-01,0.954000,29.370000,0.159174,0.077403,0.102725,0.016003
2000-03-01,1.052000,29.840000,0.102725,0.016003,-0.117871,-0.138070
2000-04-01,0.928000,25.720000,-0.117871,-0.138070,0.095905,0.119362
2000-05-01,1.017000,28.790000,0.095905,0.119362,0.217306,0.105245
2000-06-01,1.238000,31.820000,0.217306,0.105245,-0.151050,-0.066625
2000-07-01,1.051000,29.700000,-0.151050,-0.066625,-0.092293,0.052525
2000-08-01,0.954000,31.260000,-0.092293,0.052525,0.127883,0.083813
2000-09-01,1.076000,33.880000,0.127883,0.083813,-0.032528,-0.022727
2000-10-01,1.041000,33.110000,-0.032528,-0.022727,-0.034582,0.039565
2000-11-01,1.005000,34.420000,-0.034582,0.039565,-0.115423,-0.173736
2000-12-01,0.889000,28.440000,-0.115423,-0.173736,0.076490,0.040436
2001-01-01,0.957000,29.590000,0.076490,0.040436,0.002090,0.000676
2001-02-01,0.959000,29.610000,0.002090,0.000676,-0.059437,-0.079703
2001-03-01,0.902000,27.250000,-0.059437,-0.079703,0.216186,0.008807
2001-04-01,1.097000,27.490000,0.216186,0.008807,0.148587,0.041470
2001-05-01,1.260000,28.630000,0.148587,0.041470,-0.167460,-0.035976
2001-06-01,1.049000,27.600000,-0.167460,-0.035976,-0.209724,-0.042391
2001-07-01,0.829000,26.430000,-0.209724,-0.042391,0.213510,0.035566
2001-08-01,1.006000,27.370000,0.213510,0.035566,0.112326,-0.042748
2001-09-01,1.119000,26.200000,0.112326,-0.042748,-0.319929,-0.153817
2001-10-01,0.761000,22.170000,-0.319929,-0.153817,-0.134034,-0.114118
2001-11-01,0.659000,19.640000,-0.134034,-0.114118,-0.069803,-0.012729
2001-12-01,0.613000,19.390000,-0.069803,-0.012729,0.079935,0.017019
2002-01-01,0.662000,19.720000,0.079935,0.017019,-0.016616,0.050710
2002-02-01,0.651000,20.720000,-0.016616,0.050710,0.270353,0.183880
2002-03-01,0.827000,24.530000,0.270353,0.183880,0.102781,0.067265
2002-04-01,0.912000,26.180000,0.102781,0.067265,-0.026316,0.032850
2002-05-01,0.888000,27.040000,-0.026316,0.032850,-0.029279,-0.056213
2002-06-01,0.862000,25.520000,-0.029279,-0.056213,0.077726,0.056818
2002-07-01,0.929000,26.970000,0.077726,0.056818,-0.022605,0.052651
2002-08-01,0.908000,28.390000,-0.022605,0.052651,0.020925,0.044734
2002-09-01,0.927000,29.660000,0.020925,0.044734,0.084142,-0.027647
2002-10-01,1.005000,28.840000,0.084142,-0.027647,-0.096517,-0.086338
2002-11-01,0.908000,26.350000,-0.096517,-0.086338,-0.028634,0.118027
2002-12-01,0.882000,29.460000,-0.028634,0.118027,0.085034,0.118466
2003-01-01,0.957000,32.950000,0.085034,0.118466,0.178683,0.087405
2003-02-01,1.128000,35.830000,0.178683,0.087405,0.015957,-0.064750
2003-03-01,1.146000,33.510000,0.015957,-0.064750,-0.116056,-0.159355
2003-04-01,1.013000,28.170000,-0.116056,-0.159355,0.001974,-0.002130
2003-05-01,1.015000,28.110000,0.001974,-0.002130,-0.007882,0.090715
2003-06-01,1.007000,30.660000,-0.007882,0.090715,0.021847,0.003262
2003-07-01,1.029000,30.760000,0.021847,0.003262,0.122449,0.026333
2003-08-01,1.155000,31.570000,0.122449,0.026333,-0.051082,-0.103263
2003-09-01,1.096000,28.310000,-0.051082,-0.103263,-0.061131,0.071706
2003-10-01,1.029000,30.340000,-0.061131,0.071706,-0.072886,0.025379
2003-11-01,0.954000,31.110000,-0.072886,0.025379,0.000000,0.032787
2003-12-01,0.954000,32.130000,0.000000,0.032787,0.133124,0.067849
2004-01-01,1.081000,34.310000,0.133124,0.067849,0.040703,0.011075
2004-02-01,1.125000,34.690000,0.040703,0.011075,0.074667,0.059095
2004-03-01,1.209000,36.740000,0.074667,0.059095,0.050455,0.000272
2004-04-01,1.270000,36.750000,0.050455,0.000272,0.167717,0.096054
2004-05-01,1.483000,40.280000,0.167717,0.096054,-0.062036,-0.055859
2004-06-01,1.391000,38.030000,-0.062036,-0.055859,-0.010784,0.072311
2004-07-01,1.376000,40.780000,-0.010784,0.072311,-0.012355,0.101030
2004-08-01,1.359000,44.900000,-0.012355,0.101030,-0.007358,0.023163
2004-09-01,1.349000,45.940000,-0.007358,0.023163,0.094144,0.159774
2004-10-01,1.476000,53.280000,0.094144,0.159774,-0.050813,-0.090278
2004-11-01,1.401000,48.470000,-0.050813,-0.090278,-0.098501,-0.109759
2004-12-01,1.263000,43.150000,-0.098501,-0.109759,0.057799,0.085516
2005-01-01,1.336000,46.840000,0.057799,0.085516,0.073353,0.027968
2005-02-01,1.434000,48.150000,0.073353,0.027968,0.139470,0.125441
2005-03-01,1.634000,54.190000,0.139470,0.125441,0.057528,-0.022329
2005-04-01,1.728000,52.980000,0.057528,-0.022329,-0.067708,-0.059456
2005-05-01,1.611000,49.830000,-0.067708,-0.059456,0.033520,0.130845
2005-06-01,1.665000,56.350000,0.033520,0.130845,0.064264,0.047028
2005-07-01,1.772000,59.000000,0.064264,0.047028,0.145598,0.101525
2005-08-01,2.030000,64.990000,0.145598,0.101525,0.145813,0.009232
2005-09-01,2.326000,65.590000,0.145813,0.009232,-0.119089,-0.050770
2005-10-01,2.049000,62.260000,-0.119089,-0.050770,-0.197657,-0.063283
2005-11-01,1.644000,58.320000,-0.197657,-0.063283,0.019465,0.018690
2005-12-01,1.676000,59.410000,0.019465,0.018690,0.073389,0.102340
2006-01-01,1.799000,65.490000,0.073389,0.102340,-0.020011,-0.058940
2006-02-01,1.763000,61.630000,-0.020011,-0.058940,0.119682,0.017199
2006-03-01,1.974000,62.690000,0.119682,0.017199,0.147416,0.107673
2006-04-01,2.265000,69.440000,0.147416,0.107673,0.003974,0.020161
2006-05-01,2.274000,70.840000,0.003974,0.020161,0.010994,0.001553
2006-06-01,2.299000,70.950000,0.010994,0.001553,0.072640,0.048767
2006-07-01,2.466000,74.410000,0.072640,0.048767,-0.005677,-0.018412
2006-08-01,2.452000,73.040000,-0.005677,-0.018412,-0.229608,-0.126506
2006-09-01,1.889000,63.800000,-0.229608,-0.126506,-0.109052,-0.076959
2006-10-01,1.683000,58.890000,-0.109052,-0.076959,0.005348,0.003226
2006-11-01,1.692000,59.080000,0.005348,0.003226,0.033688,0.048747
2006-12-01,1.749000,61.960000,0.033688,0.048747,-0.061178,-0.120239
2007-01-01,1.642000,54.510000,-0.061178,-0.120239,0.049330,0.087507
2007-02-01,1.723000,59.280000,0.049330,0.087507,0.186883,0.019568
2007-03-01,2.045000,60.440000,0.186883,0.019568,0.124694,0.058570
2007-04-01,2.300000,63.980000,0.124694,0.058570,0.178696,-0.008128
2007-05-01,2.711000,63.460000,0.178696,-0.008128,-0.062707,0.063505
2007-06-01,2.541000,67.490000,-0.062707,0.063505,0.024006,0.098237
2007-07-01,2.602000,74.120000,0.024006,0.098237,-0.078401,-0.023745
2007-08-01,2.398000,72.360000,-0.078401,-0.023745,0.016264,0.104478
2007-09-01,2.437000,79.920000,0.016264,0.104478,-0.061551,0.073574
2007-10-01,2.287000,85.800000,-0.061551,0.073574,0.126804,0.104545
2007-11-01,2.577000,94.770000,0.126804,0.104545,-0.059371,-0.032500
2007-12-01,2.424000,91.690000,-0.059371,-0.032500,0.021865,0.013960
2008-01-01,2.477000,92.970000,0.021865,0.013960,0.022204,0.026030
2008-02-01,2.532000,95.390000,0.022204,0.026030,0.070695,0.105462
2008-03-01,2.711000,105.450000,0.070695,0.105462,0.070823,0.067615
2008-04-01,2.903000,112.580000,0.070823,0.067615,0.122287,0.113875
2008-05-01,3.258000,125.400000,0.122287,0.113875,0.053407,0.067624
2008-06-01,3.432000,133.880000,0.053407,0.067624,0.010490,-0.003809
2008-07-01,3.468000,133.370000,0.010490,-0.003809,-0.096309,-0.125216
2008-08-01,3.134000,116.670000,-0.096309,-0.125216,-0.008296,-0.107654
2008-09-01,3.108000,104.110000,-0.008296,-0.107654,-0.260296,-0.264144
2008-10-01,2.299000,76.610000,-0.260296,-0.264144,-0.352327,-0.251925
2008-11-01,1.489000,57.310000,-0.352327,-0.251925,-0.214909,-0.282499
2008-12-01,1.169000,41.120000,-0.214909,-0.282499,0.112062,0.014348
2009-01-01,1.300000,41.710000,0.112062,0.014348,0.047692,-0.062815
2009-02-01,1.362000,39.090000,0.047692,-0.062815,0.043319,0.226401
2009-03-01,1.421000,47.940000,0.043319,0.226401,0.057706,0.035670
2009-04-01,1.503000,49.650000,0.057706,0.035670,0.194278,0.188922
2009-05-01,1.795000,59.030000,0.194278,0.188922,0.174930,0.179739
2009-06-01,2.109000,69.640000,0.174930,0.179739,-0.079184,-0.078834
2009-07-01,1.942000,64.150000,-0.079184,-0.078834,0.067971,0.107560
2009-08-01,2.074000,71.050000,0.067971,0.107560,-0.073770,-0.023082
2009-09-01,1.921000,69.410000,-0.073770,-0.023082,0.030193,0.090909
2009-10-01,1.979000,75.720000,0.030193,0.090909,0.051541,0.029979
2009-11-01,2.081000,77.990000,0.051541,0.029979,-0.013455,-0.045134
2009-12-01,2.053000,74.470000,-0.013455,-0.045134,0.044812,0.051833
2010-01-01,2.145000,78.330000,0.044812,0.051833,-0.035897,-0.024767
2010-02-01,2.068000,76.390000,-0.035897,-0.024767,0.081721,0.062966
2010-03-01,2.237000,81.200000,0.081721,0.062966,0.029951,0.038054
2010-04-01,2.304000,84.290000,0.029951,0.038054,-0.003906,-0.125163
2010-05-01,2.295000,73.740000,-0.003906,-0.125163,-0.050109,0.021698
2010-06-01,2.180000,75.340000,-0.050109,0.021698,0.020183,0.013008
2010-07-01,2.224000,76.320000,0.020183,0.013008,-0.011691,0.003669
2010-08-01,2.198000,76.600000,-0.011691,0.003669,-0.001820,-0.017755
2010-09-01,2.194000,75.240000,-0.001820,-0.017755,0.025980,0.088384
2010-10-01,2.251000,81.890000,0.025980,0.088384,0.012883,0.028819
2010-11-01,2.280000,84.250000,0.012883,0.028819,0.055263,0.058160
2010-12-01,2.406000,89.150000,0.055263,0.058160,0.056941,0.000224
2011-01-01,2.543000,89.170000,0.056941,0.000224,0.044829,-0.006617
2011-02-01,2.657000,88.580000,0.044829,-0.006617,,
