station_id,distance_km,lat,lon,counties,routes,f_systems,directions,lanes,num_lanes,class_types,year_est,rows,location
AVC040,9.164,35.985914,-96.868845,119,SH-18,4R,3;7,1,1,H,00,2,"H-33, 0.50 miles E of SH-18, W of Cus"
AVC047,31.271,35.709769,-96.837691,081,SH-66,5R,3;7,1,1,H,06,2,"H-66, 2.40 miles E of SH-18N, E of Ch"
AVC032,36.960,36.115898,-97.144951,119,SH-51,4U,3;7,1;2,2,H,00,4,"H-51, 3.50 miles E of SH-51C, W of St"
AVC013,59.541,36.093075,-96.118403,143,SH-97,3U,1;5,1;2,2,H,95,4,"H-97, 3.00 miles S of US-412, in Sand"
AVC009,63.537,36.065198,-96.067460,037,SH-66,3U,3;7,1;2,2,H,95,4,"H-66, 1.40 miles E of 81st St, in Sap"
AVC504,64.833,35.733785,-97.416162,083,I-35,1R,1;5,1;2,2,H,18,4,"-35, 0.50 miles N of Waterloo Rd"
WIM104,64.833,35.733785,-97.416162,083,I-35,1R,1;5,1;2,2,H,95,4,"-35, 0.50 miles N of Waterloo Rd"
AVC070,65.516,35.407804,-96.912091,125,SH-18,5R,1;5,1;2,2,H,09,4,"H-18, 1.62 miles N of I-40"
AVC018,67.064,36.158405,-96.052295,143,US-64,2U,3;7,1;2;3,3,H,95,6,"S-64, 0.38 miles W of 49th W Ave, E o"
AVC011,67.988,36.000580,-96.011541,143,US-75,2U,1;5,1;2,2,H,06,4,"S-75, 0.80 miles N of SH-117, in Jenk"
AVC063,70.204,36.134564,-96.008202,143,I-244,1U,3;7,1;2;3,3,H,00,6,"-244, 0.30 miles N of 23rd St OP"
AVC005,72.217,35.493143,-97.289381,109,US-62,3U,3;7,1;2,2,H,95,4,"S-62, 9.75 miles E of I-35, in Chocta"
AVC064,77.386,36.159375,-95.933405,143,I-244,1U,3;7,1;2;3;4,4,H,07,8,"-244, 0.40 miles E of Harvard Ave"
AVC014,79.259,36.008532,-95.886450,143,US-64,3U,1;5,1;2;3,3,H,95,6,"S-64 (Memorial Rd), 1.10 miles S of t"
AVC041,79.289,36.676737,-96.982348,113,US-60,3R,3;7,1,1,H,06,2,"S-60, 4.90 miles E of US-177, E of Po"
AVC071,79.346,35.720562,-97.584663,109,SH-74,5R,1;5,1;2,2,H,09,4,"H-74, 0.32 miles S of Waterloo Rd"
AVC067,79.925,35.398339,-97.278181,109,I-40,1R,3;7,1;2,2,H,05,4,"-40, 0.80 miles E of I-240"
AVC035,80.867,35.664581,-95.961864,111,US-75,3U,1;5,1;2,2,H,00,4,"S-75, 3.80 miles N of US-62, in Okmul"
AVC024,82.054,35.563772,-97.513710,109,US-77,2U,1;5,1;2;3;4,4,H,00,8,"S-77, 0.1 miles S of Britton Rd"
AVC026,82.073,35.534553,-97.487461,109,I-44,1U,3;7,1;2;3,3,H,00,6,"-44, 0.40 miles E of Kelly Ave, in Ok"
AVC068,82.815,36.113526,-95.859627,143,US-169,2U,1;5,1;2;3,3,H,08,6,"S-169, 0.35 miles S of 31st St"
AVC008,84.301,35.439393,-97.415171,109,I-40,1U,3;7,1;2;3,3,H,95,6,"-40, 3.80 miles E of I-35, in Midwest"
AVC056,84.854,35.474792,-97.465942,109,I-35,1U,1;5,1;2;3,3,H,00,6,"-35, 0.40 miles S of NE 10th St"
AVC010,85.404,36.191865,-95.851645,143,US-169,2U,1;5,1;2;3,3,H,95,6,"S-169, 2.10 miles N of I-244, in Tuls"
AVC019,85.486,36.154064,-95.839130,143,I-44,1U,3;7,1;2;3,3,H,95,6,"-44, 200 ft W of Exit 236 (129th E. A"
AVC025,85.498,36.083363,-95.823969,143,SH-51,2U,3;7,1;2;3;4,4,H,00,8,"H-51, 0.50 miles W of 145th Ave"
AVC506,85.837,35.429580,-96.106891,107,I-40,1R,3;7,1;2,2,H,18,4,"-40, 0.94 miles E of US-75 S, E of Ok"
WIM006,85.837,35.429580,-96.106891,107,I-40,1R,3;7,1;2,2,H,95,4,"-40, 0.94 miles E of US-75 S, E of Ok"
AVC012,86.803,36.220498,-95.845791,143,US-266,3U,3;7,1;2,2,H,95,4,"S-266, 0.40 miles E of US-169, in Tul"
AVC065,87.739,35.547179,-97.575943,109,0074On H,2U,1;5,1;2;3,3,H,00,6,"efner Pkwy, 0.70 miles N of 63rd St B"
AVC053,88.574,35.192057,-96.674944,133,SH-3,3U,1;5,1;2,2,H,00,4,"H-99, 2.10 miles S of US-270, S of Se"
AVC072,89.505,35.456150,-97.514341,000;109,I-40;I0000040,1U,3;7,1;2;3;4;5,4,H;N,95,9,"-40 Crosstown, EB 265 ft W of Shields | On EBL's of Crosstown w of sh"
AVC073,89.509,35.456166,-97.514425,109,I-40,1U,7,1;2;3;4;5,5,H,95,5,"-40 Crosstown, EB 265 ft W of Shields"
AVC020,89.823,35.426878,-97.486054,109,I-35,1U,1;5,1;2;3,3,H,00,6,"-35, 500 ft S of the Grand Ave (SE 36"
AVC503,90.306,35.391216,-97.449054,109,I-240,1U,3;7,1;2,2,H,18,4,"-240, 2.57 miles E of I-35, in Oklaho"
WIM003,90.306,35.391216,-97.449054,109,I-240,1U,3;7,1;2,2,H,95,4,"-240, 2.57 miles E of I-35, in Oklaho"
AVC006,90.921,35.511223,-97.588050,109,0066On 3,3U,3;7,1;2;3,3,H,95,6,"9th St (SH-66), 1.00 miles W of I-44,"
AVC023,94.361,35.441676,-97.569755,109,I-44,1U,3;7,1;2;3,3,H,00,6,"-44, 0.5 miles N of SW 29th St , in O"
AVC069,94.380,35.376128,-97.494896,027,I-35,1U,1;5,1;2;3,3,H,09,6,"-35, at S end of SE 89th Street Bridg"
AVC016,95.028,36.695319,-97.357117,071,US-60,4R,3;7,1,1,H,95,2,"S-60, 0.60 miles W of I-35"
AVC007,95.951,35.460018,-97.610468,109,I-40,1U,3;7,1;2;3,3,H,95,6,"-40, 2.00 miles W of I-44, in Oklahom"
AVC061,96.054,35.391324,-97.539482,109,I-240,1U,3;7,1;2;3,3,H,00,6,"-240, 2.00 miles E of I-44, in Oklaho"
AVC039,98.576,36.116521,-97.851394,073,SH-51,5R,3;7,1,1,H,06,2,"H-51, 2.60 miles E of US-81, E of Hen"
AVC527,99.236,36.746220,-97.345729,000,35,1R,1;5,1;2,2,H,18,4,On I-35_3.50 miles N of US-60_S of Blackwell
WIM027,99.236,36.746220,-97.345729,071,I-35,1R,1;5,1;2,2,H,00,4,"-35, 3.50 miles N of US-60, S of Blac"
AVC001,99.416,35.334288,-97.521508,027,SH-37,4U,3;7,1;2,2,H,95,4,"H-37, 1.70 miles W of I-35, in Moore"
AVC050,100.268,35.239666,-96.142872,063,SH-9,5R,3;7,1,1,H,06,2,"H-9, 6.00 miles E of US-75, E of Wetu"
WIM001,103.956,36.636906,-95.935272,147,US-75,3R,1;5,1;2,2,H,95,4,"S-75, 6.30 miles S of US-60, S of Bar"
AVC501,103.956,36.636906,-95.935272,147,US-75,3R,1;5,1;2,2,H,18,4,"S-75, 6.30 miles S of US-60, S of Bar"
AVC002,107.617,35.170749,-97.410023,027,US-77,3U,1;5,1;2,2,H,95,4,"S-77, 1.10 miles S of SH-9, in Norman"
AVC003,108.450,35.181552,-97.446692,027,SH-9,2U,3;7,1;2,2,H,95,4,"H-9, 2.10 miles E of I-35, in Norman"
AVC004,109.510,35.391728,-97.734781,017,SH-152,3U,3;7,1;2,2,H,95,4,"H-152, 0.55 miles W of SH-4, in Musta"
AVC528,110.190,35.500670,-97.832111,017,I-40,1R,3;7,1;2;3,3,H,18,6,"-40, 300 ft W of Gregory Road"
WIM028,110.190,35.500670,-97.832111,017,I-40,1R,3;7,1;2;3,3,H,00,6,"-40, 300 ft W of Gregory Road"
WIM030,112.360,35.158591,-97.481714,087,I-35,1U,1;5,1;2,2,H,00,4,"-35, 0.47 miles W of SH-74"
AVC530,112.360,35.158591,-97.481714,087,I-35,1U,1;5,1;2,2,H,18,4,"-35, 0.47 miles W of SH-74"
AVC034,116.579,36.536745,-97.872704,000,60,4R,3;7,1,2,H,07,2,On US-60_5.00 miles E of SH-45_N of Enid
WIM031,119.149,35.035049,-97.375811,087,I-35,1U,1;5,1;2,2,H,00,4,"-35, 0.92 miles S of Exit 95, near Pu"
AVC031,123.742,36.996934,-97.343224,071,I-35,1R,1;5,1;2,2,H,00,4,"-35, 0.10 miles S of the Kansas/Oklah"
AVC030,124.114,35.626048,-95.463849,101,US-69,3R,1;5,1;2,2,H,06,4,"S-69, 11.30 miles N  of US-266, S of"
AVC516,125.674,36.169629,-95.387364,097,US-412,3R,3;7,1;2,2,H,18,4,"S-412, 2.60 miles W of US-69, W of Ch"
WIM016,125.674,36.169629,-95.387364,097,US-412,3R,3;7,1;2,2,H,95,4,"S-412, 2.60 miles W of US-69, W of Ch"
AVC505,126.497,36.074065,-95.364597,145,US-69,3R,1;5,1;2,2,H,18,4,"S-69, 6.50 miles S of US-412, S of Ch"
WIM005,126.497,36.074065,-95.364597,145,US-69,3R,1;5,1;2,2,H,95,4,"S-69, 6.50 miles S of US-412, S of Ch"
AVC033,132.738,35.281686,-97.953694,051,US-81,3R,1;5,1,1,H,05,2,"S-81, 2.10 miles S of SH-37, S of Min"
AVC509,136.922,34.755452,-96.687130,123,SH-3,2U,3;7,1;2,2,H,18,4,"H-3, 1.10 miles E of SH-1, in Ada"
WIM009,136.922,34.755452,-96.687130,123,SH-3,2U,3;7,1;2,2,H,95,4,"H-3, 1.10 miles E of SH-1, in Ada"
AVC051,139.894,34.942427,-95.902594,121,US-270,4R,3;7,1,1,H,00,2,"S-270, 8.00 miles W of  US-69, NW of"
AVC510,140.059,35.068675,-95.705180,121,US-69,3R,1;5,1;2,2,H,18,4,"S-69, 5.40 miles N of SH-113 S, N of"
WIM010,140.059,35.068675,-95.705180,121,US-69,3R,1;5,1;2,2,H,95,4,"S-69, 5.40 miles N of SH-113 S, N of"
AVC021,140.757,35.533543,-95.309667,101,US-64,5R,3;7,1;2,2,H,00,4,"S-64 , 2.39 miles N of SH-2, N of War"
AVC523,143.567,36.391115,-98.285617,093,US-412,3R,3;7,1,1,H,18,2,"S-412, 2.10 miles W of SH-58, W of Ri"
WIM023,143.567,36.391115,-98.285617,093,US-60,3R,3;7,1,1,H,00,2,"S-412, 2.10 miles W of SH-58, W of Ri"
AVC022,146.296,34.720700,-97.212940,049,US-77,3U,1;5,1,1,H,00,2,"S-77, 1.74 miles S of SH-19, in Pauls"
AVC055,146.362,35.097382,-97.961404,051,US-81,3R,1;5,1,1,H,00,2,"S-81, 2.50 miles N of US-62, N of Chi"
AVC043,150.273,36.612279,-95.281641,035,SH-66,5R,3;7,1,1,H,00,2,"H-66, 3.00 miles SW of US-60, W of Vi"
AVC507,154.041,35.841311,-98.468251,011,US-270,3R,3;7,1;2,2,H,18,4,"S-270, 2.70 miles W of SH-8, W of Wat"
WIM007,154.041,35.841311,-98.468251,011,US-270,3R,3;7,1;2,2,H,95,4,"S-270, 2.70 miles W of SH-8, W of Wat"
AVC042,154.364,36.628594,-95.240541,035,US-60,3R,3;7,1,1,H,00,2,"S-60, 0.10 miles NW of SH-66, W of Vi"
AVC057,158.449,36.328963,-98.479747,093,US-60,4R,1;5,1,1,H,00,2,"S-60, 3.50 miles N of SH-8, N of Fair"
AVC046,164.561,34.534063,-97.123401,099,US-77,5R,1;5,1,1,H,07,2,"S-77. 2.00 miles N of SH-7, N of Davi"
AVC052,166.753,34.550147,-96.233324,029,US-75,3R,1;5,1,1,H,07,2,"S-75, 3.00 miles SE of SH-3, NW of Co"
AVC045,168.464,35.037862,-95.314371,077,SH-2,4R,1;5,1,1,H,07,2,"H-2, 7.70 miles S of SH-31, N of Wilb"
AVC502,172.741,34.462906,-97.146850,099,I-35,1R,1;5,1;2,2,H,18,4,"-35, 3.60 miles S of SH-7, S of Davis"
WIM002,172.741,34.462906,-97.146850,099,I-35,1R,1;5,1;2,2,H,95,4,"-35, 3.60 miles S of SH-7, S of Davis"
WIM011,176.444,34.730346,-97.958095,051,US-81,3R,1;5,1;2,2,H,95,4,"S-81, 2.46 miles S of US-81B S, S of"
AVC511,176.444,34.730346,-97.958095,051,US-81,3R,1;5,1;2,2,H,18,4,"S-81, 2.46 miles S of US-81B S, S of"
AVC060,181.810,35.117331,-98.470341,015,SH-9,4R,3;7,1,1,H,05,2,"H-9, 1.50 miles W of.SH-146, W of Ft"
AVC529,192.338,35.445802,-94.742733,135,I-40,1R,3;7,1;2,2,H,18,4,"-40, 0.96 miles E of US-64"
WIM029,192.338,35.445802,-94.742733,135,I-40,1R,3;7,1;2,2,H,00,4,"-40, 0.96 miles E of US-64"
AVC044,194.368,35.771109,-94.625876,001,US-59,3R,1;5,1,1,H,00,2,"S-59, 2.50 miles S of SH-100, S of St"
AVC038,203.216,36.797782,-98.800576,151,US-64,4R,3;7,1,1,H,07,2,"S-64, 4.30 miles E of SH-14, W of Alv"
AVC029,210.016,34.141177,-96.267377,013,US-69,3R,1;5,1;2,2,H,07,4,"S-69, 0.74 miles N of SH-22, NE of Du"
AVC015,212.187,34.601433,-98.377128,031,I-44,1U,3;7,1;2,2,H,95,4,"-44, 0.50 miles N of SH-7 (Lee Blvd),"
AVC037,217.347,35.291316,-99.015580,149,SH-152,5R,3;7,1,1,H,05,2,"H-152, 1.50 miles W of US-183, W of C"
AVC522,217.914,35.105290,-94.614706,079,SH-112,5R,3;7,1,1,H,18,2,"H-112, 1.20 miles E of US-59, E of Po"
WIM022,217.914,35.105290,-94.614706,079,SH-112,5R,3;7,1,1,H,00,2,"H-112, 1.20 miles E of US-59, E of Po"
AVC518,227.574,34.637947,-98.655226,031,US-62,3R,3;7,1;2,2,H,18,4,"S-62, 1.30 miles W of SH-115"
WIM118,227.574,34.637947,-98.655226,031,US-62,3R,3;7,1;2,2,H,95,4,"S-62, 1.30 miles W of SH-115"
AVC048,228.440,34.187334,-97.982231,067,US-81,3R,1;5,1,1,H,00,2,"S-81, 2.00 miles N of US-70, N of Wau"
AVC049,228.926,34.158367,-97.927322,067,US-70,4R,3;7,1,1,H,00,2,"S-70, 3.20 miles E of US-81, E of Wau"
AVC027,231.089,36.362570,-99.298782,153,US-183,3R,3;7,1;2,2,H,00,4,"S-270, 3.80 miles E of SH-34. SE of W"
AVC521,239.789,33.838155,-96.520078,013,US-69,3R,1;5,1;2,2,H,18,4,"S-69, 1.10 miles N of the Red River B"
WIM021,241.187,33.824678,-96.531396,013,US-69,3R,1;5,1;2,2,H,00,4,"S-69, 1.10 miles N of the Red River B"
AVC514,241.227,35.421399,-99.346853,149,I-40,1R,3;7,1;2,2,H,18,4,"-40, 1.46 miles E of SH-34"
WIM114,241.227,35.421399,-99.346853,149,I-40,1R,3;7,1;2,2,H,95,4,"-40, 1.46 miles E of SH-34"
AVC028,252.630,33.735036,-97.150516,085,I-35,1R,1;5,1;2,2,H,06,4,"-35, 0.10 miles N of the Red River Br"
AVC062,253.424,34.000052,-95.399970,023,US-70,3R,3;7,1;2,2,H,06,4,"S-70,  4.40 miles E of US-70B E of Hu"
AVC036,262.689,34.112868,-98.527094,033,I-44,1R,3;7,1;2,2,H,00,4,"-44, 0.20 miles N of the Red River Br"
AVC017,281.643,34.637613,-99.395454,065,US-62,3R,3;7,1;2,2,H,95,4,"S-62, 3.50 miles W of US-283, in Altu"
WIM032,283.316,33.939994,-94.912391,045;089,US-70;US000070,3R,1;3;5;7,1;2,2,H;N,11,8,"On US-70, 4.5 miles W of Junct | S-70, 4.50 miles W of US-259"
AVC532,283.316,33.939994,-94.912391,089,US-70,3R,3;7,1;2,2,H,18,4,"S-70, 4.50 miles W of US-259"
AVC054,304.072,35.226867,-99.998733,009,I-40,1R,3;7,1;2,2,H,05,4,"-40, 400 ft E of the Texas SL"
AVC059,404.213,36.634517,-101.205987,139,SH-3,3R,3;7,1,1,H,07,2,"H-3, 1.30 miles SE of SH-94, W of Har"
AVC058,418.891,36.768273,-101.344219,139,US-54,3R,3;7,1;2,2,H,00,4,"S-54, 8.60 miles NE of US-64, NE of G"
AVC525,522.705,36.810189,-102.517409,001;013;025,US-287;US000287,3R,1;3;5;7,1,1,H;N,00;18,4,"5.6 miles N of intersect of SH | S-287, 5.60 miles N of SH-325"
WIM025,522.705,36.810189,-102.517409,025,US-287,3R,3;7,1,1,H,00,2,"S-287, 5.60 miles N of SH-325"
