date,views
2025-04-29,49
2025-04-30,73
2025-05-01,72
2025-05-02,47
2025-05-03,44
2025-05-04,48
2025-05-05,86
2025-05-06,73
2025-05-07,55
2025-05-08,56
2025-05-09,52
2025-05-10,51
2025-05-11,47
2025-05-12,64
2025-05-13,48
2025-05-14,62
2025-05-15,53
2025-05-16,48
2025-05-17,49
2025-05-18,47
2025-05-19,58
2025-05-20,76
2025-05-21,56
2025-05-22,52
2025-05-23,44
2025-05-24,49
2025-05-25,39
2025-05-26,56
2025-05-27,53
2025-05-28,63
2025-05-29,45
2025-05-30,39
2025-05-31,31
2025-06-01,38
2025-06-02,38
2025-06-03,54
2025-06-04,50
2025-06-05,47
2025-06-06,44
2025-06-07,41
2025-06-08,40
2025-06-09,43
2025-06-10,54
2025-06-11,39
2025-06-12,58
2025-06-13,83
2025-06-14,44
2025-06-15,34
2025-06-16,88
2025-06-17,62
2025-06-18,66
2025-06-19,63
2025-06-20,60
2025-06-21,53
2025-06-22,85
2025-06-23,93
2025-06-24,71
2025-06-25,49
2025-06-26,47
2025-06-27,44
2025-06-28,36
2025-06-29,33
2025-06-30,60
2025-07-01,38
2025-07-02,49
2025-07-03,34
2025-07-04,46
2025-07-05,48
2025-07-06,46
2025-07-07,65
2025-07-08,42
2025-07-09,40
2025-07-10,54
2025-07-11,43
2025-07-12,32
2025-07-13,18
2025-07-14,56
2025-07-15,48
2025-07-16,48
2025-07-17,40
2025-07-18,48
2025-07-19,44
2025-07-20,25
2025-07-21,50
2025-07-22,31
2025-07-23,49
2025-07-24,52
2025-07-25,42
2025-07-26,40
2025-07-27,46
2025-07-28,31
2025-07-29,35
2025-07-30,47
2025-07-31,42
2025-08-01,42
2025-08-02,49
2025-08-03,33
2025-08-04,49
2025-08-05,48
2025-08-06,35
2025-08-07,40
2025-08-08,47
2025-08-09,35
2025-08-10,33
2025-08-11,59
2025-08-12,51
2025-08-13,38
2025-08-14,46
2025-08-15,54
2025-08-16,47
2025-08-17,35
2025-08-18,62
2025-08-19,60
2025-08-20,51
2025-08-21,45
2025-08-22,57
2025-08-23,41
2025-08-24,42
2025-08-25,45
2025-08-26,49
2025-08-27,53
2025-08-28,52
2025-08-29,30
2025-08-30,36
2025-08-31,43
2025-09-01,43
2025-09-02,48
2025-09-03,45
2025-09-04,49
2025-09-05,33
2025-09-06,26
2025-09-07,51
2025-09-08,39
2025-09-09,45
2025-09-10,38
2025-09-11,43
2025-09-12,38
2025-09-13,38
2025-09-14,38
2025-09-15,35
2025-09-16,78
2025-09-17,70
2025-09-18,58
2025-09-19,49
2025-09-20,44
2025-09-21,48
2025-09-22,62
2025-09-23,54
2025-09-24,38
2025-09-25,51
2025-09-26,25
2025-09-27,41
2025-09-28,30
2025-09-29,50
2025-09-30,58
2025-10-01,41
2025-10-02,46
2025-10-03,35
2025-10-04,41
2025-10-05,35
2025-10-06,43
2025-10-07,39
2025-10-08,51
2025-10-09,53
2025-10-10,48
2025-10-11,36
2025-10-12,32
2025-10-13,56
2025-10-14,28
2025-10-15,52
2025-10-16,36
2025-10-17,57
2025-10-18,47
2025-10-19,29
2025-10-20,61
2025-10-21,60
2025-10-22,47
2025-10-23,42
2025-10-24,56
2025-10-25,35
2025-10-26,32
2025-10-27,49
2025-10-28,46
2025-10-29,45
2025-10-30,42
2025-10-31,34
2025-11-01,32
2025-11-02,40
2025-11-03,46
2025-11-04,37
2025-11-05,40
2025-11-06,34
2025-11-07,37
2025-11-08,37
2025-11-09,41
2025-11-10,40
2025-11-11,36
2025-11-12,40
2025-11-13,44
2025-11-14,32
2025-11-15,47
2025-11-16,39
2025-11-17,52
2025-11-18,30
2025-11-19,41
2025-11-20,52
2025-11-21,59
2025-11-22,46
2025-11-23,37
2025-11-24,46
2025-11-25,45
2025-11-26,47
2025-11-27,51
2025-11-28,34
2025-11-29,43
2025-11-30,56
2025-12-01,35
2025-12-02,48
2025-12-03,64
2025-12-04,43
2025-12-05,62
2025-12-06,33
2025-12-07,32
2025-12-08,45
2025-12-09,42
2025-12-10,71
2025-12-11,79
2025-12-12,47
2025-12-13,41
2025-12-14,40
2025-12-15,51
2025-12-16,55
2025-12-17,70
2025-12-18,48
2025-12-19,43
2025-12-20,61
2025-12-21,53
2025-12-22,51
2025-12-23,64
2025-12-24,54
2025-12-25,50
2025-12-26,65
2025-12-27,48
2025-12-28,34
2025-12-29,46
2025-12-30,31
2025-12-31,40
2026-01-01,49
2026-01-02,59
2026-01-03,76
2026-01-04,137
2026-01-05,147
2026-01-06,115
2026-01-07,132
2026-01-08,84
2026-01-09,90
2026-01-10,58
2026-01-11,62
2026-01-12,69
2026-01-13,83
2026-01-14,55
2026-01-15,80
2026-01-16,67
2026-01-17,42
2026-01-18,45
2026-01-19,75
2026-01-20,47
2026-01-21,59
2026-01-22,45
2026-01-23,49
2026-01-24,44
2026-01-25,39
2026-01-26,43
2026-01-27,52
2026-01-28,54
2026-01-29,42
2026-01-30,53
2026-01-31,46
2026-02-01,40
2026-02-02,47
2026-02-03,39
2026-02-04,34
2026-02-05,39
2026-02-06,51
2026-02-07,62
2026-02-08,50
2026-02-09,44
2026-02-10,43
2026-02-11,50
2026-02-12,40
2026-02-13,50
2026-02-14,36
2026-02-15,34
2026-02-16,41
2026-02-17,47
2026-02-18,61
2026-02-19,40
2026-02-20,53
2026-02-21,40
2026-02-22,35
2026-02-23,42
2026-02-24,48
2026-02-25,42
2026-02-26,38
2026-02-27,43
2026-02-28,58
2026-03-01,110
2026-03-02,169
2026-03-03,116
2026-03-04,69
2026-03-05,113
2026-03-06,139
2026-03-07,113
2026-03-08,110
2026-03-09,320
2026-03-10,234
2026-03-11,200
2026-03-12,281
2026-03-13,185
2026-03-14,138
2026-03-15,110
2026-03-16,175
2026-03-17,123
2026-03-18,171
2026-03-19,275
2026-03-20,197
2026-03-21,103
2026-03-22,102
2026-03-23,151
2026-03-24,156
2026-03-25,160
2026-03-26,114
2026-03-27,112
2026-03-28,75
2026-03-29,72
2026-03-30,166
2026-03-31,135
2026-04-01,115
2026-04-02,209
2026-04-03,111
2026-04-04,95
2026-04-05,81
2026-04-06,114
2026-04-07,189
2026-04-08,211
2026-04-09,129
2026-04-10,109
2026-04-11,242
2026-04-12,254
2026-04-13,219
2026-04-14,137
2026-04-15,123
2026-04-16,113
2026-04-17,97
2026-04-18,93
2026-04-19,65
2026-04-20,122
2026-04-21,91
2026-04-22,114
2026-04-23,84
2026-04-24,101
2026-04-25,80
2026-04-26,61
2026-04-27,83
2026-04-28,118
2026-04-29,130
2026-04-30,124
2026-05-01,115
2026-05-02,62
2026-05-03,68
2026-05-04,111
2026-05-05,115
2026-05-06,86
2026-05-07,76
2026-05-08,69
2026-05-09,56
2026-05-10,51
2026-05-11,90
2026-05-12,64
2026-05-13,69
2026-05-14,59
2026-05-15,68
2026-05-16,54
2026-05-17,44
2026-05-18,123
2026-05-19,74
2026-05-20,64
2026-05-21,59
2026-05-22,67
2026-05-23,50
2026-05-24,50
2026-05-25,69
2026-05-26,72
2026-05-27,93
2026-05-28,89
2026-05-29,106
2026-05-30,59
2026-05-31,81
2026-06-01,66
2026-06-02,73
2026-06-03,75
2026-06-04,65
2026-06-05,66
2026-06-06,75
2026-06-07,48
2026-06-08,98
2026-06-09,109
2026-06-10,92
2026-06-11,101
2026-06-12,634
2026-06-13,532
2026-06-14,154
2026-06-15,195
2026-06-16,180
2026-06-17,184
2026-06-18,148
2026-06-19,161
2026-06-20,138
2026-06-21,110
2026-06-22,155
2026-06-23,121
2026-06-24,140
2026-06-25,190
2026-06-26,99
2026-06-27,69
2026-06-28,98
2026-06-29,94
2026-06-30,87
2026-07-01,100
2026-07-02,67
2026-07-03,66
2026-07-04,45
2026-07-05,42
2026-07-06,69
2026-07-07,100
2026-07-08,114
2026-07-09,110
2026-07-10,91
2026-07-11,68
2026-07-12,57
2026-07-13,85
2026-07-14,108
2026-07-15,79
2026-07-16,74
2026-07-17,82
2026-07-18,80
2026-07-19,91
2026-07-20,126
2026-07-21,86
2026-07-22,95
2026-07-23,102
2026-07-24,72
2026-07-25,64
2026-07-26,52
2026-07-27,73
2026-07-28,51
2026-07-29,88
2026-07-30,71
2026-07-31,87
2026-08-01,73
2026-08-02,73
2026-08-03,86
2026-08-04,73
2026-08-05,59
2026-08-06,62
2026-08-07,50
2026-08-08,85
2026-08-09,52
2026-08-10,62
2026-08-11,51
2026-08-12,74
2026-08-13,56
2026-08-14,48
2026-08-15,45
2026-08-16,45
2026-08-17,81
2026-08-18,91
2026-08-19,104
2026-08-20,81
2026-08-21,81
2026-08-22,109
2026-08-23,40
2026-08-24,90
2026-08-25,91
2026-08-26,67
2026-08-27,44
2026-08-28,128
2026-08-29,99
2026-08-30,55
2026-08-31,62
2026-09-01,73
2026-09-02,87
2026-09-03,76
2026-09-04,73
2026-09-05,49
2026-09-06,63
2026-09-07,50
2026-09-08,63
2026-09-09,88
