week_ending,stocks_bcf,chg_bcf,report_thu,ng_r1,ng_r5
2010-01-08,2850.0,-267.0,2010-01-14,0.018264567630020698,0.040506976375686746
2010-01-15,2607.0,-243.0,2010-01-21,0.035686838257604096,-0.08877764651279925
2010-01-22,2521.0,-86.0,2010-01-28,-0.0013633207771391962,0.052693614269121954
2010-01-29,2406.0,-115.0,2010-02-04,0.018114113311987316,-0.003699593805426229
2010-02-05,2214.0,-192.0,2010-02-11,0.013254985623086383,-0.06745847378097664
2010-02-12,2026.0,-188.0,2010-02-18,-0.025060000035647727,-0.08154222979874534
2010-02-19,1853.0,-173.0,2010-02-25,0.009603414493161396,-0.04111056079785387
2010-02-26,1738.0,-115.0,2010-03-04,0.0039267341875728265,-0.029952267705179197
2010-03-05,1627.0,-111.0,2010-03-11,-0.009049826732992521,-0.08333265168135374
2010-03-12,1614.0,-13.0,2010-03-18,0.020354496933971362,-0.025788707047252796
2010-03-19,1626.0,12.0,2010-03-25,-0.027761866607291064,0.026033457389995688
2010-03-26,1638.0,12.0,2010-04-01,0.04568532965693351,-0.003923446361268177
2010-04-02,1670.0,32.0,2010-04-08,0.04036147531431286,0.019255719599984
2010-04-09,1754.0,84.0,2010-04-15,0.013459859164051211,0.035255689587971636
2010-04-16,1828.0,74.0,2010-04-22,0.030771704171827917,-0.036511151416708514
2010-04-23,1912.0,84.0,2010-04-29,-0.015190150823567389,-0.012896908755963386
2010-04-30,1994.0,82.0,2010-05-06,0.021652398812109355,0.09925904335423556
2010-05-07,2091.0,97.0,2010-05-13,-0.006242171967769686,-0.055194653096971365
2010-05-14,2165.0,74.0,2010-05-20,-0.017443041684150985,0.044769428513369666
2010-05-21,2268.0,103.0,2010-05-27,0.01088602066806668,0.11077197410251577
2010-05-28,2357.0,89.0,2010-06-03,0.02255811354715346,-0.009210779854339974
2010-06-04,2456.0,99.0,2010-06-10,0.028427943563522053,0.10510232122486036
2010-06-11,2542.0,86.0,2010-06-17,-0.032486360153508684,-0.08360062875137854
2010-06-18,2625.0,83.0,2010-06-24,0.02352068334155464,0.0220796188878521
2010-06-25,2684.0,59.0,2010-07-01,-0.03501045036124965,-0.09774415432701207
2010-07-02,2761.0,77.0,2010-07-08,0.000681691316467748,0.041630896427163645
2010-07-09,2841.0,80.0,2010-07-15,-0.014717434702198882,0.012352559201254274
2010-07-16,2893.0,52.0,2010-07-22,-0.013661754682617634,0.038864449768191436
2010-07-23,2919.0,26.0,2010-07-29,0.019692886186945213,-0.04860374879249054
2010-07-30,2947.0,28.0,2010-08-05,-0.028904393048417593,-0.06793707903181676
2010-08-06,2984.0,37.0,2010-08-12,0.00742119931484383,-0.029528541965144144
2010-08-13,3013.0,29.0,2010-08-19,-0.013031048324170838,-0.08869106535241639
2010-08-20,3054.0,41.0,2010-08-26,-0.04446364183445048,-0.017442298999864637
2010-08-27,3105.0,51.0,2010-09-02,0.048904404611037636,0.03458557244736197
2010-09-03,3163.0,58.0,2010-09-09,0.030063697375945997,0.07513108653641914
2010-09-10,3267.0,104.0,2010-09-16,-0.009398938876099673,-0.010642284629553436
2010-09-17,3341.0,74.0,2010-09-23,-0.03494026555653889,-0.03726196475965842
2010-09-24,3415.0,74.0,2010-09-30,-0.019559900829956737,-0.06812618255000541
2010-10-01,3499.0,84.0,2010-10-07,0.009356127496796445,0.010998175454597473
2010-10-08,3590.0,91.0,2010-10-14,-0.033929833271531394,-0.08232405145919959
2010-10-15,3683.0,93.0,2010-10-21,-0.010746375984620526,0.14409007915688984
2010-10-22,3754.0,71.0,2010-10-28,0.03734036174422743,-0.008778821699751657
2010-10-29,3821.0,67.0,2010-11-04,0.020788658268226148,0.01824542435444429
2010-11-05,3840.0,19.0,2010-11-11,-0.033137906520355316,0.020167036785239727
2010-11-12,3834.0,-6.0,2010-11-18,0.03843333495980436,0.09333445648428539
2010-11-19,3828.0,-6.0,2010-11-25,-0.04391462376689775,-0.011431352169586292
2010-11-26,3805.0,-23.0,2010-12-02,0.0013805897319962538,0.02096226423887875
2010-12-03,3717.0,-88.0,2010-12-09,-0.004066911699847386,-0.09130470574189803
2010-12-10,3553.0,-164.0,2010-12-16,0.004436814335753944,0.00860916006562962
2010-12-17,3369.0,-184.0,2010-12-23,0.007077468186513626,0.07590824983447887
2010-12-24,3232.0,-137.0,2010-12-30,0.015326935943334993,0.02188874356103641
2010-12-31,3097.0,-135.0,2011-01-06,-0.002710047728119951,-0.006107914060391925
2011-01-07,2960.0,-137.0,2011-01-13,0.016428850109325936,0.07199870989415288
2011-01-14,2716.0,-244.0,2011-01-20,0.008694761246376108,-0.0841691053623316
2011-01-21,2543.0,-173.0,2011-01-27,0.0016205512359792602,0.004853796364767213
2011-01-28,2355.0,-188.0,2011-02-03,-0.006244949385807072,-0.08439460312226961
2011-02-04,2144.0,-211.0,2011-02-10,-0.019250841154128423,-0.03005065162218086
2011-02-11,1910.0,-234.0,2011-02-17,0.002066089848218918,0.03480602361402906
2011-02-18,1831.0,-79.0,2011-02-24,0.05438635091381326,-0.003962458305444011
2011-02-25,1745.0,-86.0,2011-03-03,0.008171891626873616,0.01366998339688795
2011-03-04,1672.0,-73.0,2011-03-10,0.015287256206839718,0.08216940432848568
2011-03-11,1616.0,-56.0,2011-03-17,0.0024021699337135093,0.020472023263494114
2011-03-18,1611.0,-5.0,2011-03-24,0.036779888184822515,0.03359518593526036
2011-03-25,1622.0,11.0,2011-03-31,-0.006170731643855335,-0.07865757308382856
2011-04-01,1578.0,-44.0,2011-04-07,-0.003951664995491317,0.03749374519699175
2011-04-08,1606.0,28.0,2011-04-14,-0.0019011168055598534,0.046390573115461874
2011-04-15,1654.0,48.0,2011-04-21,-0.005226745228625026,0.06280873446459276
2011-04-22,1685.0,31.0,2011-04-28,0.02740485544519015,-0.07022810982435149
2011-04-29,1757.0,72.0,2011-05-05,-0.006120551592939529,-0.01584903422685204
2011-05-06,1827.0,70.0,2011-05-12,0.012322442261886347,-0.024132423301422845
2011-05-13,1919.0,92.0,2011-05-19,0.03267954387217937,0.05512092321695457
2011-05-20,2023.0,104.0,2011-05-26,0.04342606899674559,0.08440733850196387
2011-05-27,2107.0,84.0,2011-06-02,-0.018314451631374913,-0.02534997663327956
2011-06-03,2188.0,81.0,2011-06-09,0.017602020622725797,-0.05768704838378997
2011-06-10,2257.0,69.0,2011-06-16,-0.019916045745034205,-0.05091171205036169
2011-06-17,2354.0,97.0,2011-06-23,0.008549150161173845,0.04226150884708089
2011-06-24,2432.0,78.0,2011-06-30,-0.014508073145810697,-0.039403663543763026
2011-07-01,2526.0,94.0,2011-07-07,0.017270764672287504,0.05758843882567258
2011-07-08,2611.0,85.0,2011-07-14,0.037655776834813304,0.003875577362654505
2011-07-15,2671.0,60.0,2011-07-21,0.00090975372490102,-0.03496131593288145
2011-07-22,2714.0,43.0,2011-07-28,-0.023603426878750562,-0.07407171652338375
2011-07-29,2759.0,45.0,2011-08-04,0.0,0.04150174943794321
2011-08-05,2783.0,24.0,2011-08-11,-0.011753284259071352,-0.054013089746694366
2011-08-12,2833.0,50.0,2011-08-18,0.012257583800492269,0.009970690951793273
2011-08-19,2906.0,73.0,2011-08-25,0.0,0.029823083229372195
2011-08-26,2960.0,54.0,2011-09-01,-0.04494576421774816,-0.03390160851450718
2011-09-02,3025.0,65.0,2011-09-08,-0.016466504389712068,-0.02596226185799902
2011-09-09,3110.0,85.0,2011-09-15,-0.01795287072823061,-0.04563632407478848
2011-09-16,3201.0,91.0,2011-09-22,-0.0010801914515575354,0.011272276056289433
2011-09-23,3311.0,110.0,2011-09-29,-0.02185439497094269,-0.04057736490088738
2011-09-30,3408.0,97.0,2011-10-06,-0.03305855582406701,-0.01879706099418072
2011-10-07,3521.0,113.0,2011-10-13,0.04756223215731397,0.027651591486069233
2011-10-14,3624.0,103.0,2011-10-20,-0.00027556576304941464,-0.02963599175532783
2011-10-21,3717.0,93.0,2011-10-27,0.10726000397557894,0.0695981118277216
2011-10-28,3793.0,76.0,2011-11-03,0.001322543758558116,-0.034741661761331546
2011-11-04,3830.0,37.0,2011-11-10,-0.017973612134870167,-0.06774082164852982
2011-11-11,3844.0,14.0,2011-11-17,-0.027953083794231323,0.03797923851127634
2011-11-18,3853.0,9.0,2011-11-24,-0.051560788485793194,0.011787971002383418
2011-11-25,3850.0,-3.0,2011-12-01,-0.017699546755558144,-0.053777906829828324
2011-12-02,3830.0,-20.0,2011-12-08,-0.04134043239121054,-0.10032705754130244
2011-12-09,3729.0,-101.0,2011-12-15,0.0,0.013341944056756127
2011-12-16,3628.0,-101.0,2011-12-22,-0.017507952670925458,-0.05847714167948322
2011-12-23,3548.0,-80.0,2011-12-29,-0.012633102915597988,0.011496295414097971
2011-12-30,3471.0,-77.0,2012-01-05,0.027145002152959,-0.09978325285926208
2012-01-06,3377.0,-94.0,2012-01-12,-0.010061553071880643,-0.1407079222110194
2012-01-13,3290.0,-87.0,2012-01-19,0.009003237071881913,0.11500378775155769
2012-01-20,3098.0,-192.0,2012-01-26,0.027637554770571972,-0.019771963750895502
2012-01-27,2966.0,-132.0,2012-02-02,-0.02177003792019502,-0.03061256903911153
2012-02-03,2888.0,-78.0,2012-02-09,0.0,0.035689717972591906
2012-02-10,2761.0,-127.0,2012-02-16,0.044570357084737354,-0.006644527238952655
2012-02-17,2595.0,-166.0,2012-02-23,-0.027462603518814417,-0.06217580084483391
2012-02-24,2513.0,-82.0,2012-03-01,0.008490007872900546,-0.08071960954533473
2012-03-02,2433.0,-80.0,2012-03-08,0.022629254505663596,0.003076235913303398
2012-03-09,2369.0,-64.0,2012-03-15,0.0204132739235254,-0.004397540177946795
2012-03-16,2380.0,11.0,2012-03-22,0.0026408649878224733,-0.05433664451388096
2012-03-23,2429.0,49.0,2012-03-29,-0.010760338993042079,-0.028317108637837762
2012-03-30,2472.0,43.0,2012-04-05,0.0085797120483115,-0.05308373542569939
2012-04-06,2478.0,6.0,2012-04-12,-0.0010091289790874107,-0.039079571623438294
2012-04-13,2503.0,25.0,2012-04-19,0.010433115074407948,0.06545580713288691
2012-04-20,2546.0,43.0,2012-04-26,0.0710863342425465,0.13916378744386973
2012-04-27,2576.0,30.0,2012-05-03,-0.026414123177040717,0.06092626752987484
2012-05-04,2606.0,30.0,2012-05-10,0.00880713225127206,0.04212396464504878
2012-05-11,2667.0,61.0,2012-05-17,0.05548649383803485,0.02022582648243995
2012-05-18,2744.0,77.0,2012-05-24,-0.03029953506725996,-0.12927690791087895
2012-05-25,2815.0,71.0,2012-05-31,-0.04044357334423628,-0.06305325248646158
2012-06-01,2877.0,62.0,2012-06-07,0.010933892272312591,0.09274831904129027
2012-06-08,2944.0,67.0,2012-06-14,-0.011285842695577995,0.03427561573746122
2012-06-15,3006.0,62.0,2012-06-21,0.01651659697074848,0.05280256241276587
2012-06-22,3063.0,57.0,2012-06-28,0.03678741627017228,0.019644189403976428
2012-06-29,3102.0,39.0,2012-07-05,-0.05909774354598847,-0.02440398155979155
2012-07-06,3135.0,33.0,2012-07-12,0.0,0.042574111058899154
2012-07-13,3163.0,28.0,2012-07-19,0.026975324776051284,0.034734797593594845
2012-07-20,3190.0,27.0,2012-07-26,-0.031073645935840603,-0.061430079120018265
2012-07-27,3217.0,27.0,2012-08-02,-0.014835525353586667,0.008525152027315974
2012-08-03,3240.0,23.0,2012-08-09,-0.06126148112205745,-0.07800741455072044
2012-08-10,3261.0,21.0,2012-08-16,-0.0018371770555982345,0.028232084366999272
2012-08-17,3308.0,47.0,2012-08-23,-0.036341260714870836,-0.01946012390196549
2012-08-24,3374.0,66.0,2012-08-30,0.01838887904214464,-0.024310584648224262
2012-08-31,3402.0,28.0,2012-09-06,-0.034448295187922265,0.08985911570488088
2012-09-07,3429.0,27.0,2012-09-13,-0.031440670771161104,-0.08232277692399621
2012-09-14,3496.0,67.0,2012-09-20,0.03097750698396702,0.16446555359275541
2012-09-21,3576.0,80.0,2012-09-27,0.006951819557584803,0.03252560929745194
2012-09-28,3654.0,78.0,2012-10-04,-0.0029403110705636887,0.05650581258850764
2012-10-05,3726.0,72.0,2012-10-11,0.0019403940487032474,-0.004728196376432674
2012-10-12,3776.0,50.0,2012-10-18,0.008328812672973225,-0.04359040185401953
2012-10-19,3843.0,67.0,2012-10-25,-0.00995030724736853,0.0343479349065476
2012-10-26,3907.0,64.0,2012-11-01,-0.03998877905542281,-0.024908867578791474
2012-11-02,3928.0,21.0,2012-11-08,-0.02953386309716717,0.02598970717251995
2012-11-09,3910.0,-18.0,2012-11-15,0.023222688554743368,0.052089615917352755
2012-11-16,3873.0,-37.0,2012-11-22,-0.04482469762252069,-0.09119150156570677
2012-11-23,3876.0,3.0,2012-11-29,-0.024137637908859446,0.004922046506306061
2012-11-30,3804.0,-72.0,2012-12-06,-0.031871831978228474,-0.09103673177400573
2012-12-07,3806.0,2.0,2012-12-13,-0.009908501268798406,0.033782038434235495
2012-12-14,3724.0,-82.0,2012-12-20,-0.003182388970630173,0.0020199712269560973
2012-12-21,3653.0,-71.0,2012-12-27,0.03371270643082615,-0.020178414003896816
2012-12-28,3517.0,-136.0,2013-01-03,0.027449676596000006,-0.0015646618735772454
2013-01-04,3316.0,-201.0,2013-01-10,0.04111002957422876,0.09008626147810421
2013-01-11,3167.0,-149.0,2013-01-17,0.020397315459755344,-0.014413611475290359
2013-01-18,2996.0,-171.0,2013-01-24,-0.0005805786606129269,-0.031542809924667826
2013-01-25,2802.0,-194.0,2013-01-31,-0.011445868267648637,-0.016304678898246047
2013-02-01,2684.0,-118.0,2013-02-07,-0.0039652365898466034,-0.03784569997206999
2013-02-08,2526.0,-158.0,2013-02-14,-0.0031665606288298785,0.03967045825386154
2013-02-15,2400.0,-126.0,2013-02-21,0.013767951388837178,0.07133147964888838
2013-02-22,2229.0,-171.0,2013-02-28,-0.008643087725612425,0.02716634382437366
2013-03-01,2082.0,-147.0,2013-03-07,0.01303580560928001,0.06223268686782434
2013-03-08,1938.0,-144.0,2013-03-14,0.015617168697048938,0.031756872029276115
2013-03-15,1876.0,-62.0,2013-03-21,-0.002035080075252347,0.022365607180885032
2013-03-22,1781.0,-95.0,2013-03-28,-0.002239160364013201,0.02478954527780549
2013-03-29,1687.0,-94.0,2013-04-04,0.04411021634057294,0.047498394574170585
2013-04-05,1674.0,-13.0,2013-04-11,0.019854780318798098,0.06137759500939038
2013-04-12,1705.0,31.0,2013-04-18,0.001589277090174801,-0.05463548453111395
2013-04-19,1734.0,29.0,2013-04-25,-0.0038470339137202953,-0.034671373934220054
2013-04-26,1776.0,42.0,2013-05-02,0.00396722415608641,-0.010489620308471486
2013-05-03,1866.0,90.0,2013-05-09,-0.018497918306969938,-0.012887131859333618
2013-05-10,1964.0,98.0,2013-05-16,0.03080246283762025,0.08035572882688727
2013-05-17,2052.0,88.0,2013-05-23,-0.005648442279947624,-0.0672175796398156
2013-05-24,2142.0,90.0,2013-05-30,-0.009741502594318097,-0.04994665315234274
2013-05-31,2252.0,110.0,2013-06-06,0.00026131050261542796,-0.0034027023525236406
2013-06-07,2347.0,95.0,2013-06-13,-0.021466268010775794,0.016383204122064312
2013-06-14,2439.0,92.0,2013-06-20,-0.02772148879696623,-0.07914037436422769
2013-06-21,2533.0,94.0,2013-06-27,-0.004757238513974524,0.009723673014867784
2013-06-28,2606.0,73.0,2013-07-04,0.033707957095239736,0.0074370126077978865
2013-07-05,2687.0,81.0,2013-07-11,0.008543565116175466,0.05361556636133396
2013-07-12,2745.0,58.0,2013-07-18,-0.00605185420117523,-0.04507200124515853
2013-07-19,2786.0,41.0,2013-07-25,-0.02472691201991786,-0.07313739543980977
2013-07-26,2845.0,59.0,2013-08-01,-0.011880211146476315,-0.02693165535048815
2013-08-02,2940.0,95.0,2013-08-08,-0.02053080012355183,0.036335141174175134
2013-08-09,3007.0,67.0,2013-08-15,-0.015028978996277313,0.036190097068258695
2013-08-16,3063.0,56.0,2013-08-22,-0.017070167394796484,0.020383213902378867
2013-08-23,3131.0,68.0,2013-08-29,-0.01027927935812047,-0.024623532567709248
2013-08-30,3189.0,58.0,2013-09-05,-0.012667326643748773,0.01746889375756686
2013-09-06,3253.0,64.0,2013-09-12,0.010663131526873818,0.022289592734336814
2013-09-13,3299.0,46.0,2013-09-19,-0.008910546894942282,-0.06153232609771548
2013-09-20,3385.0,86.0,2013-09-26,0.025682258567108096,0.000285884221564077
2013-09-27,3487.0,102.0,2013-10-03,0.001998564367748083,0.06205257411094334
2013-10-04,3577.0,90.0,2013-10-10,0.014135446133974562,0.009090950258204764
2013-10-11,3655.0,78.0,2013-10-17,0.0018614470386556705,-0.0346636444288404
2013-10-18,3741.0,86.0,2013-10-24,0.021265814759197806,-0.013314997990219967
2013-10-25,3779.0,38.0,2013-10-31,-0.01917173950858255,-0.017465242534062373
2013-11-01,3816.0,37.0,2013-11-07,0.011302737299585721,0.02414490251190371
2013-11-08,3834.0,18.0,2013-11-14,0.015141394836527673,0.02655141184727294
2013-11-15,3789.0,-45.0,2013-11-21,0.01767113897349162,0.06585453590862839
2013-11-22,3775.0,-14.0,2013-11-28,0.008562107271968713,0.039668029429950624
2013-11-29,3613.0,-162.0,2013-12-05,-0.004365790658117803,0.06488634433473071
2013-12-06,3533.0,-80.0,2013-12-12,-0.013242223044488372,0.011500886378650243
2013-12-13,3248.0,-285.0,2013-12-19,-0.009461619507407433,-0.011954574010063225
2013-12-20,3071.0,-177.0,2013-12-26,-0.005882374979896665,-0.02953177573963095
2013-12-27,2975.0,-96.0,2014-01-02,-0.003942080088000574,-0.07594327080847525
2014-01-03,2817.0,-158.0,2014-01-09,0.011913731962914396,0.08996162511413773
2014-01-10,2529.0,-288.0,2014-01-16,-0.012861857296910978,0.16768587884898686
2014-01-17,2424.0,-105.0,2014-01-23,0.09126590652166702,0.05771032065314751
2014-01-24,2184.0,-240.0,2014-01-30,-0.013663125277581782,-0.016093672756914576
2014-01-31,1924.0,-260.0,2014-02-06,-0.032147860527593615,0.05753010451638477
2014-02-07,1693.0,-231.0,2014-02-13,-0.0017246002716736662,0.16093815652151794
2014-02-14,1444.0,-249.0,2014-02-20,0.011640445741882303,-0.2958507766309077
2014-02-21,1348.0,-96.0,2014-02-27,0.021492065334518046,0.032925685973836966
2014-02-28,1196.0,-152.0,2014-03-06,-0.00948286153077285,-0.06171118113396352
2014-03-07,1002.0,-194.0,2014-03-13,0.009536923626305855,-0.0031992575726218224
2014-03-14,953.0,-49.0,2014-03-20,-0.012900375822541593,0.048037863180669604
2014-03-21,895.0,-58.0,2014-03-27,-0.02183347826570092,-0.025183641857072395
2014-03-28,824.0,-71.0,2014-04-03,-0.006959206618361248,0.040553594112155096
2014-04-04,827.0,3.0,2014-04-10,-0.007547275477754728,0.01830616513180047
2014-04-11,850.0,23.0,2014-04-17,-0.009324108202490047,-0.020026306128068595
2014-04-18,899.0,49.0,2014-04-24,-0.012403942017466692,0.002971126821096932
2014-04-25,981.0,82.0,2014-05-01,-0.009581693230816412,-0.03164613186984651
2014-05-02,1055.0,74.0,2014-05-08,-0.00900805577930435,-0.022786112551044038
2014-05-09,1160.0,105.0,2014-05-15,-0.012609884730800618,-0.024921918708701633
2014-05-16,1267.0,107.0,2014-05-22,0.010497586504389264,0.04112468285618062
2014-05-23,1380.0,113.0,2014-05-29,-0.0037359012087397254,0.030671992905772105
2014-05-30,1499.0,119.0,2014-06-05,0.0019126186434351678,0.012892468204183691
2014-06-06,1607.0,108.0,2014-06-12,-0.0048416557060584,-0.03809576214266195
2014-06-13,1719.0,112.0,2014-06-19,-0.011629307551772883,-0.04096744094692629
2014-06-20,1829.0,110.0,2014-06-26,0.0020433256078237214,0.0013627169501760734
2014-06-27,1928.0,99.0,2014-07-03,-0.04194804131184388,-0.06082328761740386
2014-07-04,2023.0,95.0,2014-07-10,0.006290856346890915,-0.041125411800856784
2014-07-11,2128.0,105.0,2014-07-17,-0.0007590186301635098,-0.02743413025739409
2014-07-18,2219.0,91.0,2014-07-24,-0.01730509535364146,-0.0015608233063000316
2014-07-25,2307.0,88.0,2014-07-31,-0.011258132217761702,0.009070905109061408
2014-08-01,2388.0,81.0,2014-08-07,0.02194524598834429,0.007710131244900963
2014-08-08,2467.0,79.0,2014-08-14,-0.03384855222918075,-0.004361767094620219
2014-08-15,2555.0,88.0,2014-08-21,-0.012679695231410583,0.03908229846754365
2014-08-22,2631.0,76.0,2014-08-28,0.0051794191292997,-0.06407707976582741
2014-08-29,2709.0,78.0,2014-09-04,-0.006831351560668786,0.0010468329986478488
2014-09-05,2801.0,92.0,2014-09-11,0.008854265662203657,0.022501953208519807
2014-09-12,2890.0,89.0,2014-09-18,-0.018846612521290648,0.0154805451529095
2014-09-19,2988.0,98.0,2014-09-25,0.0032683904817984834,-0.009869758705273238
2014-09-26,3099.0,111.0,2014-10-02,0.026848962684974567,-0.02237457199799396
2014-10-03,3205.0,106.0,2014-10-09,0.00363446375456567,-0.01282572864589221
2014-10-10,3298.0,93.0,2014-10-16,-0.007934442907734793,-0.04692152808399572
2014-10-17,3393.0,95.0,2014-10-23,0.0002760324480043734,0.05505482735692899
2014-10-24,3480.0,87.0,2014-10-30,0.011948195375888586,0.14043199365924278
2014-10-31,3571.0,91.0,2014-11-06,0.0018149673435463064,-0.10198540893882423
2014-11-07,3611.0,40.0,2014-11-13,0.010754132140322628,0.1211021592125375
2014-11-14,3594.0,-17.0,2014-11-20,-0.05095335319664573,-0.09357411591491471
2014-11-21,3432.0,-162.0,2014-11-27,-0.02001298500564047,-0.0725285529372687
2014-11-28,3410.0,-22.0,2014-12-04,0.041074117992068136,-0.004119150819818421
2014-12-05,3359.0,-51.0,2014-12-11,0.04335044365697311,0.002198983013098134
2014-12-12,3296.0,-63.0,2014-12-18,-0.05010898346167775,-0.19159007644997803
2014-12-19,3246.0,-50.0,2014-12-25,0.05876446007853513,-0.04245840686924409
2014-12-26,3220.0,-26.0,2015-01-01,-0.04112730899951579,-0.019163444280669864
2015-01-02,3089.0,-131.0,2015-01-08,0.006470328358053212,0.07596089006846082
2015-01-09,2854.0,-235.0,2015-01-15,-0.009864805053753926,-0.05600419386011664
2015-01-16,2637.0,-217.0,2015-01-22,0.051892768922001765,-0.04177774780618678
2015-01-23,2543.0,-94.0,2015-01-29,-0.010351336754786375,-0.04475279448159654
2015-01-30,2428.0,-115.0,2015-02-05,-0.008109682927584658,0.04254364712339286
2015-02-06,2268.0,-160.0,2015-02-12,0.032991878329637944,0.08408903208733837
2015-02-13,2158.0,-110.0,2015-02-19,0.04045490725453391,-0.04954912624530182
2015-02-20,1938.0,-220.0,2015-02-26,0.0136256723833226,0.05201607701084061
2015-02-27,1709.0,-229.0,2015-03-05,-0.0007042582814236134,-0.03839040462751808
2015-03-06,1511.0,-198.0,2015-03-12,-0.0025636232778519503,0.02848579018293798
2015-03-13,1468.0,-43.0,2015-03-19,-0.009644636474863109,-0.05142428664822228
2015-03-20,1479.0,11.0,2015-03-26,-0.031169387404404187,0.015227825494459099
2015-03-27,1461.0,-18.0,2015-04-02,-0.02349537948520694,-0.07737400795828038
2015-04-03,1476.0,15.0,2015-04-09,-0.006747474795682824,0.05987970248607852
2015-04-10,1539.0,63.0,2015-04-16,-0.01880459757727173,-0.05869378317207042
2015-04-17,1628.0,89.0,2015-04-23,0.0,0.08335001397346965
2015-04-24,1711.0,83.0,2015-04-30,0.009046595293653426,-0.0061987291540551714
2015-05-01,1785.0,74.0,2015-05-07,0.0520246074424114,0.09550964540475435
2015-05-08,1897.0,112.0,2015-05-14,0.002656089050053357,-0.019809282113730793
2015-05-15,1989.0,92.0,2015-05-21,-0.021248159982704417,-0.10992989879336842
2015-05-22,2101.0,112.0,2015-05-28,-0.02393537193744446,-0.030009814596995407
2015-05-29,2233.0,132.0,2015-06-04,-0.013803905707792587,0.07304663319761912
2015-06-05,2344.0,111.0,2015-06-11,-0.02690746979911559,-0.017137191010716642
2015-06-12,2433.0,89.0,2015-06-18,0.013946242410312889,0.025947770351422927
2015-06-19,2506.0,73.0,2015-06-25,-0.02738919349683231,-0.009873097925283937
2015-06-26,2579.0,73.0,2015-07-02,-0.02366549451603634,-0.018598549579506015
2015-07-03,2666.0,87.0,2015-07-09,0.016011954150727113,0.04588619197060279
2015-07-10,2764.0,98.0,2015-07-16,0.005590438763256909,-0.013404118256195975
2015-07-17,2823.0,59.0,2015-07-23,-0.014306381987610969,-0.017192435776960797
2015-07-24,2872.0,49.0,2015-07-30,-0.018964757908699916,0.016126519524579348
2015-07-31,2910.0,38.0,2015-08-06,-0.005346605615695814,-0.00928578934057448
2015-08-07,2975.0,65.0,2015-08-13,0.0050108112128047985,-0.0115482431400058
2015-08-14,3027.0,52.0,2015-08-20,-0.029094297687062554,-0.04339642551093752
2015-08-21,3094.0,67.0,2015-08-27,0.028770863139092422,0.032447334484691545
2015-08-28,3190.0,96.0,2015-09-03,-0.026023749200063097,-0.011812550249794966
2015-09-04,3262.0,72.0,2015-09-10,0.0037202387232352675,-0.011621550520834455
2015-09-11,3336.0,74.0,2015-09-17,-0.017881371096913515,-0.023270121126106647
2015-09-18,3441.0,105.0,2015-09-24,-0.010475435841646329,-0.06291883263496036
2015-09-25,3537.0,96.0,2015-10-01,0.0073709945664268885,0.026365274426368383
2015-10-02,3634.0,97.0,2015-10-08,0.0016000751094477966,-0.01817858102099774
2015-10-09,3731.0,97.0,2015-10-15,-0.009420508443866733,-0.0276935039665431
2015-10-16,3813.0,82.0,2015-10-22,-0.042814718088735965,-0.055581804987783305
2015-10-23,3875.0,62.0,2015-10-29,0.027961685710700727,0.0463186499234901
2015-10-30,3931.0,56.0,2015-11-05,0.002956694565804841,-0.044990325173190245
2015-11-06,3985.0,54.0,2015-11-12,0.04372047489037932,0.007054717256007512
2015-11-13,4000.0,15.0,2015-11-19,-0.059279982832492105,-0.02852249094762406
2015-11-20,4009.0,9.0,2015-11-26,0.010344145755760018,-0.011823595884275282
2015-11-27,3956.0,-53.0,2015-12-03,0.0022899548926009435,-0.07916423713563363
2015-12-04,3880.0,-76.0,2015-12-10,-0.012484603931535955,-0.13815039325946185
2015-12-11,3846.0,-34.0,2015-12-17,0.006814316468770378,0.1450742282638739
2015-12-18,3814.0,-32.0,2015-12-24,0.09356120621319301,0.1400404987973763
2015-12-25,3756.0,-58.0,2015-12-31,-0.0012844285901157022,0.056159482676818334
2016-01-01,3643.0,-113.0,2016-01-07,0.03708703440762965,-0.10760205655552935
2016-01-08,3475.0,-168.0,2016-01-14,-0.01840110224951963,0.0
2016-01-15,3297.0,-178.0,2016-01-21,0.00046758361027092953,0.0203710336160429
2016-01-22,3086.0,-211.0,2016-01-28,0.051797370185149225,-0.10119359394033865
2016-01-29,2934.0,-152.0,2016-02-04,0.045112958891379625,0.011094392864412939
2016-02-05,2864.0,-70.0,2016-02-11,-0.014141648659131636,-0.10013621775371742
2016-02-12,2701.0,-163.0,2016-02-18,-0.026259702452139638,-0.07918816034966533
2016-02-19,2584.0,-117.0,2016-02-25,0.04569615302647144,-0.04299163958906948
2016-02-26,2536.0,-48.0,2016-03-03,0.016339213641186012,0.08701133456208171
2016-03-04,2479.0,-57.0,2016-03-10,0.018837143676124955,0.07952631361833248
2016-03-11,2478.0,-1.0,2016-03-17,-0.015092685322709872,-0.06950953160934072
2016-03-18,2493.0,15.0,2016-03-24,0.022989548228043125,0.07978710467171472
2016-03-25,2468.0,-25.0,2016-03-31,-0.001532578082896344,0.029672731585463442
2016-04-01,2480.0,12.0,2016-04-07,-0.013972222637780796,-0.024073308893658975
2016-04-08,2477.0,-3.0,2016-04-14,-0.035127619222772744,0.04854843718826488
2016-04-15,2484.0,7.0,2016-04-21,0.03422388359328033,0.0048239312594900545
2016-04-22,2557.0,73.0,2016-04-28,0.04700108652988164,-0.0009629723608668769
2016-04-29,2625.0,68.0,2016-05-05,0.011970502092790054,0.03734775691975828
2016-05-06,2681.0,56.0,2016-05-12,-0.027759964750582226,-0.055331201849383845
2016-05-13,2754.0,73.0,2016-05-19,0.011216894739636859,-0.037985563014649976
2016-05-20,2825.0,71.0,2016-05-26,0.09979224509898395,0.20016111198524542
2016-05-27,2907.0,82.0,2016-06-02,-0.0029148342608651874,0.08447877124325964
2016-06-03,2972.0,65.0,2016-06-09,-0.02358512862822259,-0.014239293542609813
2016-06-10,3041.0,69.0,2016-06-16,0.016529295891518504,0.044721371456556976
2016-06-17,3103.0,62.0,2016-06-23,-0.013433043057664807,0.08044180954875026
2016-06-24,3140.0,37.0,2016-06-30,0.02131698503513686,-0.04297601187049561
2016-07-01,3179.0,39.0,2016-07-07,0.00860534803016164,-0.018169087302858638
2016-07-08,3243.0,64.0,2016-07-14,0.010578265212961234,-0.012917723973678104
2016-07-15,3277.0,34.0,2016-07-21,0.03108681127653666,0.06507236827632489
2016-07-22,3294.0,17.0,2016-07-28,0.001043667190725207,-0.013667567162815496
2016-07-29,3288.0,-6.0,2016-08-04,-0.022120072141203616,-0.1052036947876064
2016-08-05,3317.0,29.0,2016-08-11,0.013626781557211877,0.04709000243633052
2016-08-12,3339.0,22.0,2016-08-18,-0.03423685922021634,0.062338996300812716
2016-08-19,3350.0,11.0,2016-08-25,0.008745934822986303,-0.019156279541976535
2016-08-26,3401.0,51.0,2016-09-01,0.0,0.0017891849590538056
2016-09-02,3437.0,36.0,2016-09-08,-0.0032125899705855235,0.042218043708044134
2016-09-09,3499.0,62.0,2016-09-15,0.007148935450054812,0.02129536724304615
2016-09-16,3551.0,52.0,2016-09-22,-0.011774765552674074,-0.010421979787715602
2016-09-23,3600.0,49.0,2016-09-29,-0.018073880442803607,0.029962265334041047
2016-09-30,3680.0,80.0,2016-10-06,0.046147262085657385,0.07455300192617029
2016-10-07,3759.0,79.0,2016-10-13,-0.01690350928742692,-0.06172895647243218
2016-10-14,3836.0,77.0,2016-10-20,-0.04826499181275231,-0.1278623470563923
2016-10-21,3909.0,73.0,2016-10-27,0.11633483770503245,0.0018073796526064199
2016-10-28,3963.0,54.0,2016-11-03,-0.000722577146778491,-0.05074226160759958
2016-11-04,4017.0,54.0,2016-11-10,0.04349323368053991,0.07711580799025629
2016-11-11,4047.0,30.0,2016-11-17,0.05049751716110288,0.13218937702525865
2016-11-18,4045.0,-2.0,2016-11-24,0.04654950575474492,0.10775636604046555
2016-11-25,3995.0,-50.0,2016-12-01,-0.01988251737419037,0.052789983195949075
2016-12-02,3953.0,-42.0,2016-12-08,0.013708081436207865,-0.07325476941453465
2016-12-09,3806.0,-147.0,2016-12-15,-0.005548285066391685,0.02983585900866763
2016-12-16,3597.0,-209.0,2016-12-22,0.03444780417860717,0.05123672734129561
2016-12-23,3360.0,-237.0,2016-12-29,-0.020728902837621098,-0.14616057804167595
2016-12-30,3311.0,-49.0,2017-01-05,0.0036596819628410817,0.03394226338705896
2017-01-06,3160.0,-151.0,2017-01-12,0.009698824948541213,-0.05524923147334676
2017-01-13,2917.0,-243.0,2017-01-19,-0.049919077425610726,0.00414813601173973
2017-01-20,2798.0,-119.0,2017-01-26,0.0026576312526973996,-0.05938719464658178
2017-01-27,2711.0,-87.0,2017-02-02,-0.03968523078705363,-0.014538815926645144
2017-02-03,2559.0,-152.0,2017-02-09,-0.034659376356931074,-0.09581967974624384
2017-02-10,2445.0,-114.0,2017-02-16,-0.007032370829536139,-0.08287900485325059
2017-02-17,2356.0,-89.0,2017-02-23,0.003813883375298328,0.06901827089584621
2017-02-24,2363.0,7.0,2017-03-02,0.008169110501577573,0.05886090654118429
2017-03-03,2295.0,-68.0,2017-03-09,0.011367531504757295,-0.024507702968455183
2017-03-10,2242.0,-53.0,2017-03-16,0.015726821425735945,0.05006930712074258
2017-03-17,2092.0,-150.0,2017-03-23,0.008160599088274531,0.04486489802012942
2017-03-24,2049.0,-43.0,2017-03-30,-0.00031340778008497104,0.04293824360971078
2017-03-31,2051.0,2.0,2017-04-06,-0.0212387144673795,-0.03171967364523132
2017-04-07,2061.0,10.0,2017-04-13,-0.02003193438619834,-0.03982824960266614
2017-04-14,2115.0,54.0,2017-04-20,-0.018530833584987322,0.025009169049498133
2017-04-21,2189.0,74.0,2017-04-27,0.011358507466863335,-0.016498419898788714
2017-04-28,2256.0,67.0,2017-05-04,0.02479975886450143,0.057925309652942944
2017-05-05,2301.0,45.0,2017-05-11,0.014117910256442632,-0.05918164992528922
2017-05-12,2369.0,68.0,2017-05-18,0.022989555688334867,0.0006283674350202777
2017-05-19,2444.0,75.0,2017-05-25,0.01619974528307209,-0.05985934883979283
2017-05-26,2525.0,81.0,2017-06-01,-0.0029964479119496696,0.006627002152705185
2017-06-02,2631.0,106.0,2017-06-08,0.003626151232551836,0.009204495432544828
2017-06-09,2709.0,78.0,2017-06-15,-0.006236702837414998,-0.05446722276862435
2017-06-16,2770.0,61.0,2017-06-22,0.012021387320230437,0.049875565356987894
2017-06-23,2816.0,46.0,2017-06-29,-0.0023037592284865607,-0.06029593428497328
2017-06-30,2878.0,62.0,2017-07-06,-0.008344947257948246,0.024962812531414108
2017-07-07,2936.0,58.0,2017-07-13,0.006396269393182202,0.027316827749015456
2017-07-14,2963.0,27.0,2017-07-20,-0.024281902825963025,-0.024618635443697787
2017-07-21,2980.0,17.0,2017-07-27,-0.009475575446388999,-0.058605829678687826
2017-07-28,2999.0,19.0,2017-08-03,-0.009329103699102914,0.06398031154952803
2017-08-04,3029.0,30.0,2017-08-10,-0.0006701927406465436,-0.018938677717304737
2017-08-11,3082.0,53.0,2017-08-17,-0.012367046888057731,0.006805055749412908
2017-08-18,3125.0,43.0,2017-08-24,-0.01951779928641965,0.03039141313688816
2017-08-25,3155.0,30.0,2017-08-31,0.009820036984304599,-0.050600964446421405
2017-09-01,3220.0,65.0,2017-09-07,-0.03100225835718697,0.029418743073538936
2017-09-08,3311.0,91.0,2017-09-14,-0.015097104874070615,-0.04122918814694015
2017-09-15,3408.0,97.0,2017-09-21,0.004403059097277157,0.023814595193566938
2017-09-22,3466.0,58.0,2017-09-28,-0.0033200530431687753,-0.03165242749251702
2017-09-29,3508.0,42.0,2017-10-05,-0.020740522605298028,0.022328391332876344
2017-10-06,3595.0,87.0,2017-10-12,0.003673377927034924,-0.03958216327440775
2017-10-13,3645.0,50.0,2017-10-19,0.014513059249348502,0.005899790956695499
2017-10-20,3710.0,65.0,2017-10-26,-0.048928584391479915,0.015450895360799482
2017-10-27,3775.0,65.0,2017-11-02,0.01655723769108982,0.0864433909226799
2017-11-03,3790.0,15.0,2017-11-09,0.004054273829558288,-0.04702611970054103
2017-11-10,3772.0,-18.0,2017-11-16,0.014309158416709138,-0.08187318838149053
2017-11-17,3726.0,-46.0,2017-11-23,0.04006807035441842,0.08449017885590053
2017-11-24,3693.0,-33.0,2017-11-30,0.011830572471482951,-0.0905940729260405
2017-12-01,3695.0,2.0,2017-12-07,0.0032520580794605032,-0.029008825288659355
2017-12-08,3626.0,-69.0,2017-12-14,-0.027192017761695712,-0.03256628745795094
2017-12-15,3444.0,-182.0,2017-12-21,0.026212328603123825,0.12807968867768052
2017-12-22,3332.0,-112.0,2017-12-28,0.013294906459406888,-0.04169458565120722
2017-12-29,3126.0,-206.0,2018-01-04,-0.02995819998064001,0.06843715768781723
2018-01-05,2767.0,-359.0,2018-01-11,0.03692333313474111,0.032224779486418546
2018-01-12,2584.0,-183.0,2018-01-18,-0.001255082877562453,0.07779694134534827
2018-01-19,2296.0,-288.0,2018-01-25,0.016686257855884002,-0.18808226950358867
2018-01-26,2197.0,-99.0,2018-02-01,-0.003507541524453028,-0.05728197171929152
2018-02-02,2078.0,-119.0,2018-02-08,-0.0428014253261904,-0.0443506846963208
2018-02-09,1884.0,-194.0,2018-02-15,-0.008563631906111478,0.017291526681358103
2018-02-16,1760.0,-124.0,2018-02-22,-0.003422731173669366,0.0240071136015295
2018-02-23,1682.0,-78.0,2018-03-01,-0.0011125612285872086,0.021269627558195777
2018-03-02,1625.0,-57.0,2018-03-08,-0.008746385477527723,-0.027590511257454795
2018-03-09,1532.0,-93.0,2018-03-15,0.002607552059373222,-0.024161194214688084
2018-03-16,1446.0,-86.0,2018-03-22,-0.009984730406826037,0.043371258696899354
2018-03-23,1383.0,-63.0,2018-03-29,-0.018464317456784205,-0.011777855971390081
2018-03-30,1354.0,-29.0,2018-04-05,0.009672703108066415,0.004103776054888576
2018-04-06,1335.0,-19.0,2018-04-12,0.018078258940585384,-0.009726983516386843
2018-04-13,1299.0,-36.0,2018-04-19,0.029266765163929287,0.058765312117575394
2018-04-20,1281.0,-18.0,2018-04-26,-0.017883234337118904,-0.03425610801557382
2018-04-27,1343.0,62.0,2018-05-03,-0.005517801310319719,0.03177156089441793
2018-05-04,1432.0,89.0,2018-05-10,-0.0028469404161518,0.01586498194161924
2018-05-11,1538.0,106.0,2018-05-17,-0.0042061345698935415,0.02793769881450894
2018-05-18,1629.0,91.0,2018-05-24,-0.0003402503683420235,0.00745507897166625
2018-05-25,1725.0,96.0,2018-05-31,0.0033818059989333027,-0.0074804279730604755
2018-06-01,1817.0,92.0,2018-06-07,-0.013745907389641134,0.01187455768872891
2018-06-08,1913.0,96.0,2018-06-14,0.01904188496383696,0.0033670034395804167
2018-06-15,2008.0,95.0,2018-06-21,-0.0101352125057436,-0.011834406127981876
2018-06-22,2074.0,66.0,2018-06-28,-0.00545705044579501,-0.028287507290847582
2018-06-29,2152.0,78.0,2018-07-05,0.007374975345231832,-0.014199728506786065
2018-07-06,2203.0,51.0,2018-07-12,-0.016219435638583038,-0.010061126194619846
2018-07-13,2248.0,45.0,2018-07-19,-0.004343142503311355,0.003964653935250376
2018-07-20,2272.0,24.0,2018-07-26,0.014994945481921781,0.012866515466095655
2018-07-27,2305.0,33.0,2018-08-02,0.013053613281055854,0.048181192162275274
2018-08-03,2353.0,48.0,2018-08-09,-0.003729422229207691,-0.016033067991782512
2018-08-10,2386.0,33.0,2018-08-16,0.012982794659463679,0.019074145881621218
2018-08-17,2435.0,49.0,2018-08-23,-0.015983993081393894,-0.030834890053527946
2018-08-24,2504.0,69.0,2018-08-30,0.014507963332971633,-0.03469376198619696
2018-08-31,2567.0,63.0,2018-09-06,0.001441942726932922,0.016103349585674036
2018-09-07,2636.0,69.0,2018-09-13,-0.017908771419254697,0.05490768293619895
2018-09-14,2722.0,86.0,2018-09-20,0.00033594070842335997,0.026526728747355732
2018-09-21,2768.0,46.0,2018-09-27,-0.01583149758525017,0.03504617411150665
2018-09-28,2866.0,98.0,2018-10-04,-0.006975321532461758,0.017849205100825393
2018-10-05,2956.0,90.0,2018-10-11,-0.01911381118692551,-0.0074766485465074944
2018-10-12,3037.0,81.0,2018-10-18,0.01612939624394485,0.001249984097439423
2018-10-19,3095.0,58.0,2018-10-25,-0.005323313136621451,0.010871387213565844
2018-10-26,3143.0,48.0,2018-11-01,0.014415195787856412,0.09032684962954274
2018-11-02,3208.0,65.0,2018-11-08,0.04848102108658078,0.13077572530398673
2018-11-09,3247.0,39.0,2018-11-15,0.056332516918657184,0.0647242333182096
2018-11-16,3113.0,-134.0,2018-11-22,-0.014025461596868924,0.06818782026499388
2018-11-23,3054.0,-59.0,2018-11-29,-0.0073450147170663165,-0.034599465121607366
2018-11-30,2991.0,-63.0,2018-12-06,0.03653265565883109,-0.04805091013236668
2018-12-07,2914.0,-77.0,2018-12-13,-0.07474240270416053,-0.14062316084453697
2018-12-14,2773.0,-141.0,2018-12-20,0.063002326702242,-0.08136928456094375
2018-12-21,2725.0,-48.0,2018-12-27,-0.09770183198330451,-0.17936055975794948
2018-12-28,2705.0,-20.0,2019-01-03,0.033063616114005545,0.008116435394377985
2019-01-04,2614.0,-91.0,2019-01-10,0.042854241589996345,0.1393664713901169
2019-01-11,2533.0,-81.0,2019-01-17,0.020015172444591146,-0.0713396415079569
2019-01-18,2370.0,-163.0,2019-01-24,0.02517258829216368,-0.09647255136274072
2019-01-25,2197.0,-173.0,2019-01-31,-0.028841193615330597,-0.09812143454095765
2019-02-01,1960.0,-237.0,2019-02-07,0.012466007183168157,0.00858702999231342
2019-02-08,1882.0,-78.0,2019-02-14,0.02000838053502827,0.05445581774367355
2019-02-15,1705.0,-177.0,2019-02-21,0.007388279193682468,0.041755932777359346
2019-02-22,1539.0,-166.0,2019-02-28,0.01657591516291312,0.01902132060827559
2019-03-01,1390.0,-149.0,2019-03-07,-0.00034895394877567173,-0.003845457655480433
2019-03-08,1190.0,-200.0,2019-03-14,-0.021239715885060614,-0.011980382610345557
2019-03-15,1143.0,-47.0,2019-03-21,-0.024400233396807913,-0.03940513648499047
2019-03-22,1107.0,-36.0,2019-03-28,-0.01860863293224719,-0.0257717376491851
2019-03-29,1130.0,23.0,2019-04-04,0.007914172521450066,0.007914172521450066
2019-04-05,1155.0,25.0,2019-04-11,-0.0015026105048501135,-0.06754605125899978
2019-04-12,1247.0,92.0,2019-04-18,0.01356220241199219,0.030065545940283826
2019-04-19,1339.0,92.0,2019-04-25,0.020473174356966984,0.02939660972246281
2019-04-26,1462.0,123.0,2019-05-02,-0.008533827902622302,0.0023148320305752482
2019-05-03,1547.0,85.0,2019-05-09,0.009206021860566316,0.016813506750060127
2019-05-10,1653.0,106.0,2019-05-16,-0.003036016385949872,-0.023386103241239336
2019-05-17,1753.0,100.0,2019-05-23,0.007728006184767768,-0.04929458641757105
2019-05-24,1867.0,114.0,2019-05-30,-0.037196824304090034,-0.09162638093318085
2019-05-31,1986.0,119.0,2019-06-06,0.005578221747026683,0.0004302714432971328
2019-06-07,2088.0,102.0,2019-06-13,0.02631732296674804,-0.06210425718874442
2019-06-14,2203.0,115.0,2019-06-20,0.00045763712880466913,0.06167398574544737
2019-06-21,2301.0,98.0,2019-06-27,-0.006908401444547608,0.0396509569881408
2019-06-28,2390.0,89.0,2019-07-04,-0.006222739921035705,0.014371048175134805
2019-07-05,2471.0,81.0,2019-07-11,0.015198558984854383,-0.05487234509679806
2019-07-12,2533.0,62.0,2019-07-18,-0.015866359460864662,-0.018980920225817363
2019-07-19,2569.0,36.0,2019-07-25,-0.03399377844650072,-0.01889397483611563
2019-07-26,2634.0,65.0,2019-08-01,-0.037478294262041266,-0.034183412786024894
2019-08-02,2689.0,55.0,2019-08-08,-0.004238321855232381,0.04771551359851631
2019-08-09,2738.0,49.0,2019-08-15,-0.014440712898642901,-0.033252980509172005
2019-08-16,2797.0,59.0,2019-08-22,-0.0032474951727942784,0.06152336569061641
2019-08-23,2857.0,60.0,2019-08-29,-0.004802418209941653,0.0835209910207845
2019-08-30,2941.0,84.0,2019-09-05,0.024742738104167022,0.055514330196190315
2019-09-06,3019.0,78.0,2019-09-12,0.015420583346114406,-0.014084651854467747
2019-09-13,3103.0,84.0,2019-09-19,-0.0015773610916801303,-0.04430854917775349
2019-09-20,3205.0,102.0,2019-09-26,-0.009933827278055394,-0.041628872935068256
2019-09-27,3317.0,112.0,2019-10-03,0.009827039961141109,-0.048833129574103296
2019-10-04,3415.0,98.0,2019-10-10,-0.0018050314342044084,0.04409891896390831
2019-10-11,3519.0,104.0,2019-10-17,0.0008623782494651253,-0.0008632255317717006
2019-10-18,3606.0,87.0,2019-10-24,-0.006932450919271708,0.12828228827417593
2019-10-25,3695.0,89.0,2019-10-31,0.030299715096706693,0.05144526676614684
2019-11-01,3729.0,34.0,2019-11-07,0.006114012792591022,-0.0461421568154565
2019-11-08,3732.0,3.0,2019-11-14,0.015370457831708623,-0.030689083637400735
2019-11-15,3638.0,-94.0,2019-11-21,0.03746617559395591,-0.11812396872559322
2019-11-22,3610.0,-28.0,2019-11-28,0.020825090280094178,0.022969682277860812
2019-11-29,3591.0,-19.0,2019-12-05,-0.03907236434370254,-0.04164638624148796
2019-12-06,3518.0,-73.0,2019-12-12,-0.013841079245499453,-0.02390901365473404
2019-12-13,3411.0,-107.0,2019-12-19,0.023909013654734083,-0.05191868240899656
2019-12-20,3250.0,-161.0,2019-12-26,-0.06111511632843815,-0.0741749461795176
2019-12-27,3192.0,-58.0,2020-01-02,0.003763003144964069,0.02052306720032809
2020-01-03,3148.0,-44.0,2020-01-09,0.016483896620010936,-0.0419575994451234
2020-01-10,3039.0,-109.0,2020-01-16,-0.036278430901316876,-0.09276162230598817
2020-01-17,2947.0,-92.0,2020-01-23,-0.01728243712706056,-0.05167594555772092
2020-01-24,2746.0,-201.0,2020-01-30,0.006539513689076835,0.01788180538569154
2020-01-31,2609.0,-137.0,2020-02-06,-0.002150510759338248,-0.01952340411512229
2020-02-07,2494.0,-115.0,2020-02-13,0.006006044388284298,0.04235422496654666
2020-02-14,2343.0,-151.0,2020-02-20,-0.007843170127777188,-0.0915671858707842
2020-02-21,2200.0,-143.0,2020-02-27,-0.039586052935990344,0.011350849070751587
2020-02-28,2091.0,-109.0,2020-03-05,-0.036785763906262904,0.03820005412421626
2020-03-06,2043.0,-48.0,2020-03-12,0.01509462500989187,-0.10711225788764672
2020-03-13,2034.0,-9.0,2020-03-19,-0.0306961309224038,-0.01033134629074071
2020-03-20,2005.0,-29.0,2020-03-26,-0.00183431483093043,-0.053320825577635816
2020-03-27,1986.0,-19.0,2020-04-02,0.04349882326696301,0.11030958259006726
2020-04-03,2024.0,38.0,2020-04-09,-0.0052068748808831375,0.011474584061452712
2020-04-10,2097.0,73.0,2020-04-16,0.03896976455003908,0.07372664588564795
2020-04-17,2140.0,43.0,2020-04-23,-0.03875801233074537,0.07123092177150124
2020-04-24,2210.0,70.0,2020-04-30,-0.03073959951203125,-0.028625398053512444
2020-05-01,2319.0,109.0,2020-05-07,-0.03820755237515951,-0.11930217193870093
2020-05-08,2422.0,103.0,2020-05-14,-0.02104073196536572,0.017104541800214403
2020-05-15,2503.0,81.0,2020-05-21,0.01220585251878368,0.07815154720356596
2020-05-22,2612.0,109.0,2020-05-28,0.011969650624683711,-0.0027404759080480387
2020-05-29,2714.0,102.0,2020-06-04,-0.022198514949690662,-0.004951901709621103
2020-06-05,2807.0,93.0,2020-06-11,-0.046283666442429594,-0.10150691936644993
2020-06-12,2892.0,85.0,2020-06-18,0.018748669975738465,-0.10008347004814208
2020-06-19,3012.0,120.0,2020-06-25,0.008733687662835382,0.15703833728949293
2020-06-26,3077.0,65.0,2020-07-02,0.053885130645483635,0.04012970306666213
2020-07-03,3133.0,56.0,2020-07-09,0.014509129382448265,-0.031984447015461916
2020-07-10,3178.0,45.0,2020-07-16,-0.0029061311244271224,0.03535141020450025
2020-07-17,3215.0,37.0,2020-07-23,0.01280284803121251,0.024350970790949007
2020-07-24,3241.0,26.0,2020-07-30,-0.016538398571706053,0.16865097651154926
2020-07-31,3274.0,33.0,2020-08-06,0.03316222855587041,0.007821507737001111
2020-08-07,3332.0,58.0,2020-08-13,0.0767233915497544,0.0750241776538276
2020-08-14,3375.0,43.0,2020-08-20,0.040005316725150196,0.09213569619463663
2020-08-21,3420.0,45.0,2020-08-27,0.029795965764777714,-0.03632456520036689
2020-08-28,3455.0,35.0,2020-09-03,0.039808239265862806,-0.09173793088486223
2020-09-04,3525.0,70.0,2020-09-10,-0.023520204747720184,-0.12892968725237403
2020-09-11,3614.0,89.0,2020-09-17,0.0029340078445247793,0.09611114362648716
2020-09-18,3680.0,66.0,2020-09-24,-0.049702488890840446,0.11699191832490177
2020-09-25,3756.0,76.0,2020-10-01,-0.03585479258698486,0.038809737498561696
2020-10-02,3831.0,75.0,2020-10-08,0.04248024807717486,0.05480823528490193
2020-10-09,3877.0,46.0,2020-10-15,-0.0007210142435696916,0.08029211229250731
2020-10-16,3926.0,49.0,2020-10-22,-0.01204431214281781,0.09328259483768786
2020-10-23,3955.0,29.0,2020-10-29,0.015928202002363872,-0.11513589633857134
2020-10-30,3919.0,-36.0,2020-11-05,-0.01852536736344763,0.011490548327857949
2020-11-06,3927.0,8.0,2020-11-12,0.006364052672233885,-0.1381503592510535
2020-11-13,3958.0,31.0,2020-11-19,0.022129894552372707,0.09243002842503502
2020-11-20,3940.0,-18.0,2020-11-26,0.013624677129799924,-0.09901025722485524
2020-11-27,3939.0,-1.0,2020-12-03,0.02676274563043789,0.018182320796724605
2020-12-04,3848.0,-91.0,2020-12-10,0.01477480469807882,0.031993457726520874
2020-12-11,3726.0,-122.0,2020-12-17,0.023989205144463854,-0.04579769459594825
2020-12-18,3574.0,-152.0,2020-12-24,-0.08838418551998531,0.024712064538780804
2020-12-25,3460.0,-114.0,2020-12-31,0.016406639224778703,0.061481474426409916
2021-01-01,3330.0,-130.0,2021-01-07,-0.010683484603370961,-0.02335609501298023
2021-01-08,3196.0,-134.0,2021-01-14,0.02628324561597864,-0.08612510244762613
2021-01-15,3009.0,-187.0,2021-01-21,-0.01823013319839306,0.06714455455355697
2021-01-22,2881.0,-128.0,2021-01-28,-0.03826026890926681,0.0968786682185287
2021-01-29,2689.0,-192.0,2021-02-04,-0.02483743698126166,-0.023092500406070682
2021-02-05,2518.0,-171.0,2021-02-11,0.0152251766514689,0.0677368441239736
2021-02-12,2281.0,-237.0,2021-02-18,-0.004226964965663547,-0.10420755200084962
2021-02-19,1943.0,-338.0,2021-02-25,-0.0021629576256391833,-0.011225864367125664
2021-02-26,1845.0,-98.0,2021-03-04,-0.016523260469405266,-0.02881620448046069
2021-03-05,1793.0,-52.0,2021-03-11,-0.025817713271638412,-0.07266743843553045
2021-03-12,1782.0,-11.0,2021-03-18,0.021531987717643447,0.03524418974780092
2021-03-19,1750.0,-32.0,2021-03-25,-0.005071207205734073,0.026494161461485644
2021-03-26,1764.0,14.0,2021-04-01,-0.04971898688028196,-0.04376300140371075
2021-04-02,1784.0,20.0,2021-04-08,0.0015847659515287364,0.05252169038289266
2021-04-09,1845.0,61.0,2021-04-15,0.008242862011466862,0.033663278128083986
2021-04-16,1883.0,38.0,2021-04-22,-0.00693561936529266,0.05725943380124795
2021-04-23,1898.0,15.0,2021-04-29,0.006846990426470994,0.005822917629194739
2021-04-30,1958.0,60.0,2021-05-06,0.010193758609882683,0.015251973717210987
2021-05-07,2029.0,71.0,2021-05-13,-0.004044523171810019,-0.016277096314744957
2021-05-14,2100.0,71.0,2021-05-20,-0.006516934020072612,0.011218881207416842
2021-05-21,2215.0,115.0,2021-05-27,0.009421373968327786,0.04592051783389845
2021-05-28,2313.0,98.0,2021-06-03,0.018247491106020718,0.034898547391005855
2021-06-04,2411.0,98.0,2021-06-10,0.04562469349660181,0.03249273423290715
2021-06-11,2427.0,16.0,2021-06-17,-0.011750322948268214,0.04947792573022135
2021-06-18,2482.0,55.0,2021-06-24,0.02256389285283265,0.0686807581139136
2021-06-25,2558.0,76.0,2021-07-01,0.010596494752632184,0.0035446557568166673
2021-07-02,2574.0,16.0,2021-07-08,-0.0038033023261311674,-0.020269081003983124
2021-07-09,2629.0,55.0,2021-07-15,0.01646577867785203,0.10222881082773615
2021-07-16,2678.0,49.0,2021-07-22,0.014138933828193935,0.013892615924271004
2021-07-23,2714.0,36.0,2021-07-29,-0.03637676387046503,0.01975911397135742
2021-07-30,2727.0,13.0,2021-08-05,0.0,-0.05129323982952298
2021-08-06,2776.0,49.0,2021-08-12,-0.01847628266762287,-0.02653773248537911
2021-08-13,2822.0,46.0,2021-08-19,0.005468089885910928,0.08840294713709561
2021-08-20,2851.0,29.0,2021-08-26,0.04349525251008543,0.10366208546386002
2021-08-27,2871.0,20.0,2021-09-02,0.015182607807884965,0.06203061599305719
2021-09-03,2923.0,52.0,2021-09-09,-0.018658366939285412,0.05867009309827703
2021-09-10,3006.0,83.0,2021-09-16,-0.04406843655117444,-0.06966257019840769
2021-09-17,3082.0,76.0,2021-09-23,0.03242673178587646,0.16471712579337056
2021-09-24,3170.0,88.0,2021-09-30,-0.043189742836759394,-0.03292051524693484
2021-10-01,3288.0,118.0,2021-10-07,-0.019925937242356678,0.001759900521520972
2021-10-08,3369.0,81.0,2021-10-14,-0.0499337681199844,-0.10600547811718164
2021-10-15,3461.0,92.0,2021-10-21,0.03174878279819244,0.1225723001535643
2021-10-22,3548.0,87.0,2021-10-28,-0.06354741877897872,-0.011480380727542256
2021-10-29,3611.0,63.0,2021-11-04,-0.03561635149612621,-0.1044667204205071
2021-11-05,3618.0,7.0,2021-11-11,-0.07206341885136079,-0.04915927867249723
2021-11-12,3644.0,26.0,2021-11-18,0.03271087400844997,0.10542172831442252
2021-11-19,3623.0,-21.0,2021-11-25,-0.11526187713814093,-0.2763034594321225
2021-11-26,3564.0,-59.0,2021-12-02,0.01856422021190409,-0.06151884498680397
2021-12-03,3505.0,-59.0,2021-12-09,0.028687860412637548,-0.012665039828144474
2021-12-10,3417.0,-88.0,2021-12-16,-0.020386965285537,-0.009337158919912434
2021-12-17,3362.0,-55.0,2021-12-23,0.0845066795949725,-0.00026804115570028237
2021-12-24,3226.0,-136.0,2021-12-30,0.04636680394318617,0.06811256047260422
2021-12-31,3195.0,-31.0,2022-01-06,0.026916701119784895,0.11345982747499692
2022-01-07,3016.0,-179.0,2022-01-13,-0.0018752694061794871,-0.06556947478465026
2022-01-14,2810.0,-206.0,2022-01-20,0.05051709188271125,0.4994513109305606
2022-01-21,2591.0,-219.0,2022-01-27,-0.30047975442423097,-0.2481953428263166
2022-01-28,2323.0,-268.0,2022-02-03,-0.06683247243746755,-0.2107917281435931
2022-02-04,2101.0,-222.0,2022-02-10,-0.004557001725903528,0.12496995363674965
2022-02-11,1911.0,-190.0,2022-02-17,-0.012336104970782726,-0.00357308801522796
2022-02-18,1782.0,-129.0,2022-02-24,-0.021687075591386554,0.03315702723484925
2022-02-25,1643.0,-139.0,2022-03-03,0.06040029774858255,-0.01945962795506774
2022-03-04,1519.0,-124.0,2022-03-10,0.020094704202469022,0.07466302733566937
2022-03-11,1440.0,-79.0,2022-03-17,-0.02578034973119839,0.07914826195319902
2022-03-18,1389.0,-51.0,2022-03-24,0.03099046299344658,0.04365452188978223
2022-03-25,1415.0,26.0,2022-03-31,0.013730120973620285,0.11963251694099862
2022-04-01,1382.0,-33.0,2022-04-07,-0.012819725703681232,0.138003209603106
2022-04-08,1397.0,15.0,2022-04-14,0.06881020222639372,-0.11085507336380608
2022-04-15,1450.0,53.0,2022-04-21,-0.06272901422004927,-0.009967546351768585
2022-04-22,1490.0,40.0,2022-04-28,0.05039276544167334,0.24303726527944244
2022-04-29,1567.0,77.0,2022-05-05,-0.08801585863569807,-0.1265455739876675
2022-05-06,1643.0,76.0,2022-05-12,-0.009868894151786784,0.07094639910093602
2022-05-13,1732.0,89.0,2022-05-19,-0.027455745774729964,0.06973088935906159
2022-05-20,1819.0,87.0,2022-05-26,-0.020528053256389713,-0.04418138474825862
2022-05-27,1901.0,82.0,2022-06-02,0.004468505566524696,0.05480516734853863
2022-06-03,2003.0,102.0,2022-06-09,-0.012687523448649887,-0.18301353187367925
2022-06-10,2095.0,92.0,2022-06-16,-0.07221354985112872,-0.18232162067889024
2022-06-17,2169.0,74.0,2022-06-23,-0.003050015040272704,-0.1399863768068006
2022-06-24,2251.0,82.0,2022-06-30,0.05488202280204063,0.10657661620734694
2022-07-01,2311.0,60.0,2022-07-07,-0.04266319114161727,0.04699631598049099
2022-07-08,2369.0,58.0,2022-07-14,0.06112359112655788,0.18383559627363136
2022-07-15,2401.0,32.0,2022-07-21,0.04522976901909262,0.025147555055473555
2022-07-22,2416.0,15.0,2022-07-28,0.011611725837322999,-0.0014763885856423754
2022-07-29,2457.0,41.0,2022-08-04,-0.007166669913425707,0.08854921006389639
2022-08-05,2501.0,44.0,2022-08-11,-0.012016917210945697,0.03477264754357993
2022-08-12,2519.0,18.0,2022-08-18,0.01597968744824112,0.020148316922766616
2022-08-19,2579.0,60.0,2022-08-25,-0.008462422631436425,-0.012126554736875692
2022-08-26,2640.0,61.0,2022-09-01,-0.052760442910193106,-0.14697862385815458
2022-09-02,2694.0,54.0,2022-09-08,0.010181704748048475,0.05038326309602376
2022-09-09,2771.0,77.0,2022-09-15,-0.06964529416395876,-0.16059863298775442
2022-09-16,2874.0,103.0,2022-09-22,-0.03751250363315136,-0.030798129650053394
2022-09-23,2977.0,103.0,2022-09-29,-0.01583614905850678,0.014155956194813262
2022-09-30,3106.0,129.0,2022-10-06,-0.032655959001005715,-0.03369383726395992
2022-10-07,3231.0,125.0,2022-10-13,-0.04366315830804493,-0.22961757380212014
2022-10-14,3342.0,111.0,2022-10-20,-0.07738660428517737,-0.03262807199345754
2022-10-21,3394.0,52.0,2022-10-27,0.0916925508124828,0.14162141974961032
2022-10-28,3501.0,107.0,2022-11-03,0.06871392341028938,0.0432358062036164
2022-11-04,3580.0,79.0,2022-11-10,-0.059433176845445794,0.02062257674069083
2022-11-11,3644.0,64.0,2022-11-17,-0.010416758506367193,0.0978904154281775
2022-11-18,3564.0,-80.0,2022-11-24,-0.04543592697759433,-0.11180365489252939
2022-11-25,3483.0,-81.0,2022-12-01,-0.07023390719267784,-0.1223571551886362
2022-12-02,3462.0,-21.0,2022-12-08,0.046375147911838825,0.1562092173303088
2022-12-09,3412.0,-50.0,2022-12-15,-0.05454556008803482,-0.3323772877406212
2022-12-16,3325.0,-87.0,2022-12-22,0.015876484137852993,-0.11073157651452198
2022-12-23,3112.0,-213.0,2022-12-29,-0.018596974162603412,-0.20607141767671747
2022-12-30,2891.0,-221.0,2023-01-05,-0.002691789074430514,-0.006743139642713968
2023-01-06,2902.0,11.0,2023-01-12,-0.07763245189586691,-0.15198790641696888
2023-01-13,2820.0,-82.0,2023-01-19,-0.03132526829074699,-0.10654869539678176
2023-01-20,2734.0,-86.0,2023-01-26,0.05453191783698228,-0.18123515602479995
2023-01-27,2583.0,-151.0,2023-02-02,-0.018907263668503038,-0.010642761960903177
2023-02-03,2366.0,-217.0,2023-02-09,0.03398380106539399,-0.017016442029296173
2023-02-10,2266.0,-100.0,2023-02-16,-0.0488947484725971,0.025621251634219057
2023-02-17,2195.0,-71.0,2023-02-23,0.05751851264108634,0.17806309112593152
2023-02-24,2114.0,-81.0,2023-03-02,0.08456714565166412,-0.083696193224691
2023-03-03,2030.0,-84.0,2023-03-09,-0.045453194865077116,-0.01146939379968323
2023-03-10,1972.0,-58.0,2023-03-16,-0.07257919755016475,-0.15454848678944974
2023-03-17,1900.0,-72.0,2023-03-23,0.028377205934645777,-0.023486260711380963
2023-03-24,1853.0,-47.0,2023-03-30,0.051863466646026715,-0.04520826838229073
2023-03-31,1830.0,-23.0,2023-04-06,0.07701630045134635,0.04994985623780628
2023-04-07,1855.0,25.0,2023-04-13,0.05194087163600362,0.1138446505958691
2023-04-14,1930.0,75.0,2023-04-20,-0.007139714409031857,0.0460550303630255
2023-04-21,2009.0,79.0,2023-04-27,0.023086047549430676,-0.11412728011499189
2023-04-28,2063.0,54.0,2023-05-04,0.016989560156043176,0.041488114503938384
2023-05-05,2141.0,78.0,2023-05-11,0.03411460695866535,0.16852821147699493
2023-05-12,2240.0,99.0,2023-05-18,-0.002704258716025822,-0.11648183613924802
2023-05-19,2336.0,96.0,2023-05-25,-0.05616446069831568,-0.06029957483604424
2023-05-26,2446.0,110.0,2023-06-01,0.006466507157632936,0.08608416592489065
2023-06-02,2550.0,104.0,2023-06-08,-0.04255963645541434,0.07413833878210577
2023-06-09,2634.0,84.0,2023-06-15,0.038339633860707455,0.07453090726675102
2023-06-16,2729.0,95.0,2023-06-22,0.04535161585163115,0.03503840620768975
2023-06-23,2805.0,76.0,2023-06-29,0.035282845378766484,-0.04505776655750935
2023-06-30,2881.0,76.0,2023-07-06,-0.010402694653647343,-0.024836313746025768
2023-07-07,2930.0,49.0,2023-07-13,-0.0023603637359513995,0.0800124409920743
2023-07-14,2971.0,41.0,2023-07-20,-0.016088065501487298,-0.10105747871633894
2023-07-21,2987.0,16.0,2023-07-27,0.056935416377097064,0.02887285867470824
2023-07-28,3001.0,14.0,2023-08-03,0.004667392992028158,0.07435854915228372
2023-08-04,3030.0,29.0,2023-08-10,0.0025302632303245407,-0.05276110609353495
2023-08-11,3065.0,35.0,2023-08-17,-0.027070458473407267,-0.03969392541800393
2023-08-18,3083.0,18.0,2023-08-24,0.008302047440303339,0.09426297852858236
2023-08-25,3115.0,32.0,2023-08-31,-0.0010843241859066373,-0.06069231457302507
2023-09-01,3148.0,33.0,2023-09-07,0.01003095710713648,0.04880860920414244
2023-09-08,3205.0,57.0,2023-09-14,-0.023917392435921562,-0.03686015348278129
2023-09-15,3269.0,64.0,2023-09-21,0.010291758055027352,0.12075861329413856
2023-09-22,3359.0,90.0,2023-09-28,-0.005447760452086495,0.0723601320812981
2023-09-29,3445.0,86.0,2023-10-05,0.05290291643631898,0.05469879893569397
2023-10-06,3529.0,84.0,2023-10-12,-0.03282970739501989,-0.12299247877696699
2023-10-13,3626.0,97.0,2023-10-19,-0.01980942107960855,0.08334101648557532
2023-10-20,3700.0,74.0,2023-10-26,-0.01567920240485395,0.07721450012648753
2023-10-27,3779.0,79.0,2023-11-02,0.012308791819685487,-0.1325443909706685
2023-11-03,3773.0,-6.0,2023-11-09,-0.0026341461260066257,0.00688193675378152
2023-11-10,3833.0,60.0,2023-11-16,-0.03387902784731113,-0.042701624149302994
2023-11-17,3826.0,-7.0,2023-11-23,-0.02729483513276362,-0.046033220669619526
2023-11-24,3836.0,10.0,2023-11-30,0.004273455805354645,-0.0806079415344066
2023-12-01,3719.0,-117.0,2023-12-07,-0.0015485672481542563,-0.07759570337417417
2023-12-08,3664.0,-55.0,2023-12-14,0.04055439166880894,0.07255399741425175
2023-12-15,3577.0,-87.0,2023-12-21,0.014666364383911437,-0.022808730867569096
2023-12-22,3490.0,-87.0,2023-12-28,-0.01695957983587868,0.12345932136959617
2023-12-29,3476.0,-14.0,2024-01-04,0.025202519917066235,0.09334239624465111
2024-01-05,3336.0,-140.0,2024-01-11,0.06742024895613598,-0.20657184485136124
2024-01-12,3182.0,-154.0,2024-01-18,-0.06827803548690115,-0.0478450871975407
2024-01-19,2856.0,-326.0,2024-01-25,0.05339136383235922,-0.22645519697104183
2024-01-26,2659.0,-197.0,2024-02-01,0.01404723715103721,-0.06707827697246437
2024-02-02,2584.0,-75.0,2024-02-08,-0.03719879015138931,-0.1927039533896647
2024-02-09,2530.0,-54.0,2024-02-15,0.017555308330184618,0.013819362061331969
2024-02-16,2470.0,-60.0,2024-02-22,-0.07739990469673122,0.07129968913013036
2024-02-23,2374.0,-96.0,2024-02-29,-0.013531993120957394,-0.022839522217398132
2024-03-01,2334.0,-40.0,2024-03-07,-0.007176410473117975,-0.04327728009392352
2024-03-08,2325.0,-9.0,2024-03-14,-0.05065870156283177,-0.03388179659553766
2024-03-15,2332.0,7.0,2024-03-21,-0.01436286173206055,0.04643901339782104
2024-03-22,2296.0,-36.0,2024-03-28,0.041116903074915175,0.012401486625112408
2024-03-29,2259.0,-37.0,2024-04-04,0.006181485227925788,-0.005652920741047333
2024-04-05,2283.0,24.0,2024-04-11,0.00339554524662417,-0.003976198727312204
2024-04-12,2333.0,50.0,2024-04-18,-0.0028498140186565615,-0.07013179941831778
2024-04-19,2425.0,92.0,2024-04-25,-0.014760445613920785,0.21701986865429715
2024-04-26,2484.0,59.0,2024-05-02,0.05124409225426044,0.1228480013745677
2024-05-03,2569.0,85.0,2024-05-09,-0.021525110667999448,0.08094482088901006
2024-05-10,2640.0,71.0,2024-05-16,0.05117306494459885,0.06290900784946978
2024-05-17,2719.0,79.0,2024-05-23,-0.05293879723035906,-0.026698829268750116
2024-05-24,2804.0,85.0,2024-05-30,0.005815045158577769,0.0924076504208394
2024-05-31,2900.0,96.0,2024-06-06,0.033806977039391596,0.04775994362606689
2024-06-07,2974.0,74.0,2024-06-13,-0.02671394013706729,-0.08974952671076693
2024-06-14,3045.0,71.0,2024-06-20,-0.013220910263653346,-0.02064208770764228
2024-06-21,3102.0,57.0,2024-06-27,-0.03178469305055309,-0.14654464590881264
2024-06-28,3134.0,32.0,2024-07-04,0.020064678212418956,0.004302928523434576
2024-07-05,3199.0,65.0,2024-07-11,0.026540653016763362,-0.0651265338711484
2024-07-12,3209.0,10.0,2024-07-18,0.001410778962432597,-0.04033197275064381
2024-07-19,3231.0,22.0,2024-07-25,-0.01729711916791206,-0.03642200337401041
2024-07-26,3249.0,18.0,2024-08-01,-0.0005082829661082405,0.07769475390623354
2024-08-02,3270.0,21.0,2024-08-08,0.007494083821314175,0.03238022539876067
2024-08-09,3264.0,-6.0,2024-08-15,-0.03426266685825073,-0.067790680526685
2024-08-16,3299.0,35.0,2024-08-22,-0.015214967643132661,0.040100890578542145
2024-08-23,3334.0,35.0,2024-08-29,-0.004690435450617835,0.06257707871408566
2024-08-30,3347.0,13.0,2024-09-05,0.009273701552644432,0.04468327892838223
2024-09-06,3387.0,40.0,2024-09-12,-0.022308966287879536,-0.003825748611995407
2024-09-13,3445.0,58.0,2024-09-19,0.03597207774794766,0.09616159963103643
2024-09-20,3493.0,48.0,2024-09-26,0.11567461465597245,0.13883643973024037
2024-09-27,3548.0,55.0,2024-10-03,-0.03984041131429432,-0.1046125999254005
2024-10-04,3630.0,82.0,2024-10-10,-0.01620536065403536,-0.1308114952265819
2024-10-11,3706.0,76.0,2024-10-17,-0.03865844718241387,0.0719143997421098
2024-10-18,3785.0,79.0,2024-10-24,0.01495496910191978,0.070788749935743
2024-10-25,3864.0,79.0,2024-10-31,-0.01638767003228602,-0.00518517410536304
2024-11-01,3931.0,67.0,2024-11-07,-0.0089520060334332,0.03359206132997638
2024-11-08,3972.0,41.0,2024-11-14,0.013552228857682867,0.18142345276471752
2024-11-15,3969.0,-3.0,2024-11-21,-0.06495790873456347,0.007162050840345824
2024-11-22,3967.0,-2.0,2024-11-28,-0.04562830926682871,-0.08920336422079772
2024-11-29,3937.0,-30.0,2024-12-05,-0.0009748241209917851,0.11521756743402617
2024-12-06,3747.0,-190.0,2024-12-12,-0.05197902146402772,0.03665709084192557
2024-12-13,3622.0,-125.0,2024-12-19,0.04474281346081278,-0.019724553583608837
2024-12-20,3529.0,-93.0,2024-12-26,-0.05562368267013716,-0.10222496436830478
2024-12-27,3413.0,-116.0,2025-01-02,-0.08730948016668419,0.011139875840052068
2025-01-03,3373.0,-40.0,2025-01-09,0.07493754677947431,0.14019649557793787
2025-01-10,3115.0,-258.0,2025-01-16,-0.07559043230586174,-0.05577787272759763
2025-01-17,2892.0,-223.0,2025-01-23,0.020572732178815143,-0.2582914599074211
2025-01-24,2571.0,-321.0,2025-01-30,-0.0009850669188635375,0.11196812925995872
2025-01-31,2397.0,-174.0,2025-02-06,-0.02947957317762293,0.06255593130752354
2025-02-07,2297.0,-100.0,2025-02-13,0.026385288193606714,0.15446568332900754
2025-02-14,2101.0,-196.0,2025-02-20,0.019557087445238895,-0.05393341007412634
2025-02-21,1840.0,-261.0,2025-02-27,-0.025748050368114776,0.08942331764069278
2025-02-28,1760.0,-80.0,2025-03-06,0.02229723903597061,-0.04541371872372405
2025-03-07,1698.0,-62.0,2025-03-13,-0.0017041925858926159,-0.033641598648043634
2025-03-14,1707.0,9.0,2025-03-20,0.0012570999741912314,-0.006309133129630992
2025-03-21,1744.0,37.0,2025-03-27,0.028698166091290295,0.046496991104103484
2025-03-28,1773.0,29.0,2025-04-03,-0.0755217986613945,-0.15129511110782526
2025-04-04,1830.0,57.0,2025-04-10,-0.008469833787630185,-0.09180215609192965
2025-04-11,1846.0,16.0,2025-04-17,-0.07318385399252582,-0.0997266503337294
2025-04-18,1934.0,88.0,2025-04-24,0.0023862187424727064,0.1717424766726199
2025-04-25,2041.0,107.0,2025-05-01,0.04248775731755899,0.03196423007832574
2025-05-02,2145.0,104.0,2025-05-08,0.05497527838744996,-0.06617312098147912
2025-05-09,2255.0,110.0,2025-05-15,-0.008363214072638675,-0.03295837764156795
2025-05-16,2375.0,120.0,2025-05-22,0.02459516356892924,0.057926641340527704
2025-05-23,2476.0,101.0,2025-05-29,-0.021524735913139748,0.04306818357394429
2025-05-30,2598.0,122.0,2025-06-05,0.028684415250757576,-0.05162254729607671
2025-06-06,2707.0,109.0,2025-06-12,0.025167448577475875,0.09681892605382476
2025-06-13,2802.0,95.0,2025-06-19,-0.03950147294001118,-0.028475375596011054
2025-06-20,2898.0,96.0,2025-06-26,0.1367843462736337,0.04438509799998685
2025-06-27,2953.0,55.0,2025-07-03,-0.006474371042894661,-0.021346801895615487
2025-07-04,3006.0,53.0,2025-07-10,-0.006916281562553922,0.05961938721600278
2025-07-11,3052.0,46.0,2025-07-17,0.006472514939887504,-0.13522677015337095
2025-07-18,3075.0,23.0,2025-07-24,0.005157907636275897,0.003870922708489258
2025-07-25,3123.0,48.0,2025-07-31,-0.0074325765694231985,-0.012635851007115497
2025-08-01,3130.0,7.0,2025-08-07,-0.025426465932852766,-0.07654372545560365
2025-08-08,3186.0,56.0,2025-08-14,0.026056645139359305,-0.005293855581128402
2025-08-15,3199.0,13.0,2025-08-21,-0.04635153466947602,0.0409069273219976
2025-08-22,3217.0,18.0,2025-08-28,0.017842578523654295,0.03471646692843774
2025-08-29,3262.0,45.0,2025-09-04,-0.008493936908084981,-0.046612921725314345
2025-09-05,3333.0,71.0,2025-09-11,0.002382969462090524,0.0017026655235213455
2025-09-12,3423.0,90.0,2025-09-18,-0.017505125451773743,-0.011980238376028338
2025-09-19,3499.0,76.0,2025-09-25,-0.024047161433523312,0.16996356022996317
2025-09-26,3551.0,52.0,2025-10-02,-0.03488383088202106,-0.05156852821981729
2025-10-03,3631.0,80.0,2025-10-09,-0.05114843654699715,-0.106755078662215
2025-10-10,3712.0,81.0,2025-10-16,0.0235463064297349,0.12943866003567
2025-10-17,3798.0,86.0,2025-10-23,-0.01203389981263457,0.16806571096851697
2025-10-24,3872.0,74.0,2025-10-30,0.04159014730862217,0.0965502818216371
2025-10-31,3905.0,33.0,2025-11-06,-0.009686380446499832,0.06422289639979017
2025-11-07,3950.0,45.0,2025-11-13,-0.01736906987673076,-0.03772375669038926
2025-11-14,3936.0,-14.0,2025-11-20,0.023416123515909937,0.08069582733388687
2025-11-21,3924.0,-12.0,2025-11-27,0.014533077373024934,0.08665051328909934
2025-11-28,3913.0,-11.0,2025-12-04,0.043669965654692056,-0.17952087380497223
2025-12-05,3735.0,-178.0,2025-12-11,-0.02828569027156239,-0.07941262688715289
2025-12-12,3569.0,-166.0,2025-12-18,0.01926059935527906,0.11082156609096197
2025-12-19,3401.0,-168.0,2025-12-25,0.07094537748520852,-0.21453439841874844
2025-12-26,3364.0,-37.0,2026-01-01,-0.02660849550753415,-0.13250534298747565
2026-01-02,3244.0,-120.0,2026-01-08,-0.07241610529256935,-0.08543832832263469
2026-01-09,3174.0,-70.0,2026-01-15,-0.008024467896726974,0.5225848680507713
2026-01-16,3054.0,-120.0,2026-01-22,0.04458102851300698,-0.25281635378726014
2026-01-23,2813.0,-241.0,2026-01-29,0.10551366869862883,-0.11025020060247098
2026-01-30,2454.0,-359.0,2026-02-05,-0.025105959134144054,-0.08688186391004987
2026-02-06,2202.0,-252.0,2026-02-12,0.008049586106997212,-0.054291773160037506
2026-02-13,2059.0,-143.0,2026-02-19,0.01687939462440917,-0.05806203854176672
2026-02-20,2007.0,-52.0,2026-02-26,0.011255857696559539,0.06039575168555554
2026-02-27,1876.0,-131.0,2026-03-05,0.059154449623977666,0.07379871514468929
2026-03-06,1838.0,-38.0,2026-03-12,-0.032058055386236496,-0.02094158461564001
2026-03-13,1872.0,34.0,2026-03-19,-0.022681011136292232,-0.054190002582190505
2026-03-20,1818.0,-54.0,2026-03-26,0.03150899144589832,-0.06865952378341747
2026-03-27,1851.0,33.0,2026-04-02,0.003920930449360715,-0.055814761356199956
2026-04-03,1900.0,49.0,2026-04-09,-0.00827386219160953,-0.008651549639477616
2026-04-10,1960.0,60.0,2026-04-16,0.010148536605384173,-0.012545304769495651
2026-04-17,2063.0,103.0,2026-04-23,-0.035432976162790716,0.05688203975137154
2026-04-24,2142.0,79.0,2026-04-30,0.004687231082028841,0.0007225771467784241
2026-05-01,2205.0,63.0,2026-05-07,-0.004343142503311355,0.04415338318740661
2026-05-08,2290.0,85.0,2026-05-14,0.02254963456020712,0.04195467639493909
2026-05-15,2391.0,101.0,2026-05-21,-0.03747267917328176,0.08629323012426454
2026-05-22,2483.0,92.0,2026-05-28,0.0015208751178189123,0.015405796140413909
2026-05-29,2578.0,95.0,2026-06-04,-0.032599954075635186,-0.07757276328545791
2026-06-05,2686.0,108.0,2026-06-11,0.010633254222016008,0.04621080021291467
2026-06-12,2759.0,73.0,2026-06-18,0.006167142808394815,-0.0006188408193207414
2026-06-19,2835.0,76.0,2026-06-25,-0.034076917726074664,-0.04496852910202704
2026-06-26,2922.0,87.0,2026-07-02,0.015215255951971226,-0.08349045812390332
2026-07-03,2983.0,61.0,2026-07-09,-0.024194736987310235,-0.052482244278157786
2026-07-10,3024.0,41.0,2026-07-16,0.018374575827550366,0.020090682686266067
2026-07-17,3056.0,32.0,2026-07-23,-0.015552357132374921,-0.05570703418239232
2026-07-24,3084.0,28.0,2026-07-30,-0.0039963425509471845,-0.0437267851317035
2026-07-31,3117.0,33.0,2026-08-06,0.008298740866467202,0.032423146269366494
2026-08-07,3153.0,36.0,2026-08-13,0.002197818437717808,0.002197818437717808
2026-08-14,3169.0,16.0,2026-08-20,0.014529845719731468,0.06172172228317169
2026-08-21,3184.0,15.0,2026-08-27,-0.00655741889169435,0.002061870759576832
2026-08-28,3214.0,30.0,2026-09-03,0.021060492296826452,
