date,stock_kbbl,wow_change_kbbl,wow_change_pct,pct_of_ref_working,wow_4w_std
2004-04-09,11677,,,15.364473684210525,
2004-04-16,12512,835.0,7.150809283206305,16.46315789473684,
2004-04-23,12905,393.0,3.140984654731449,16.980263157894736,
2004-04-30,12731,-174.0,-1.348314606741574,16.751315789473683,
2004-05-07,13631,900.0,7.069358259366898,17.935526315789474,495.7892697507682
2004-05-14,14358,727.0,5.33343114958551,18.892105263157895,473.0486232936314
2004-05-21,15378,1020.0,7.104053489343909,20.234210526315792,541.6864868168672
2004-05-28,15971,593.0,3.856158148003641,21.01447368421053,188.12938809943194
2004-06-04,16521,550.0,3.4437417819798366,21.738157894736844,212.17367100247543
2004-06-11,15494,-1027.0,-6.216330730585318,20.38684210526316,899.3801569229036
2004-06-18,13709,-1785.0,-11.520588614947725,18.03815789473684,1183.034621922227
2004-06-25,11810,-1899.0,-13.852213874097307,15.539473684210526,1128.5942214395159
2004-07-02,15297,3487.0,29.525825571549525,20.12763157894737,2558.109979392338
2004-07-09,16361,1064.0,6.955612211544748,21.527631578947368,2575.252010321838
2004-07-16,15949,-412.0,-2.5181834851170426,20.985526315789475,2295.8520567899554
2004-07-23,16577,628.0,3.9375509436328393,21.811842105263157,1650.688820866409
2004-07-30,15236,-1341.0,-8.089521626349761,20.04736842105263,1079.1315567004187
2004-08-06,14767,-469.0,-3.0782357574166475,19.430263157894736,805.638670041768
2004-08-13,14215,-552.0,-3.738064603507818,18.703947368421055,809.4526957560082
2004-08-20,14512,297.0,2.0893422441083276,19.094736842105263,669.6015606313968
2004-08-27,14395,-117.0,-0.8062293274531451,18.940789473684212,387.18761602097004
2004-09-03,15896,1501.0,10.42723167766586,20.91578947368421,883.353977746182
2004-09-10,14266,-1630.0,-10.254151987921489,18.771052631578947,1292.4329447467164
2004-09-17,13968,-298.0,-2.0888826580681363,18.378947368421052,1283.0185761190946
2004-09-24,14094,126.0,0.9020618556700999,18.544736842105262,1289.9522923994782
2004-10-01,13981,-113.0,-0.8017596140201477,18.396052631578947,786.8804970684358
2004-10-08,14148,167.0,1.1944782204420301,18.61578947368421,217.45267684410945
2004-10-15,14561,413.0,2.91914051456037,19.15921052631579,215.39943515865747
2004-10-22,15176,615.0,4.223611015726947,19.96842105263158,314.52132943040397
2004-10-29,14626,-550.0,-3.62414338429099,19.244736842105265,508.3229780366042
2004-11-05,16281,1655.0,11.315465609189124,21.42236842105263,904.2301974608025
2004-11-12,13013,-3268.0,-20.072477120569985,17.12236842105263,2121.3594697740414
2004-11-19,16038,3025.0,23.24598478444633,21.102631578947367,2749.9219988937875
2004-11-26,16079,41.0,0.2556428482354489,21.15657894736842,2710.6796656927213
2004-12-03,16141,62.0,0.3855961191616464,21.238157894736844,2571.061648424635
2004-12-10,16356,215.0,1.332011647357656,21.521052631578947,1461.5588424692323
2004-12-17,16596,240.0,1.4673514306676516,21.83684210526316,102.48414511524294
2004-12-24,16644,48.0,0.2892263195950928,21.9,100.27753154787719
2004-12-31,16698,54.0,0.324441240086526,21.971052631578946,102.44144669030291
2005-01-07,15925,-773.0,-4.6292969217870406,20.95394736842105,452.3673838817319
2005-01-14,16548,623.0,3.9120879120879026,21.773684210526316,574.5438770595931
2005-01-21,16912,364.0,2.1996615905245376,22.25263157894737,606.3865653744886
2005-01-28,17480,568.0,3.3585619678334844,23.0,655.2091269205597
2005-02-04,17460,-20.0,-0.11441647597254523,22.973684210526315,291.3146923860899
2005-02-11,17495,35.0,0.2004581901489111,23.019736842105264,278.4138107206648
2005-02-18,17811,316.0,1.8062303515290035,23.435526315789474,272.06295227392167
2005-02-25,18186,375.0,2.105440458143848,23.928947368421053,197.9031749787477
2005-03-04,19042,856.0,4.7069174089959365,25.055263157894736,340.95991944313465
2005-03-11,19154,112.0,0.5881735111858077,25.202631578947372,315.00833322311047
2005-03-18,20214,1060.0,5.534092095645815,26.597368421052632,434.3204462145458
2005-03-25,20234,20.0,0.09894132779262321,26.623684210526317,523.0372835659063
2005-04-01,21149,915.0,4.522091529109429,27.827631578947372,536.6273536325454
2005-04-08,21927,778.0,3.6786609295947903,28.851315789473688,463.36693523240183
2005-04-15,22234,307.0,1.4001003329228823,29.255263157894735,415.1537867666256
2005-04-22,22780,546.0,2.4556984798057124,29.973684210526315,267.2982104940764
2005-04-29,22529,-251.0,-1.1018437225636557,29.64342105263158,441.41816908686735
2005-05-06,21952,-577.0,-2.5611434151537993,28.88421052631579,512.5552815713334
2005-05-13,22047,95.0,0.4327623906705602,29.009210526315787,481.0851449241276
2005-05-20,20540,-1507.0,-6.835397106182251,27.02631578947368,688.3807086198757
2005-05-27,20417,-123.0,-0.5988315481986417,26.864473684210527,710.1633614880467
2005-06-03,19965,-452.0,-2.2138414066709133,26.269736842105264,710.0386726557003
2005-06-10,20141,176.0,0.8815426997245135,26.501315789473683,733.3141664161881
2005-06-17,19771,-370.0,-1.8370488059182732,26.014473684210525,282.5294969851269
2005-06-24,19296,-475.0,-2.40250872490011,25.38947368421053,307.48699159477
2005-07-01,18585,-711.0,-3.6847014925373123,24.45394736842105,375.4650449775614
2005-07-08,18848,263.0,1.4151197202044719,24.8,416.0339529413461
2005-07-15,18605,-243.0,-1.2892614601018648,24.480263157894736,416.1229786173019
2005-07-22,18760,155.0,0.8331093791991373,24.684210526315788,441.94268104963055
2005-07-29,19334,574.0,3.0597014925373145,25.43947368421053,337.37652062149914
2005-08-05,18624,-710.0,-3.672287162511634,24.505263157894735,548.9705517299346
2005-08-12,18761,137.0,0.7356099656357307,24.685526315789474,538.604988218022
2005-08-19,17836,-925.0,-4.9304408080592665,23.46842105263158,705.8153677367301
2005-08-26,17984,148.0,0.8297824624355243,23.66315789473684,561.1811947431378
2005-09-02,16640,-1344.0,-7.473309608540923,21.894736842105264,756.8729527910671
2005-09-09,16087,-553.0,-3.3233173076923084,21.167105263157897,633.0100051868602
2005-09-16,16064,-23.0,-0.14297258656057465,21.136842105263156,670.7165322747524
2005-09-23,17222,1158.0,7.208665338645415,22.660526315789472,1050.1550679145764
2005-09-30,15523,-1699.0,-9.865288584368825,20.424999999999997,1186.3081035998484
2005-10-07,14700,-823.0,-5.301810217097214,19.342105263157894,1214.4245207779152
2005-10-14,14619,-81.0,-0.5510204081632608,19.23552631578947,1209.6072020839392
2005-10-21,15010,391.0,2.674601545933375,19.75,912.8957589268716
2005-10-28,15603,593.0,3.950699533644242,20.530263157894737,628.9727074100027
2005-11-04,16448,845.0,5.415625200282004,21.642105263157895,392.1054279994971
2005-11-11,17147,699.0,4.249756809338523,22.561842105263157,191.0148336299274
2005-11-18,16876,-271.0,-1.5804513909138618,22.205263157894738,502.40322451194737
2005-11-25,17314,438.0,2.595401753970128,22.781578947368423,495.32169681262246
2005-12-02,17734,420.0,2.425782603673321,23.33421052631579,415.06505514196465
2005-12-09,21355,3621.0,20.418405323108146,28.098684210526315,1744.1817565838724
2005-12-16,21242,-113.0,-0.5291500819480266,27.950000000000003,1705.5952040270288
2005-12-23,22116,874.0,4.1144901610017826,29.099999999999998,1663.3184702074752
2005-12-30,21894,-222.0,-1.0037981551817676,28.807894736842105,1789.894782754935
2006-01-06,21635,-259.0,-1.1829725038823402,28.467105263157894,539.5708171006554
2006-01-13,21759,124.0,0.5731453663045949,28.630263157894735,525.6090911187409
2006-01-20,21386,-373.0,-1.7142331908635455,28.139473684210525,214.20006224711727
2006-01-27,21118,-268.0,-1.2531562704573118,27.78684210526316,218.2246548857444
2006-02-03,21087,-31.0,-0.14679420399659193,27.746052631578948,225.25097114108573
2006-02-10,21267,180.0,0.8536064874093086,27.982894736842105,247.51969618598486
2006-02-17,22439,1172.0,5.51088540931961,29.525000000000002,632.8682722336476
2006-02-24,22244,-195.0,-0.8690226837203108,29.268421052631577,613.1886604735411
2006-03-03,23528,1284.0,5.772343103758315,30.957894736842107,730.9912790177475
2006-03-10,24022,494.0,2.099625977558661,31.607894736842105,684.78579375841
2006-03-17,23899,-123.0,-0.5120306385812956,31.446052631578947,686.2812834399626
2006-03-24,25300,1401.0,5.862169965270514,33.28947368421053,715.5040181578314
2006-03-31,24943,-357.0,-1.4110671936758856,32.819736842105264,785.0390117694803
2006-04-07,24472,-471.0,-1.8883053361664626,32.2,871.128578339617
2006-04-14,25147,675.0,2.7582543314808694,33.08815789473684,890.3819405176647
2006-04-21,25055,-92.0,-0.3658488090030665,32.96710526315789,515.8723194745015
2006-04-28,24999,-56.0,-0.22350828178008264,32.89342105263158,478.98573395596605
2006-05-05,25121,122.0,0.48801952078083577,33.053947368421056,354.4050178350595
2006-05-12,24429,-692.0,-2.7546674097368773,32.143421052631574,354.24426600864297
2006-05-19,23157,-1272.0,-5.206926194277295,30.46973684210526,636.204107709679
2006-05-26,22569,-588.0,-2.5391890141210016,29.696052631578944,571.9122893125036
2006-06-02,23236,667.0,2.955381275200497,30.573684210526313,816.3281100962623
2006-06-09,22527,-709.0,-3.051299707350663,29.640789473684208,817.903213507973
2006-06-16,23642,1115.0,4.949616016335945,31.107894736842105,908.7964110111069
2006-06-23,24127,485.0,2.0514338888419026,31.746052631578948,778.7123987712038
2006-06-30,24920,793.0,3.2867741534380546,32.78947368421052,796.0351751022075
2006-07-07,25003,83.0,0.33306581059389107,32.89868421052631,440.2817279878897
2006-07-14,24529,-474.0,-1.8957725072991205,32.275,547.4019699148595
2006-07-21,25361,832.0,3.391903461209189,33.36973684210526,625.0197330218213
2006-07-28,25591,230.0,0.9069043018808509,33.67236842105263,536.6962983537978
2006-08-04,24796,-795.0,-3.106560900316513,32.626315789473686,728.2656909855556
2006-08-11,25069,273.0,1.100984029682217,32.98552631578948,677.9326416884414
2006-08-18,24527,-542.0,-2.1620327895009783,32.27236842105263,541.3960349565452
2006-08-25,24321,-206.0,-0.8398907326619631,32.001315789473686,461.710226585177
2006-09-01,25076,755.0,3.104313145018711,32.99473684210527,566.0253233439904
2006-09-08,23550,-1526.0,-6.085500079757534,30.986842105263158,941.2864866766133
2006-09-15,22258,-1292.0,-5.486199575371553,29.286842105263155,1052.5066508103414
2006-09-22,22264,6.0,0.026956599874194964,29.294736842105262,1081.6944654876759
2006-09-29,22564,300.0,1.3474667624865155,29.689473684210526,914.7750178778034
2006-10-06,22746,182.0,0.8065945754298864,29.928947368421056,737.2968646798038
2006-10-13,22277,-469.0,-2.0619009935812893,29.311842105263157,338.14728053517666
2006-10-20,21989,-288.0,-1.2928132154239824,28.93289473684211,368.3851019427027
2006-10-27,23226,1237.0,5.625540042748645,30.56052631578947,765.2095573544993
2006-11-03,23557,331.0,1.4251270128304405,30.996052631578948,769.8927955674535
2006-11-10,23742,185.0,0.7853292015112201,31.239473684210527,637.7937885137083
2006-11-17,24859,1117.0,4.704742650155835,32.70921052631579,536.1650865172052
2006-11-24,24248,-611.0,-2.4578623436180003,31.905263157894737,707.9724570913774
2006-12-01,26792,2544.0,10.49158693500496,35.252631578947366,1355.3430992433866
2006-12-08,26562,-230.0,-0.858465213496562,34.949999999999996,1432.6834961009365
2006-12-15,25913,-649.0,-2.44334010993148,34.09605263157895,1532.0605949722317
2006-12-22,25073,-840.0,-3.2416161772083507,32.99078947368421,1579.1855231943678
2006-12-29,26057,984.0,3.9245403422007774,34.28552631578947,819.1257026041051
2007-01-05,25461,-596.0,-2.2872932417392633,33.501315789473686,846.0147260341683
2007-01-12,24295,-1166.0,-4.579553041907236,31.967105263157897,954.6634660095334
2007-01-19,23758,-537.0,-2.21033134389792,31.260526315789473,919.980208120444
2007-01-26,22482,-1276.0,-5.370822459803016,29.58157894736842,381.29636330113215
2007-02-02,21500,-982.0,-4.36793879548083,28.289473684210524,325.599319204861
2007-02-09,21234,-266.0,-1.2372093023255815,27.939473684210526,450.62724802953153
2007-02-16,22999,1765.0,8.312140906094001,30.26184210526316,1370.457435797747
2007-02-23,22065,-934.0,-4.061046132440538,29.032894736842106,1288.304926379363
2007-03-02,21728,-337.0,-1.5273056877407654,28.589473684210525,1177.4138326575478
2007-03-09,22311,583.0,2.6831737849779103,29.356578947368423,1176.301654905465
2007-03-16,24071,1760.0,7.888485500425801,31.67236842105263,1174.1831203010895
2007-03-23,23859,-212.0,-0.8807278467865887,31.39342105263158,964.6057916751982
2007-03-30,26739,2880.0,12.070916635231988,35.18289473684211,1353.9205725103186
2007-04-06,26986,247.0,0.9237443434683357,35.507894736842104,1418.2203343157469
2007-04-13,28015,1029.0,3.813088267990805,36.86184210526316,1362.645710863002
2007-04-20,26838,-1177.0,-4.2013207210423005,35.31315789473684,1691.2489221479698
2007-04-27,27114,276.0,1.0283925776883418,35.67631578947368,921.2670170296282
2007-05-04,27722,608.0,2.242384008261422,36.47631578947369,958.2250953368607
2007-05-11,26458,-1264.0,-4.559555587619945,34.81315789473684,970.0176544785164
2007-05-18,27357,899.0,3.3978380829994714,35.99605263157895,963.3962061374347
2007-05-25,26727,-630.0,-2.302884088167567,35.16710526315789,1022.2554719833993
2007-06-01,26157,-570.0,-2.132674823212477,34.41710526315789,915.6765713576688
2007-06-08,26026,-131.0,-0.5008219597048558,34.24473684210526,707.2260364739615
2007-06-15,25542,-484.0,-1.8596787827557026,33.607894736842105,223.35379259522122
2007-06-22,24085,-1457.0,-5.704330122934776,31.690789473684212,563.9518300942635
2007-06-29,23695,-390.0,-1.6192651027610583,31.177631578947366,580.5184464482322
2007-07-06,22813,-882.0,-3.7223042836041387,30.017105263157895,485.21017782675284
2007-07-13,22621,-192.0,-0.8416253890325742,29.764473684210525,564.7054541971437
2007-07-20,21239,-1382.0,-6.109367401971621,27.94605263157895,532.8799114247059
2007-07-27,20747,-492.0,-2.3164932435613683,27.298684210526314,514.4900387762648
2007-08-03,19268,-1479.0,-7.128741504795877,25.35263157894737,641.4922057203833
2007-08-10,18436,-832.0,-4.318040274029478,24.257894736842108,466.58216496847496
2007-08-17,18702,266.0,1.442829247125199,24.607894736842105,726.4967882470892
2007-08-24,18677,-25.0,-0.13367554272269988,24.575,791.5851186069649
2007-08-31,20531,1854.0,9.926647748567753,27.01447368421053,1125.7780642737725
2007-09-07,20017,-514.0,-2.503531245433732,26.33815789473684,1024.3701723498214
2007-09-14,18337,-1680.0,-8.392866063845727,24.127631578947366,1470.9668872321145
2007-09-21,18128,-209.0,-1.139772045590881,23.85263157894737,1471.0815465726805
2007-09-28,18393,265.0,1.4618270079435058,24.201315789473686,828.1990501483741
2007-10-05,18592,199.0,1.0819333442070311,24.46315789473684,907.0558141591963
2007-10-12,18417,-175.0,-0.9412650602409589,24.232894736842105,246.6657657641256
2007-10-19,18160,-257.0,-1.3954498561111972,23.894736842105264,262.1983981644482
2007-10-26,15050,-3110.0,-17.125550660792953,19.80263157894737,1529.1024328016756
2007-11-02,13410,-1640.0,-10.897009966777404,17.644736842105264,1383.8464510197664
2007-11-09,13421,11.0,0.08202833706190127,17.65921052631579,1436.1831359544656
2007-11-16,14564,1143.0,8.516503986290136,19.163157894736845,1865.0706867748122
2007-11-23,15229,665.0,4.566053282065363,20.03815789473684,1215.234510975832
2007-11-30,15900,671.0,4.406067371462341,20.92105263157895,465.12041451650265
2007-12-07,17315,1415.0,8.899371069182394,22.782894736842106,369.8337464321005
2007-12-14,17430,115.0,0.6641640196361598,22.93421052631579,533.6749947299417
2007-12-21,17496,66.0,0.3786574870912274,23.021052631578947,628.5498521729759
2007-12-28,17501,5.0,0.028577960676723357,23.027631578947368,677.9947762827305
2008-01-04,17735,234.0,1.3370664533455257,23.335526315789473,97.06011882678617
2008-01-11,16521,-1214.0,-6.845221313786299,21.738157894736844,664.9217372493322
2008-01-18,15653,-868.0,-5.253919254282424,20.59605263157895,691.0954468571399
2008-01-25,15755,102.0,0.6516322749632764,20.730263157894736,714.20141883552
2008-02-01,16455,700.0,4.443033957473808,21.651315789473685,879.0191503412595
2008-02-08,17156,701.0,4.260103312063213,22.573684210526316,740.3653940228905
2008-02-15,16678,-478.0,-2.7861972487759346,21.944736842105264,564.9875367356965
2008-02-22,16918,240.0,1.4390214654035338,22.260526315789477,556.5796588689439
2008-02-29,16094,-824.0,-4.870552074713319,21.176315789473684,688.9317213386752
2008-03-07,18877,2783.0,17.2921585684106,24.83815789473684,1629.8965969246851
2008-03-14,17481,-1396.0,-7.395242888170794,23.001315789473683,1850.1602408079873
2008-03-21,17192,-289.0,-1.653223499799783,22.621052631578948,1865.264324432332
2008-03-28,17456,264.0,1.5355979525360608,22.96842105263158,1768.5550599288683
2008-04-04,17523,67.0,0.3838221814848719,23.056578947368422,741.2136444148002
2008-04-11,18383,860.0,4.907835416309991,24.188157894736843,480.93831898349487
2008-04-18,19149,766.0,4.166893325354937,25.196052631578947,384.3083614321576
2008-04-25,19297,148.0,0.7728863126011731,25.39078947368421,410.45858499975753
2008-05-02,20212,915.0,4.741669689589045,26.594736842105267,354.87309938437124
2008-05-09,20412,200.0,0.9895111814763435,26.857894736842102,390.1601167042447
2008-05-16,20587,175.0,0.8573388203017895,27.08815789473684,370.9415946839473
2008-05-23,21333,746.0,3.6236459901879847,28.069736842105264,377.7309448094898
2008-05-30,21777,444.0,2.0812825200393847,28.65394736842105,265.81368788433343
2008-06-06,21251,-526.0,-2.415392386462778,27.96184210526316,543.1306626095325
2008-06-13,20638,-613.0,-2.8845701378758637,27.155263157894737,684.4576319977762
2008-06-20,20697,59.0,0.2858804147688687,27.232894736842105,500.6455832223063
2008-06-27,20870,173.0,0.835869932840505,27.460526315789473,400.0803044390004
2008-07-04,20425,-445.0,-2.1322472448490615,26.875,381.5036041769504
2008-07-11,19885,-540.0,-2.6438188494492088,26.164473684210527,356.5028050380575
2008-07-18,19521,-364.0,-1.8305255217500593,25.685526315789474,319.53403574580784
2008-07-25,18800,-721.0,-3.693458326929977,24.736842105263158,153.55455056755306
2008-08-01,18707,-93.0,-0.4946808510638334,24.614473684210523,267.52258471638714
2008-08-08,18468,-239.0,-1.2775966215854972,24.3,268.41184151722865
2008-08-15,18006,-462.0,-2.50162443144899,23.692105263157895,274.01262136381575
2008-08-22,17289,-717.0,-3.9820059980006706,22.748684210526314,272.34949972416547
2008-08-29,18094,805.0,4.656139742032517,23.807894736842105,668.016154994276
2008-09-05,17653,-441.0,-2.4372720238753143,23.22763157894737,684.1010524769007
2008-09-12,16054,-1599.0,-9.057950490001698,21.123684210526317,993.4485391805673
2008-09-19,15253,-801.0,-4.989410738756694,20.06973684210526,1000.7637083747608
2008-09-26,14495,-758.0,-4.969514193929059,19.072368421052634,493.0337209562884
2008-10-03,14383,-112.0,-0.7726802345636385,18.925,608.9020172956155
2008-10-10,14926,543.0,3.77529027323924,19.639473684210525,633.8932612567119
2008-10-17,15388,462.0,3.095269998660055,20.24736842105263,603.0049060054735
2008-10-24,15729,341.0,2.2160124772550027,20.696052631578947,292.3633583972803
2008-10-31,17544,1815.0,11.539195117299261,23.08421052631579,688.1905622718197
2008-11-07,17985,441.0,2.5136798905608826,23.664473684210527,702.1540073231821
2008-11-14,18921,936.0,5.204336947456212,24.896052631578947,673.4391212277494
2008-11-21,20509,1588.0,8.392791078695637,26.98552631578947,625.6852243740484
2008-11-28,22854,2345.0,11.43400458335364,30.071052631578947,825.090096090524
2008-12-05,22774,-80.0,-0.350048131618097,29.96578947368421,1027.883707754272
2008-12-12,27511,4737.0,20.800035127777285,36.19868421052632,2001.6087696317356
2008-12-19,28684,1173.0,4.263749045836218,37.742105263157896,2050.436274714889
2008-12-26,28143,-541.0,-1.8860688885789956,37.03026315789474,2388.9187756528413
2009-01-02,32182,4039.0,14.351703798457871,42.34473684210526,2469.3915579888644
2009-01-09,32980,798.0,2.479647007644026,43.39473684210526,1927.1260770034405
2009-01-16,33197,217.0,0.6579745300181905,43.680263157894736,2016.457516702663
2009-01-23,33503,306.0,0.9217700394613892,44.08289473684211,1817.3836505629013
2009-01-30,34335,832.0,2.4833596991314266,45.17763157894737,321.9217037314168
2009-02-06,34916,581.0,1.6921508664627938,45.9421052631579,278.97789637652556
2009-02-13,34864,-52.0,-0.1489288578302217,45.873684210526314,379.21091316926976
2009-02-20,34506,-358.0,-1.0268471776044064,45.402631578947364,550.5000000000044
2009-02-27,33953,-553.0,-1.6026198342317333,44.675,495.9022081015619
2009-03-06,33552,-401.0,-1.1810443848849883,44.14736842105263,210.042852770583
2009-03-13,33920,368.0,1.0968049594659135,44.631578947368425,411.26390553998874
2009-03-20,31709,-2211.0,-6.518278301886793,41.72236842105263,1085.4726697004726
2009-03-27,30853,-856.0,-2.6995490239364206,40.59605263157895,1082.4327538774273
2009-04-03,29975,-878.0,-2.845752438984861,39.44078947368421,1053.380708322813
2009-04-10,29233,-742.0,-2.4753961634695565,38.464473684210525,695.3926348953313
2009-04-17,29542,309.0,1.057024595491396,38.87105263157895,570.290203902076
2009-04-24,29763,221.0,0.7480874686886407,39.161842105263155,624.1647752530348
2009-05-01,29819,56.0,0.18815307596680153,39.23552631578948,480.25618163643117
2009-05-08,28826,-993.0,-3.3300915523659436,37.92894736842105,603.3502990248186
2009-05-15,29620,794.0,2.7544577811697835,38.973684210526315,745.4173327740673
2009-05-22,30684,1064.0,3.592167454422679,40.37368421052632,920.0827408445421
2009-05-29,29918,-766.0,-2.4964150697431853,39.36578947368421,1054.0219399993553
2009-06-05,28976,-942.0,-3.1486061902533558,38.126315789473686,1037.7904412741548
2009-06-12,28971,-5.0,-0.01725565985642996,38.11973684210526,913.042669685635
2009-06-19,28238,-733.0,-2.5301163232197665,37.15526315789474,414.61025875715075
2009-06-26,28601,363.0,1.2855018060769163,37.632894736842104,611.7801211764497
2009-07-03,30184,1583.0,5.534771511485603,39.71578947368421,967.8422736513794
2009-07-10,30803,619.0,2.0507553670819023,40.53026315789474,952.0245094884225
2009-07-17,30811,8.0,0.025971496282828355,40.54078947368421,674.7347009504339
2009-07-24,32121,1310.0,4.251728278861444,42.26447368421052,708.8991465645905
2009-07-31,33325,1204.0,3.748326639892907,43.848684210526315,600.6859273641577
2009-08-07,33606,281.0,0.8432108027006668,44.21842105263158,653.3347151345969
2009-08-14,33264,-342.0,-1.0176754151044465,43.76842105263158,786.8372872879573
2009-08-21,31801,-1463.0,-4.398148148148151,41.84342105263158,1119.5698578769757
2009-08-28,31212,-589.0,-1.852143014370622,41.06842105263158,722.7315661202791
2009-09-04,31269,57.0,0.1826220684352231,41.14342105263158,643.4570045206373
2009-09-11,27591,-3678.0,-11.762448431353734,36.30394736842105,1630.1830929888433
2009-09-18,28072,481.0,1.7433220977855157,36.93684210526315,1882.627131608028
2009-09-25,26530,-1542.0,-5.493017953833002,34.9078947368421,1885.0090185460665
2009-10-02,25124,-1406.0,-5.299660761402181,33.0578947368421,1700.3321979346676
2009-10-09,25541,417.0,1.6597675529374412,33.60657894736842,1111.9389971276923
2009-10-16,26004,463.0,1.8127716220978085,34.21578947368421,1106.6017049206723
2009-10-23,25519,-485.0,-1.865097677280414,33.57763157894737,884.0793233641456
2009-10-30,25549,30.0,0.11755946549629748,33.617105263157896,439.4036678651406
2009-11-06,26969,1420.0,5.5579474734823275,35.48552631578947,807.6917728935992
2009-11-13,28319,1350.0,5.00574733953798,37.26184210526316,954.8505554972144
2009-11-20,29515,1196.0,4.2233129700907535,38.83552631578947,652.7408878465269
2009-11-27,30889,1374.0,4.655260037269193,40.64342105263158,97.11161962747946
2009-12-04,33353,2464.0,7.976949723202442,43.88552631578948,584.0159815164926
2009-12-11,34135,782.0,2.34461667616106,44.91447368421053,717.5532500565183
2009-12-18,34706,571.0,1.6727698842829986,45.66578947368421,848.5510689797475
2009-12-25,34512,-194.0,-0.5589811559960856,45.410526315789475,1120.26258082648
2010-01-01,35670,1158.0,3.355354659248966,46.93421052631579,569.8077892295545
2010-01-08,34473,-1197.0,-3.3557611438183366,45.35921052631579,1017.9864111732234
2010-01-15,33725,-748.0,-2.1698140573782387,44.375,1021.4895577864086
2010-01-22,33034,-691.0,-2.0489251297257205,43.46578947368421,1043.1741625123482
2010-01-29,31997,-1037.0,-3.1391899255312716,42.10131578947369,239.74343925678625
2010-02-05,31322,-675.0,-2.109572772447421,41.21315789473684,169.09440164201877
2010-02-12,30612,-710.0,-2.2667773449971285,40.27894736842105,173.09222012173845
2010-02-19,29902,-710.0,-2.3193518881484354,39.34473684210526,170.13524032370745
2010-02-26,29969,67.0,0.22406527991438718,39.43289473684211,383.02219256853215
2010-03-05,30600,631.0,2.105509025993535,40.26315789473684,653.3322278902257
2010-03-12,29919,-681.0,-2.225490196078428,39.36710526315789,645.6130807225065
2010-03-19,30453,534.0,1.784819011330585,40.069736842105264,598.7951096438072
2010-03-26,30936,483.0,1.5860506354053783,40.70526315789474,618.2218452950411
2010-04-02,31164,228.0,0.7370054305663398,41.00526315789474,564.1116910683609
2010-04-09,32257,1093.0,3.5072519573867256,42.44342105263158,364.47084931446267
2010-04-16,34111,1854.0,5.747589670459119,44.882894736842104,723.8777521101238
2010-04-23,34565,454.0,1.3309489607457925,45.48026315789473,729.7613194280299
2010-04-30,36244,1679.0,4.857514827137277,47.689473684210526,633.909036587011
2010-05-07,37028,784.0,2.163116653790964,48.72105263157895,679.8330064557563
2010-05-14,37945,917.0,2.4765042670411574,49.92763157894737,518.2705213817771
2010-05-21,37621,-324.0,-0.8538674397153723,49.50131578947368,825.5862563455574
2010-05-28,37889,268.0,0.7123680922888731,49.85394736842105,564.4580734356383
2010-06-04,37416,-473.0,-1.2483834358257062,49.23157894736842,633.4513925051176
2010-06-11,37610,194.0,0.5184947615993085,49.48684210526316,369.7335752493578
2010-06-18,36784,-826.0,-2.1962244084020255,48.4,529.2519091447277
2010-06-25,35989,-795.0,-2.1612657677250957,47.35394736842105,473.69680879933367
2010-07-02,35805,-184.0,-0.5112673316846839,47.11184210526316,495.63519850794074
2010-07-09,36119,314.0,0.8769724898757048,47.525,544.9717882606454
2010-07-16,37104,985.0,2.727096541986218,48.82105263157895,754.7851791514408
2010-07-23,37170,66.0,0.17787839586027587,48.9078947368421,502.7732258848641
2010-07-30,37836,666.0,1.7917675544794287,49.78421052631579,402.2821356544093
2010-08-06,37722,-114.0,-0.3013003488740895,49.63421052631579,512.747744997485
2010-08-13,37035,-687.0,-1.8212183871480825,48.73026315789474,557.2811229532235
2010-08-20,36256,-779.0,-2.1034156878628307,47.70526315789474,664.959397256709
2010-08-27,35753,-503.0,-1.387356575463372,47.04342105263158,294.4445335429734
2010-09-03,35535,-218.0,-0.6097390428775218,46.756578947368425,247.3868428191076
2010-09-10,34954,-581.0,-1.6350077388490258,45.992105263157896,232.59030504302163
2010-09-17,34744,-210.0,-0.6007896092006693,45.71578947368421,192.05728312148398
2010-09-24,34345,-399.0,-1.1483997236932941,45.19078947368421,175.85031513574032
2010-10-01,35094,749.0,2.1808123453195494,46.17631578947368,592.5208153868289
2010-10-08,35061,-33.0,-0.09403316806291251,46.132894736842104,504.1589531090427
2010-10-15,34010,-1051.0,-2.997632697298991,44.75,750.8224379527687
2010-10-22,33659,-351.0,-1.0320493972361122,44.28815789473684,746.601857306382
2010-10-29,33545,-114.0,-0.3386909890371048,44.13815789473684,462.6145804014459
2010-11-05,31799,-1746.0,-5.204948576538982,41.84078947368421,736.9199413776275
2010-11-12,33065,1266.0,3.9812572722412565,43.50657894736842,1233.4521676984502
2010-11-19,33625,560.0,1.6936337517011957,44.243421052631575,1288.0966578638445
2010-11-26,34535,910.0,2.7063197026022223,45.44078947368421,1359.895461668533
2010-12-03,34929,394.0,1.140871579556979,45.95921052631579,387.49924731110457
2010-12-10,35911,982.0,2.8114174468206965,47.251315789473686,280.6724069088479
2010-12-17,36390,479.0,1.3338531369218254,47.88157894736842,297.65458168824796
2010-12-24,36635,245.0,0.6732618851332806,48.203947368421055,319.6487655745588
2010-12-31,37493,858.0,2.3420226559301316,49.33289473684211,339.81857904869264
2011-01-07,37376,-117.0,-0.3120582508734926,49.17894736842105,409.37462468176903
2011-01-14,36805,-571.0,-1.5277183219178037,48.42763157894737,603.5624104708139
2011-01-21,37667,862.0,2.3420730878956686,49.56184210526316,719.4168935093702
2011-01-28,38334,667.0,1.77078078955053,50.439473684210526,671.0297435037232
2011-02-04,37407,-927.0,-2.4182188135858484,49.21973684210526,889.3935668008132
2011-02-11,37657,250.0,0.6683241104606052,49.54868421052632,801.724391546126
2011-02-18,37440,-217.0,-0.5762540829062357,49.26315789473684,683.3556297175523
2011-02-25,38570,1130.0,3.0181623931623935,50.74999999999999,862.5338640695057
2011-03-04,40263,1693.0,4.389421830438156,52.97763157894737,858.982731685183
2011-03-11,40020,-243.0,-0.603531778555999,52.6578947368421,975.2512069547377
2011-03-18,40197,177.0,0.44227886056971144,52.89078947368421,881.9041425612381
2011-03-25,41886,1689.0,4.2018061049332145,55.113157894736844,1010.013861291025
2011-04-01,41870,-16.0,-0.03819892088048338,55.0921052631579,875.1652701061703
2011-04-08,41896,26.0,0.062096966802016595,55.12631578947368,817.5446980644784
2011-04-15,41126,-770.0,-1.8378842848959298,54.113157894736844,1037.7528206016461
2011-04-22,40388,-738.0,-1.79448524048047,53.14210526315789,438.73872255212746
2011-04-29,40490,102.0,0.25255026245418755,53.276315789473685,473.47087203615035
2011-05-06,41614,1124.0,2.7759940726105103,54.75526315789474,892.8312643868788
2011-05-13,40023,-1591.0,-3.823232565963375,52.661842105263155,1161.256898077828
2011-05-20,40079,56.0,0.13991954626089154,52.73552631578947,1123.1394615095696
2011-05-27,39920,-159.0,-0.3967164849422389,52.526315789473685,1116.8182484182491
2011-06-03,38904,-1016.0,-2.5450901803607207,51.189473684210526,765.0553356893034
2011-06-10,37763,-1141.0,-2.9328603742545756,49.68815789473684,601.5685053812846
2011-06-17,38036,273.0,0.7229298519715099,50.04736842105263,680.8046097572142
2011-06-24,37494,-542.0,-1.424965821852986,49.33421052631579,640.5885314823179
2011-07-01,37034,-460.0,-1.2268629647410267,48.72894736842105,579.5253805198463
2011-07-08,37649,615.0,1.660636172166119,49.53815789473684,564.171664182696
2011-07-15,36672,-977.0,-2.595022444155226,48.25263157894737,676.5091770749844
2011-07-22,37102,430.0,1.172556719022677,48.81842105263158,750.7414113172875
2011-07-29,35953,-1149.0,-3.0968680933642356,47.30657894736842,921.1794522965324
2011-08-05,34581,-1372.0,-3.816093232831752,45.501315789473686,814.2190532446859
2011-08-12,33688,-893.0,-2.5823429050634727,44.32631578947369,808.0573411996655
2011-08-19,33662,-26.0,-0.077178817383039,44.29210526315789,589.4375850475373
2011-08-26,33085,-577.0,-1.7140989840175869,43.5328947368421,564.8250466589981
2011-09-02,32689,-396.0,-1.1969170318875677,43.011842105263156,361.9180386035942
2011-09-09,32229,-460.0,-1.4072011991801525,42.40657894736842,237.94309543811667
2011-09-16,31998,-231.0,-0.7167457879549421,42.10263157894737,144.31678119102907
2011-09-23,30920,-1078.0,-3.368960560035006,40.68421052631579,370.6097453296923
2011-09-30,30089,-831.0,-2.687580853816296,39.59078947368421,377.5385190061266
2011-10-07,30621,532.0,1.7680880055834347,40.290789473684214,717.0806556215784
2011-10-14,31092,471.0,1.5381600862153455,40.910526315789475,847.0145610712207
2011-10-21,31511,419.0,1.347613534028036,41.46184210526316,654.132185927793
2011-10-28,32071,560.0,1.7771571832058575,42.19868421052632,63.10044902116561
2011-11-04,31139,-932.0,-2.906052196688602,40.97236842105263,710.0575094079865
2011-11-11,32029,890.0,2.858152156459748,42.14342105263158,802.1622342145048
2011-11-18,32016,-13.0,-0.04058821692840553,42.126315789473686,798.0678229323659
2011-11-25,31301,-715.0,-2.2332583708145948,41.185526315789474,821.3592393100635
2011-12-02,31105,-196.0,-0.6261780773777148,40.92763157894737,668.7353736718329
2011-12-09,31188,83.0,0.2668381289181898,41.03684210526316,355.8458233561356
2011-12-16,30198,-990.0,-3.1742978068487915,39.73421052631579,486.603534717953
2011-12-23,29909,-289.0,-0.9570170209947659,39.35394736842105,456.25650680292335
2011-12-30,29296,-613.0,-2.049550302584502,38.54736842105263,457.5874233411644
2012-01-06,29105,-191.0,-0.6519661387220044,38.296052631578945,361.08574697247843
2012-01-13,28273,-832.0,-2.8586153581858786,37.20131578947368,295.29011158521047
2012-01-20,28647,374.0,1.322816821702677,37.69342105263158,531.0960365131772
2012-01-27,30123,1476.0,5.152371976123149,39.63552631578947,979.1449926679259
2012-02-03,30490,367.0,1.2183381469309085,40.11842105263158,942.6573697089906
2012-02-10,32480,1990.0,6.526730075434561,42.73684210526316,814.1516545869526
2012-02-17,32165,-315.0,-0.969827586206895,42.32236842105263,1045.3881256898508
2012-02-24,33813,1648.0,5.123581532721899,44.49078947368421,1081.0323769434501
2012-03-02,36178,2365.0,6.994351285008715,47.60263157894737,1194.4479896588239
2012-03-09,38697,2519.0,6.962795068826355,50.91710526315789,1302.6822009479797
2012-03-16,38521,-176.0,-0.4548156187818231,50.685526315789474,1236.3632152405723
2012-03-23,39564,1043.0,2.7076140287116024,52.0578947368421,1263.4490822084358
2012-03-30,40293,729.0,1.8425841674249321,53.017105263157895,1119.8691515827518
2012-04-06,40585,292.0,0.7246916337825482,53.40131578947368,530.5324369599585
2012-04-13,41177,592.0,1.458666995195279,54.180263157894736,311.68039185465676
2012-04-20,41751,574.0,1.3939820773732903,54.935526315789474,183.39642853666956
2012-04-27,42964,1213.0,2.9053196330626863,56.53157894736842,388.59265304429744
2012-05-04,44127,1163.0,2.7069174192347,58.06184210526316,349.9699987141837
2012-05-11,45127,1000.0,2.2661862351847972,59.377631578947366,290.28089844150225
2012-05-18,46795,1668.0,3.696235069913789,61.57236842105264,286.1689477680491
2012-05-25,46849,54.0,0.11539694411795143,61.643421052631574,674.3892916310818
2012-06-01,47775,926.0,1.976563000277487,62.86184210526316,662.2285607452101
2012-06-08,47395,-380.0,-0.7953950811093624,62.36184210526316,913.0644373025775
2012-06-15,47755,360.0,0.7595737947040826,62.83552631578947,548.9359404034977
2012-06-22,47416,-339.0,-0.7098733116951084,62.38947368421053,623.4379814116817
2012-06-29,47641,225.0,0.4745233676396232,62.685526315789474,380.81360269823045
2012-07-06,46782,-859.0,-1.8030687852899852,61.555263157894736,559.489276036642
2012-07-13,46282,-500.0,-1.0687871403531224,60.89736842105263,451.2924956906246
2012-07-20,46485,203.0,0.43861544444925293,61.16447368421053,536.3533505690743
2012-07-27,45100,-1385.0,-2.9794557384102416,59.3421052631579,666.6195191661725
2012-08-03,44298,-802.0,-1.7782705099778306,58.28684210526316,660.8262504874781
2012-08-10,45197,899.0,2.0294369948981927,59.469736842105256,1019.2370921429449
2012-08-17,45242,45.0,0.09956413036262823,59.52894736842105,997.5624875999862
2012-08-24,44821,-421.0,-0.9305512576809116,58.975,732.8507692566106
2012-08-31,44915,94.0,0.20972312085851819,59.09868421052632,548.0665257673311
2012-09-07,44087,-828.0,-1.8434821329177287,58.00921052631579,434.22766685999244
2012-09-14,43813,-274.0,-0.6214984008891533,57.64868421052631,381.3252111605953
2012-09-21,43730,-83.0,-0.18944148996873356,57.53947368421053,399.5058405914394
2012-09-28,43865,135.0,0.3087125543105529,57.7171052631579,412.3707878435045
2012-10-05,44165,300.0,0.6839165621794097,58.11184210526316,250.77812238445483
2012-10-12,44025,-140.0,-0.3169930940790211,57.92763157894737,202.87763142677724
2012-10-19,44065,40.0,0.0908574673480933,57.98026315789474,183.81943132688465
2012-10-26,43394,-671.0,-1.5227504822421412,57.09736842105263,410.68266337892317
2012-11-02,42966,-428.0,-0.9863114716320176,56.53421052631579,313.70089257126114
2012-11-09,43681,715.0,1.6641065028161872,57.475,610.0999918046269
2012-11-16,45150,1469.0,3.3630182459192692,59.4078947368421,1001.3831684225604
2012-11-23,45857,707.0,1.5658914728682083,60.338157894736845,782.2247652262994
2012-11-30,45631,-226.0,-0.49283642628170643,60.04078947368421,693.9151605203664
2012-12-07,46818,1187.0,2.601301746619633,61.60263157894737,743.3399289692475
2012-12-14,46963,145.0,0.309709940621139,61.79342105263158,621.6045768814816
2012-12-21,49177,2214.0,4.714349594361522,64.70657894736843,1099.5856795478344
2012-12-28,49750,573.0,1.165178843768433,65.46052631578947,897.8824626122689
2013-01-04,50082,332.0,0.6673366834170746,65.89736842105263,948.3230813739971
2013-01-11,51862,1780.0,3.554171159298747,68.23947368421052,914.457717265633
2013-01-18,51391,-471.0,-0.9081793991747356,67.61973684210525,931.5479948272513
2013-01-25,51675,284.0,0.5526259461773542,67.99342105263158,940.6938485323865
2013-02-01,51360,-315.0,-0.6095791001451412,67.57894736842105,1026.6127150326322
2013-02-08,50242,-1118.0,-2.176791277258572,66.10789473684211,576.063075250161
2013-02-15,50659,417.0,0.8299828828470135,66.65657894736842,699.9376162678162
2013-02-22,50584,-75.0,-0.14804871789810825,66.5578947368421,640.596792061907
2013-03-01,50841,257.0,0.508065791554646,66.89605263157895,689.9629820988027
2013-03-08,49315,-1526.0,-3.001514525678095,64.88815789473684,886.8308275351463
2013-03-15,49029,-286.0,-0.5799452499239632,64.51184210526316,778.4431043221288
2013-03-22,49468,439.0,0.8953884435742188,65.08947368421053,886.5434751512975
2013-03-29,49181,-287.0,-0.5801730411579165,64.71184210526316,815.8149299933202
2013-04-05,50070,889.0,1.8076086293487226,65.88157894736842,578.7056678485238
2013-04-12,51148,1078.0,2.1529858198522156,67.30000000000001,606.8922886311918
2013-04-19,51183,35.0,0.06842887307421108,67.34605263157894,658.4559590435839
2013-04-26,49801,-1382.0,-2.7001152726491173,65.52763157894736,1120.6328569161292
2013-05-03,49149,-652.0,-1.309210658420512,64.66973684210527,1046.6258086505125
2013-05-10,49724,575.0,1.1699119005473158,65.42631578947369,848.5151737005098
2013-05-17,50173,449.0,0.9029844742981297,66.01710526315789,933.1361101147068
2013-05-24,50508,335.0,0.6676897933151293,66.4578947368421,561.1276592719398
2013-05-31,50024,-484.0,-0.9582640373802187,65.82105263157895,478.64417890538084
2013-06-07,49265,-759.0,-1.5172717095794042,64.82236842105263,597.6322029476041
2013-06-14,48596,-669.0,-1.3579620420176575,63.9421052631579,499.4632952813846
2013-06-21,49260,664.0,1.3663676022718008,64.81578947368422,660.6607803303243
2013-06-28,49652,392.0,0.7957775071051554,65.33157894736841,726.5457085873352
2013-07-05,46965,-2687.0,-5.411665189720449,61.796052631578945,1520.9196779142128
2013-07-12,46083,-882.0,-1.8779942510380065,60.63552631578948,1529.0150151867945
2013-07-19,44023,-2060.0,-4.470195082785411,57.925000000000004,1358.7512342834036
2013-07-26,42119,-1904.0,-4.325011925584354,55.41973684210526,748.3730687297654
2013-08-02,39874,-2245.0,-5.33013604311593,52.46578947368421,609.9712424915398
2013-08-09,38515,-1359.0,-3.4082359432211495,50.67763157894737,381.69184778650015
2013-08-16,37425,-1090.0,-2.830066207970916,49.24342105263158,521.798492395937
2013-08-23,36588,-837.0,-2.2364729458917876,48.142105263157895,613.0755119341659
2013-08-30,34759,-1829.0,-4.998906745381005,45.73552631578947,424.25807790385426
2013-09-06,34120,-639.0,-1.8383727955349705,44.89473684210527,520.6485538889673
2013-09-13,33259,-861.0,-2.523446658851114,43.76184210526316,534.3416510061762
2013-09-20,32847,-412.0,-1.2387624402417363,43.21973684210526,623.3930675478135
2013-09-27,32788,-59.0,-0.17962066550978317,43.142105263157895,342.3724823444092
2013-10-04,32620,-168.0,-0.5123825789923098,42.921052631578945,356.02902503401714
2013-10-11,32986,366.0,1.122011036174131,43.40263157894737,324.9475598718549
2013-10-18,33344,358.0,1.0853089189353016,43.873684210526314,278.132312637959
2013-10-25,35522,2178.0,6.5319097888675515,46.73947368421052,1027.1869352751746
2013-11-01,36513,991.0,2.78982039299589,48.04342105263158,856.1586204280953
2013-11-08,38204,1691.0,4.631227234135782,50.26842105263158,797.1886016913894
2013-11-15,39940,1736.0,4.544026803476076,52.55263157894737,490.62477176216106
2013-11-22,40616,676.0,1.6925388082123183,53.44210526315789,524.412369546466
2013-11-29,40598,-18.0,-0.044317510340752264,53.41842105263158,848.2670078852959
2013-12-06,41223,625.0,1.5394847036799941,54.24078947368422,726.413736562486
2013-12-13,40623,-600.0,-1.455498144239864,53.45131578947368,603.131480966911
2013-12-20,40177,-446.0,-1.0979002043177477,52.86447368421052,548.2349709142417
2013-12-27,39625,-552.0,-1.3739204022201745,52.13815789473685,582.3981312927948
2014-01-03,40725,1100.0,2.7760252365930604,53.58552631578948,818.8648647161953
2014-01-10,40870,145.0,0.35604665438919714,53.776315789473685,757.0541041871927
2014-01-17,41592,722.0,1.766576951309018,54.72631578947369,720.2908556039517
2014-01-24,41829,237.0,0.5698211194460567,55.03815789473684,444.9996254680142
2014-01-31,40276,-1553.0,-3.712735183724214,52.99473684210526,993.2919594291866
2014-02-07,37603,-2673.0,-6.6367067236071104,49.47763157894737,1577.5369779078628
2014-02-14,35870,-1733.0,-4.608674839773419,47.19736842105263,1215.301745795397
2014-02-21,34792,-1078.0,-3.0052969054920498,45.77894736842105,668.8967907432901
2014-02-28,32132,-2660.0,-7.645435732352269,42.27894736842106,775.6111568735154
2014-03-07,30791,-1341.0,-4.173409685049167,40.51447368421053,692.4396483930371
2014-03-14,29802,-989.0,-3.2119775259004224,39.213157894736845,776.5157220988335
2014-03-21,28477,-1325.0,-4.446010334876849,37.46973684210526,738.877696239375
2014-03-28,27254,-1223.0,-4.294693963549534,35.86052631578948,162.31142904923902
2014-04-04,27599,345.0,1.2658692302047303,36.314473684210526,774.87289280243
2014-04-11,26828,-771.0,-2.793579477517305,35.3,764.5589142331279
2014-04-18,26040,-788.0,-2.9372297599522867,34.26315789473684,669.6757299867895
2014-04-25,25428,-612.0,-2.350230414746546,33.4578947368421,540.1805253801789
2014-05-02,24033,-1395.0,-5.486078338839073,31.62236842105263,344.8985358043813
2014-05-09,23441,-592.0,-2.4632796571381066,30.84342105263158,375.9586635079351
2014-05-16,23216,-225.0,-0.959856661405234,30.547368421052635,492.5829879319891
2014-05-23,21691,-1525.0,-6.568745692625777,28.540789473684207,627.5472757755701
2014-05-30,21370,-321.0,-1.4798764464524439,28.118421052631582,593.5381902905149
2014-06-06,21172,-198.0,-0.926532522227419,27.857894736842105,640.6779612254554
2014-06-13,21419,247.0,1.1666351785377005,28.18289473684211,757.534762678699
2014-06-20,21835,416.0,1.9422008497128607,28.730263157894736,351.72242843849597
2014-06-27,20476,-1359.0,-6.223952370048091,26.942105263157895,800.0710385126266
2014-07-04,20923,447.0,2.183043563195941,27.530263157894737,868.9562225260102
2014-07-11,20273,-650.0,-3.1066290684892195,26.674999999999997,878.2400962531106
2014-07-18,18823,-1450.0,-7.152370147486808,24.767105263157895,876.2902867581455
2014-07-25,17899,-924.0,-4.908888062476757,23.551315789473684,799.6567492785094
2014-08-01,17982,83.0,0.46371305659533846,23.660526315789472,638.5647317748396
2014-08-08,18400,418.0,2.324546768991209,24.210526315789473,868.1122719249354
2014-08-15,20155,1755.0,9.53804347826086,26.519736842105264,1106.3239429148557
2014-08-22,20663,508.0,2.5204663855122877,27.188157894736843,732.5248573711837
2014-08-29,20278,-385.0,-1.8632337995450832,26.681578947368422,883.7673147761649
2014-09-05,20356,78.0,0.3846533188677448,26.78421052631579,919.4045174278148
2014-09-12,19999,-357.0,-1.7537826685006919,26.314473684210526,421.7969495701372
2014-09-19,20190,191.0,0.9550477523876166,26.56578947368421,295.6950850679455
2014-09-26,20505,315.0,1.5601783060921193,26.980263157894736,292.32216816383635
2014-10-03,18929,-1576.0,-7.685930260911977,24.90657894736842,863.6837287649569
2014-10-10,19645,716.0,3.7825558666596315,25.84868421052632,1016.6626775878055
2014-10-17,20598,953.0,4.851107151947054,27.102631578947367,1149.23887856268
2014-10-24,21374,776.0,3.7673560539858153,28.123684210526317,1199.725906196914
2014-10-31,20823,-551.0,-2.577898381210819,27.398684210526312,690.3701905499731
2014-11-07,22527,1704.0,8.183258896412626,29.640789473684208,938.2822958292845
2014-11-14,23245,718.0,3.1872863674701435,30.585526315789473,926.1505907068639
2014-11-21,24579,1334.0,5.738868573886857,32.34078947368421,988.9878243268079
2014-11-28,23885,-694.0,-2.8235485577118635,31.42763157894737,1054.5727412875192
2014-12-05,24905,1020.0,4.270462633451966,32.76973684210526,895.0595883329071
2014-12-12,27825,2920.0,11.72455330254969,36.61184210526316,1481.4285897965765
2014-12-19,28798,973.0,3.4968553459119533,37.892105263157895,1477.0663210115763
2014-12-26,30793,1995.0,6.92756441419542,40.517105263157895,924.3805132808349
2015-01-02,32098,1305.0,4.23797616341377,42.23421052631579,860.4972883939494
2015-01-09,33874,1776.0,5.533055019004296,44.57105263157895,460.5629707217096
2015-01-16,36783,2909.0,8.587707386195898,48.39868421052632,673.1643558597011
2015-01-23,38868,2085.0,5.6683794144033905,51.1421052631579,674.611184312865
2015-01-30,41384,2516.0,6.4731913141916175,54.45263157894736,495.4758655407342
2015-02-06,42598,1214.0,2.9335008699014065,56.05,727.2124861414347
2015-02-13,46261,3663.0,8.598995257993325,60.86973684210526,1018.2869602098123
2015-02-20,48680,2419.0,5.229026609887377,64.05263157894737,1000.7240711937898
2015-02-27,49216,536.0,1.101068200493005,64.7578947368421,1377.8202592017121
2015-03-06,51538,2322.0,4.717977893368008,67.81315789473685,1286.7543148039852
2015-03-13,54403,2865.0,5.559005006014983,71.5828947368421,1027.2495639651902
2015-03-20,56314,1911.0,3.512673933422783,74.09736842105264,994.9266304607625
2015-03-27,58943,2629.0,4.66846610079199,77.55657894736842,412.24537595952063
2015-04-03,60175,1232.0,2.0901548954074256,79.17763157894737,739.4071386365384
2015-04-10,61462,1287.0,2.1387619443290484,80.87105263157895,653.2954283221897
2015-04-17,62200,738.0,1.2007419218378779,81.84210526315789,810.1911297136455
2015-04-24,61686,-514.0,-0.8263665594855252,81.16578947368421,837.0624727780717
2015-05-01,61674,-12.0,-0.019453360568033595,81.15,796.576581378091
2015-05-08,60684,-990.0,-1.6052145150306396,79.84736842105264,738.8646696114292
2015-05-15,60443,-241.0,-0.39713927888734846,79.53026315789474,420.6180967734744
2015-05-22,60010,-433.0,-0.7163774134308354,78.96052631578947,417.75989914464014
2015-05-29,59027,-983.0,-1.6380603232794555,77.6671052631579,383.1043156461086
2015-06-05,58003,-1024.0,-1.7347993291205732,76.31973684210527,393.06265403877603
2015-06-12,58115,112.0,0.1930934606830581,76.46710526315789,535.4132360460842
2015-06-19,56245,-1870.0,-3.217757893831197,74.00657894736841,812.5069743290453
2015-06-26,56368,123.0,0.21868610543158695,74.16842105263159,967.0537299791948
2015-07-03,56667,299.0,0.530442804428044,74.56184210526315,1027.5780586732442
2015-07-10,57105,438.0,0.7729366297845264,75.13815789473685,1086.00936153117
2015-07-17,57918,813.0,1.4236931967428479,76.2078947368421,293.0362605549126
2015-07-24,57706,-212.0,-0.3660347387686058,75.92894736842105,424.1057258121768
2015-07-31,57164,-542.0,-0.9392437528159991,75.21578947368421,613.6689525577613
2015-08-07,57113,-51.0,-0.08921698971380287,75.14868421052631,578.0028834991568
2015-08-14,57439,326.0,0.5707982420814828,75.57763157894738,360.6590033073807
2015-08-21,57695,256.0,0.4456902104841731,75.91447368421052,395.0302731015349
2015-08-28,57307,-388.0,-0.672501949908999,75.40394736842106,326.51939707569176
2015-09-04,56410,-897.0,-1.565253808435274,74.22368421052632,578.3346061465397
2015-09-11,54504,-1906.0,-3.3788335401524594,71.71578947368421,912.8652237141434
2015-09-18,54042,-462.0,-0.8476442095992964,71.1078947368421,698.8873895938743
2015-09-25,52974,-1068.0,-1.9762407016764794,69.70263157894738,604.9216891466255
2015-10-02,53072,98.0,0.18499641333484806,69.83157894736843,858.4767517721956
2015-10-09,54197,1125.0,2.119761832981615,71.31184210526315,931.9754556853986
2015-10-16,54119,-78.0,-0.1439194051331305,71.20921052631579,898.2306218338398
2015-10-23,53334,-785.0,-1.4505072155804766,70.17631578947369,788.4875818087899
2015-10-30,53122,-212.0,-0.3974950313121117,69.89736842105263,802.5486485773556
2015-11-06,55359,2237.0,4.211061330522203,72.84078947368421,1333.3992900353119
2015-11-13,56854,1495.0,2.7005545620405025,74.8078947368421,1417.7807482117983
2015-11-20,58598,1744.0,3.0675062440637335,77.10263157894737,1064.307286454437
2015-11-27,59026,428.0,0.730400354960925,77.66578947368421,763.6775061066944
2015-12-04,59449,423.0,0.7166333480161269,78.22236842105264,696.8139397763752
2015-12-11,60056,607.0,1.0210432471530195,79.02105263157895,634.795767681759
2015-12-18,62101,2045.0,3.4051551884907383,81.71184210526316,784.1842364308745
2015-12-25,62993,892.0,1.43636978470556,82.88552631578948,728.1929117113635
2016-01-01,63910,917.0,1.4557173019224434,84.09210526315789,635.582868974094
2016-01-08,64007,97.0,0.1517759349084713,84.21973684210526,801.1214535470514
2016-01-15,64198,191.0,0.2984048619682156,84.47105263157894,440.8668544281146
2016-01-22,63427,-771.0,-1.2009719928969709,83.45657894736843,691.4070195381832
2016-01-29,64174,747.0,1.1777318807447923,84.43947368421053,627.4063011053314
2016-02-05,64697,523.0,0.8149717954311742,85.12763157894737,669.1873180707131
2016-02-12,64733,36.0,0.055644002040278195,85.175,672.2397265856928
2016-02-19,65066,333.0,0.5144207745662932,85.61315789473684,301.1880641725483
2016-02-26,66256,1190.0,1.8289121814772713,87.17894736842105,489.262369967969
2016-03-04,66946,690.0,1.041415117121458,88.08684210526316,496.61680398472936
2016-03-11,67491,545.0,0.8140889672273222,88.80394736842105,364.45072826561955
2016-03-18,66233,-1258.0,-1.863952230667798,87.14868421052631,1069.472884181739
2016-03-25,65961,-272.0,-0.41067141757130665,86.79078947368421,895.9011757256901
2016-04-01,66318,357.0,0.541228907991087,87.26052631578948,812.901388033428
2016-04-08,64551,-1767.0,-2.6644349950239787,84.93552631578947,956.6235762653322
2016-04-15,64303,-248.0,-0.3841923440380479,84.60921052631579,904.4337086449955
2016-04-22,66049,1746.0,2.7152698940951403,86.90657894736842,1455.7726470847042
2016-04-29,66292,243.0,0.3679086738633375,87.22631578947369,1448.1239587825369
2016-05-06,67812,1520.0,2.2928860194291856,89.22631578947369,969.6973325046705
2016-05-13,68273,461.0,0.6798206807054896,89.8328947368421,750.6133047937134
2016-05-20,67624,-649.0,-0.9505954037467235,88.97894736842106,891.2565567781294
2016-05-27,66920,-704.0,-1.0410505146101978,88.05263157894737,1055.3264897651375
2016-06-03,65557,-1363.0,-2.036760310818886,86.25921052631578,756.2739252413817
2016-06-10,66461,904.0,1.3789526671446284,87.44868421052632,961.0698899317053
2016-06-17,65181,-1280.0,-1.9259415296188798,85.76447368421053,1051.4971469290854
2016-06-24,64230,-951.0,-1.4590141298844728,84.51315789473685,1065.9520001701171
2016-07-01,64148,-82.0,-0.12766619959519998,84.40526315789474,978.165076388783
2016-07-08,63916,-232.0,-0.3616636528028905,84.1,572.7398333158552
2016-07-15,64105,189.0,0.29570060704675605,84.34868421052632,486.90382349427114
2016-07-22,65215,1110.0,1.7315342017003355,85.8092105263158,601.6124860184838
2016-07-29,64092,-1123.0,-1.7219964732040127,84.33157894736843,927.7194259760547
2016-08-05,65255,1163.0,1.8145790426262298,85.86184210526315,1069.7801565430816
2016-08-12,64531,-724.0,-1.1094935254003513,84.90921052631579,1200.6394129796035
2016-08-19,64906,375.0,0.5811160527498416,85.40263157894736,1041.5739292052228
2016-08-26,63867,-1039.0,-1.6007765075647828,84.03552631578948,1013.9419362073978
2016-09-02,63433,-434.0,-0.6795371631672098,83.46447368421053,606.2884352077593
2016-09-09,62188,-1245.0,-1.9627008024214576,81.82631578947368,727.1209780130631
2016-09-16,62714,526.0,0.8458223451469626,82.51842105263158,794.4310332978398
2016-09-23,62083,-631.0,-1.0061549255349633,81.68815789473685,734.291949204588
2016-09-30,62652,569.0,0.916514987999939,82.43684210526315,893.7062809819978
2016-10-07,61334,-1318.0,-2.103683840898929,80.70263157894738,922.5676126983902
2016-10-14,59699,-1635.0,-2.665731894218537,78.55131578947369,976.3392084721411
2016-10-21,58362,-1337.0,-2.2395685019849565,76.7921052631579,1009.9865923202512
2016-10-28,58451,89.0,0.15249648744046773,76.90921052631579,773.2482891456492
2016-11-04,58479,28.0,0.04790337205522466,76.94605263157894,900.3226736379983
2016-11-11,59170,691.0,1.1816207527488576,77.85526315789474,857.0870725894813
2016-11-18,59083,-87.0,-0.14703396991718742,77.74078947368422,348.2311253559531
2016-11-25,61502,2419.0,4.0942403060101995,80.92368421052632,1156.178295073907
2016-12-02,65285,3783.0,6.151019479041331,85.90131578947368,1738.5138289163365
2016-12-09,66508,1223.0,1.8733246534425874,87.51052631578948,1653.7217621675884
2016-12-16,66263,-245.0,-0.36837673663319137,87.18815789473683,1715.644096736463
2016-12-23,66435,172.0,0.2595717066839809,87.41447368421052,1808.5726185770573
2016-12-30,67509,1074.0,1.6166177466696796,88.82763157894736,707.6416230456448
2017-01-06,66930,-579.0,-0.857663422654753,88.0657894736842,715.0303023881863
2017-01-13,65656,-1274.0,-1.9034812490661857,86.38947368421053,1008.1773570822453
2017-01-20,65372,-284.0,-0.43255757280370455,86.01578947368421,984.8784611988126
2017-01-27,64127,-1245.0,-1.904485100654718,84.37763157894736,493.1250686523057
2017-02-03,65270,1143.0,1.7824005489107453,85.88157894736842,1135.9732978082457
2017-02-10,64568,-702.0,-1.0755324038608904,84.9578947368421,1022.089037217408
2017-02-17,63040,-1528.0,-2.3664973361417374,82.94736842105263,1200.625670223658
2017-02-24,63535,495.0,0.7852157360406009,83.59868421052632,1196.0275916549786
2017-03-03,64402,867.0,1.364602187770525,84.73947368421054,1100.9005404667619
2017-03-10,66532,2130.0,3.307350703394296,87.5421052631579,1517.0227420839833
2017-03-17,67951,1419.0,2.1328082727108733,89.40921052631579,711.2652458822996
2017-03-24,67731,-220.0,-0.32376271136553836,89.11973684210527,991.454487104682
2017-03-31,69144,1413.0,2.086193914160428,90.97894736842105,995.6219161910851
2017-04-07,69420,276.0,0.3991669559180844,91.34210526315789,826.553083594761
2017-04-14,68642,-778.0,-1.120714491501007,90.31842105263158,932.212198661518
2017-04-21,67439,-1203.0,-1.7525713120247088,88.73552631578947,1169.6042065587862
2017-04-28,66711,-728.0,-1.079494061299846,87.77763157894736,626.8388283017213
2017-05-05,66273,-438.0,-0.6565633853487407,87.20131578947368,315.39327302064453
2017-05-12,66308,35.0,0.05281185399785837,87.24736842105263,519.0931194561095
2017-05-19,65567,-741.0,-1.117512215720573,86.27236842105263,363.33547399982126
2017-05-26,64820,-747.0,-1.1392926319642505,85.28947368421052,367.962294263975
2017-06-02,63376,-1444.0,-2.2277074976859046,83.38947368421053,604.2347088121812
2017-06-09,62220,-1156.0,-1.8240343347639465,81.86842105263158,341.8703457940473
2017-06-16,61140,-1080.0,-1.7357762777241992,80.44736842105263,286.5302485486331
2017-06-23,60843,-297.0,-0.485770363101079,80.05657894736842,490.56047877233385
2017-06-30,59509,-1334.0,-2.19252831056983,78.30131578947368,459.0129809348258
2017-07-07,57561,-1948.0,-3.273454435463541,75.73815789473684,683.6906586071473
2017-07-14,57538,-23.0,-0.03995761018745769,75.7078947368421,898.0343349041142
2017-07-21,55839,-1699.0,-2.9528311724425604,73.47236842105264,856.6185459896029
2017-07-28,55800,-39.0,-0.06984365765863032,73.42105263157895,1039.901397569344
2017-08-04,56369,569.0,1.0197132616487359,74.16973684210527,975.9091487770133
2017-08-11,57047,678.0,1.2027887668754067,75.06184210526315,1097.1625145498463
2017-08-18,56544,-503.0,-0.8817291005661976,74.4,551.8812523239712
2017-08-25,57233,689.0,1.2185200905489468,75.30657894736842,576.715628942614
2017-09-01,58030,797.0,1.3925532472524482,76.35526315789474,614.5168156093654
2017-09-08,59053,1023.0,1.7628812683095019,77.70131578947368,683.9734400301483
2017-09-15,59756,703.0,1.1904560310229684,78.6263157894737,154.3070531980792
2017-09-22,60937,1181.0,1.9763705736662418,80.18026315789474,216.64410138906354
2017-09-29,62462,1525.0,2.502584636591898,82.18684210526315,341.79330986237113
2017-10-06,63784,1322.0,2.1164868239889945,83.92631578947368,349.6134770476412
2017-10-13,63986,202.0,0.3166938417157983,84.19210526315788,587.5511325266436
2017-10-20,63749,-237.0,-0.3703935235832789,83.88026315789475,855.0723166298128
2017-10-27,63839,90.0,0.14117868515584053,83.99868421052632,677.9195502909433
2017-11-03,64559,720.0,1.127837215495231,84.94605263157895,397.2055513207339
2017-11-10,63055,-1504.0,-2.3296519462816967,82.96710526315789,935.9477816630628
2017-11-17,61228,-1827.0,-2.8974704622948266,80.56315789473685,1229.8488728295067
2017-11-24,58314,-2914.0,-4.75926046906644,76.72894736842105,1525.1595271752203
2017-12-01,55561,-2753.0,-4.720993243474981,73.10657894736842,690.25333513622
2017-12-08,52244,-3317.0,-5.970014938536028,68.7421052631579,630.1832405472832
2017-12-15,52998,754.0,1.4432279304800621,69.73421052631579,1889.284256008081
2017-12-22,51414,-1584.0,-2.988792029887921,67.65,1803.382932158339
2017-12-29,48973,-2441.0,-4.747734080211618,64.43815789473685,1750.0577133340512
2018-01-05,46578,-2395.0,-4.890449839707589,61.28684210526316,1499.5764957702809
2018-01-12,42394,-4184.0,-8.982781570698616,55.78157894736842,1095.1733500531661
2018-01-19,39244,-3150.0,-7.430296740104736,51.636842105263156,835.7904442302955
2018-01-26,37020,-2224.0,-5.667108347772909,48.71052631578948,892.9361212688592
2018-02-02,36309,-711.0,-1.9205834683954648,47.775,1473.8795461864158
2018-02-09,32667,-3642.0,-10.030570932826578,42.982894736842105,1289.0214311639695
2018-02-16,30003,-2664.0,-8.155018826338512,39.47763157894737,1219.8000860796856
2018-02-23,28785,-1218.0,-4.059594040595938,37.875,1341.1809162078052
2018-03-02,28180,-605.0,-2.1017891262810506,37.07894736842105,1377.249523506909
2018-03-09,28518,338.0,1.1994322214336384,37.52368421052631,1259.2509347491764
2018-03-16,29423,905.0,3.173434322182489,38.714473684210525,948.4580468669527
2018-03-23,31227,1804.0,6.131257859497663,41.088157894736845,1010.4238384625243
2018-03-30,34893,3666.0,11.739840522624645,45.911842105263155,1456.1534660421871
2018-04-06,36022,1129.0,3.2356059954718797,47.39736842105263,1253.0142324278183
2018-04-13,34907,-1115.0,-3.0953306312808793,45.930263157894736,1974.274043794328
2018-04-20,35366,459.0,1.3149225083794125,46.53421052631579,1990.416434652141
2018-04-27,35782,416.0,1.1762709947407135,47.08157894736842,949.3897601442068
2018-05-04,37170,1388.0,3.8790453300542094,48.9078947368421,1036.6661307608515
2018-05-11,37223,53.0,0.14258810868981175,48.97763157894737,569.2468708741471
2018-05-18,36100,-1123.0,-3.016951884587482,47.5,1037.4406007092687
2018-05-25,35544,-556.0,-1.5401662049861486,46.76842105263158,1077.877080190505
2018-06-01,34589,-955.0,-2.6868107134818797,45.511842105263156,522.7200493572138
2018-06-08,33902,-687.0,-1.9861805776402952,44.607894736842105,256.25426825715135
2018-06-15,32606,-1296.0,-3.8227833166184833,42.90263157894737,326.9745148071045
2018-06-22,29893,-2713.0,-8.320554499171928,39.33289473684211,901.947661083137
2018-06-29,27780,-2113.0,-7.068544475295225,36.55263157894737,891.8338316824168
2018-07-06,25718,-2062.0,-7.422606191504677,33.839473684210525,580.8424915586048
2018-07-13,24858,-860.0,-3.3439614277937624,32.70789473684211,776.4676425969133
2018-07-20,23731,-1127.0,-4.533751709711165,31.225,641.2958235739113
2018-07-27,22393,-1338.0,-5.638194766339389,29.464473684210525,515.3881223570006
2018-08-03,21803,-590.0,-2.634751931407131,28.688157894736843,324.6879270930903
2018-08-10,23446,1643.0,7.535660230243546,30.85,1367.4167860117393
2018-08-17,24218,772.0,3.292672524097928,31.86578947368421,1338.4673760188086
2018-08-24,24276,58.0,0.23949128747213777,31.942105263157895,959.2487946304693
2018-08-31,24825,549.0,2.261492832427092,32.66447368421053,662.5901196566962
2018-09-07,23583,-1242.0,-5.003021148036257,31.030263157894737,901.5950217993341
2018-09-14,22333,-1250.0,-5.3004282746045845,29.385526315789473,916.7920065823773
2018-09-21,22794,461.0,2.0642099135808056,29.992105263157892,1011.5837417963354
2018-09-28,24493,1699.0,7.4537158901465395,32.22763157894737,1434.8786243674672
2018-10-05,26852,2359.0,9.631323235210054,35.33157894736842,1586.9165857095352
2018-10-12,28628,1776.0,6.614032474303588,37.66842105263158,798.211072753739
2018-10-19,29999,1371.0,4.789017744865176,39.472368421052636,411.2147654612385
2018-10-26,31877,1878.0,6.260208673622447,41.94342105263158,406.086197746252
2018-11-02,34296,2419.0,7.588543463939512,45.126315789473686,431.6549547960826
2018-11-09,35463,1167.0,3.402729181245623,46.661842105263155,559.9609361375203
2018-11-16,35347,-116.0,-0.32710148605589184,46.50921052631579,1095.979622681618
2018-11-23,36524,1177.0,3.329844116898184,48.05789473684211,1034.9851448209333
2018-11-30,38253,1729.0,4.733873617347495,50.33289473684211,782.2303049614021
2018-12-07,39401,1148.0,3.0010718113612,51.84342105263158,780.8476163759534
2018-12-14,40492,1091.0,2.768965254688971,53.27894736842105,297.3206742447311
2018-12-21,41291,799.0,1.9732292798577467,54.330263157894734,389.424682491161
2018-12-28,41932,641.0,1.55239640599647,55.17368421052632,240.62886360536254
2019-01-04,42262,330.0,0.7869884575026243,55.6078947368421,317.349833254525
2019-01-11,41519,-743.0,-1.7580805451706039,54.63026315789473,694.393920384298
2019-01-18,41329,-190.0,-0.4576218117006703,54.38026315789474,607.6097980337997
2019-01-25,41184,-145.0,-0.3508432335648126,54.18947368421053,439.0132875741631
2019-02-01,42625,1441.0,3.4989316239316226,56.085526315789465,940.339078914272
2019-02-08,41609,-1016.0,-2.3835777126099744,54.748684210526314,1026.9431986888767
2019-02-15,45022,3413.0,8.20255233242808,59.23947368421053,1946.6868220988556
2019-02-22,46650,1628.0,3.6160099506907795,61.38157894736842,1820.1099783621157
2019-03-01,47523,873.0,1.8713826366559383,62.53026315789474,1834.460592835582
2019-03-08,46851,-672.0,-1.4140521431727837,61.646052631578954,1697.3533319062774
2019-03-15,46383,-468.0,-0.9989114426586454,61.03026315789474,1098.489986299378
2019-03-22,46924,541.0,1.1663756117543,61.742105263157896,754.2433294368653
2019-03-29,47125,201.0,0.4283522291364861,62.00657894736842,566.8888779999196
2019-04-05,45992,-1133.0,-2.4042440318302383,60.51578947368421,741.9175043987984
2019-04-12,44449,-1543.0,-3.3549312923986774,58.48552631578947,1010.3680847427211
2019-04-19,44912,463.0,1.0416432315687674,59.09473684210526,984.4240278795893
2019-04-26,45177,265.0,0.5900427502671945,59.443421052631585,1000.0759971122234
2019-05-03,45998,821.0,1.8172964118910118,60.52368421052632,1055.0631892608808
2019-05-10,47803,1805.0,3.924083655811117,62.89868421052631,684.1858909195226
2019-05-17,49069,1266.0,2.6483693492040272,64.56447368421053,654.4424471767356
2019-05-24,49053,-16.0,-0.032607145040652874,64.54342105263157,770.1155757417245
2019-05-31,50844,1791.0,3.65115283468902,66.9,855.9184151152148
2019-06-07,52940,2096.0,4.122413657462043,69.65789473684211,932.1510517793461
2019-06-14,53582,642.0,1.2126936154136736,70.50263157894737,986.8341214881765
2019-06-21,51836,-1746.0,-3.258556978089655,68.20526315789473,1744.066584164724
2019-06-28,52488,652.0,1.2578131028628814,69.06315789473683,1591.992043531209
2019-07-05,52178,-310.0,-0.5906111873190012,68.65526315789474,1130.8879991699775
2019-07-12,50827,-1351.0,-2.5892138449154833,66.87763157894737,1079.724463308429
2019-07-19,50398,-429.0,-0.8440395852598037,66.31315789473685,819.2445707276154
2019-07-26,48865,-1533.0,-3.0417873725147815,64.29605263157895,625.5394338755483
2019-08-02,47361,-1504.0,-3.0778675943927136,62.31710526315789,522.964227584776
2019-08-09,44821,-2540.0,-5.3630624353370955,58.975,862.1169680888289
2019-08-16,42336,-2485.0,-5.544276120568481,55.705263157894734,574.4472705711768
2019-08-23,40356,-1980.0,-4.676870748299322,53.1,485.95978914584555
2019-08-30,40126,-230.0,-0.5699276439686818,52.797368421052624,1082.2536286225493
2019-09-06,39328,-798.0,-1.9887354832278326,51.74736842105263,1039.5618868863337
2019-09-13,38681,-647.0,-1.6451383238405226,50.89605263157895,750.3236523883153
2019-09-20,40937,2256.0,5.832320777642774,53.86447368421052,1427.5221831317863
2019-09-27,40736,-201.0,-0.49099836333879043,53.6,1425.0526306070271
2019-10-04,41677,941.0,2.309996072270226,54.83815789473684,1298.0211541676333
2019-10-11,42953,1276.0,3.061640713103153,56.517105263157895,1013.4262018848116
2019-10-18,44459,1506.0,3.506157893511519,58.49868421052632,757.4019188427468
2019-10-25,46031,1572.0,3.5358420117411526,60.56710526315789,284.9682730878558
2019-11-01,47745,1714.0,3.7235775890160916,62.82236842105263,182.60704623135825
2019-11-08,46516,-1229.0,-2.574091527908684,61.20526315789474,1415.8289385845105
2019-11-15,44221,-2295.0,-4.933786224094938,58.185526315789474,2014.3059185072514
2019-11-22,44124,-97.0,-0.21935279618281456,58.05789473684211,1714.206205993513
2019-11-29,43822,-302.0,-0.6844347747257729,57.660526315789475,1005.0865219804087
2019-12-06,40429,-3393.0,-7.742686321938752,53.19605263157895,1593.44435631329
2019-12-13,40164,-265.0,-0.6554700833560023,52.84736842105263,1588.3403025380533
2019-12-20,37771,-2393.0,-5.9580719051887225,49.69868421052632,1561.001254537188
2019-12-27,36322,-1449.0,-3.83627650843239,47.7921052631579,1334.9436941933823
2020-01-03,35501,-821.0,-2.2603380871097367,46.71184210526316,912.6919889353005
2020-01-10,35843,342.0,0.9633531449818378,47.161842105263155,1147.3585243215573
2020-01-17,34882,-961.0,-2.681137181597526,45.89736842105263,758.8470970272435
2020-01-24,35640,758.0,2.1730405366664707,46.89473684210526,851.0403437362266
2020-01-31,36708,1068.0,2.9966329966329974,48.3,892.8345778101011
2020-02-07,38376,1668.0,4.543968617195171,50.49473684210526,1127.9643537511909
2020-02-14,38243,-133.0,-0.3465707734000456,50.319736842105264,750.7819812258026
2020-02-21,39149,906.0,2.3690610046283034,51.51184210526316,749.0221959328095
2020-02-28,37178,-1971.0,-5.034611356611918,48.91842105263158,1575.8981566078462
2020-03-06,37882,704.0,1.8935929850987243,49.84473684210526,1311.2300840559376
2020-03-13,38445,563.0,1.4861939707512706,50.58552631578947,1354.9982779816885
2020-03-20,39303,858.0,2.2317596566523656,51.714473684210525,1345.072612661986
2020-03-27,42824,3521.0,8.958603668931131,56.347368421052636,1411.4839708618756
2020-04-03,49241,6417.0,14.984588081449646,64.79078947368421,2730.796144594712
2020-04-10,54965,5724.0,11.62445929205338,72.32236842105263,2506.529473195959
2020-04-17,59741,4776.0,8.689165832802704,78.60657894736842,1254.5545026024217
2020-04-24,63378,3637.0,6.087946301534952,83.39210526315789,1205.996268650948
2020-05-01,65446,2068.0,3.2629619110732477,86.11315789473684,1573.5563489539684
2020-05-08,62444,-3002.0,-4.58698774562235,82.16315789473684,3432.332188177597
2020-05-15,56857,-5587.0,-8.947216706168726,74.81184210526315,4307.033085547407
2020-05-22,53462,-3395.0,-5.971120530453589,70.34473684210526,3237.666752462336
2020-05-29,51723,-1739.0,-3.2527776738618064,68.05657894736842,1601.7216518484126
2020-06-05,49444,-2279.0,-4.406163602265911,65.0578947368421,1703.77580684784
2020-06-12,46836,-2608.0,-5.274654154194646,61.626315789473686,692.9503950500412
2020-06-19,45845,-991.0,-2.1158937569391023,60.32236842105263,706.4075193069092
2020-06-26,45582,-263.0,-0.5736721561784286,59.97631578947369,1098.2994051411215
2020-07-03,47788,2206.0,4.839629678381807,62.87894736842106,2002.8118566988117
2020-07-10,48737,949.0,1.9858541893362336,64.12763157894736,1404.1411075814308
2020-07-17,50112,1375.0,2.821265157888253,65.93684210526317,1028.75470837319
2020-07-24,51421,1309.0,2.6121487867177606,67.65921052631579,531.5583222939955
2020-07-31,51953,532.0,1.0345967600785766,68.35921052631579,387.6960794230542
2020-08-07,53289,1336.0,2.5715550593806036,70.1171052631579,404.9073968205658
2020-08-14,52682,-607.0,-1.1390718534782018,69.31842105263158,912.6198551423298
2020-08-21,52403,-279.0,-0.529592650241073,68.95131578947368,870.4652012956485
2020-08-28,52513,110.0,0.2099116462797923,69.09605263157896,849.4872963539088
2020-09-04,54351,1838.0,3.500085693066479,71.51447368421053,1088.5269863443934
2020-09-11,54277,-74.0,-0.13615204872035047,71.4171052631579,972.5661502780538
2020-09-18,54281,4.0,0.007369604068019342,71.42236842105262,915.4443365564837
2020-09-25,56066,1785.0,3.2884434700908294,73.77105263157895,1066.7721953006997
2020-10-02,56536,470.0,0.8382977205436459,74.38947368421053,860.0505314611892
2020-10-09,59442,2906.0,5.140087731710774,78.21315789473684,1314.36559475158
2020-10-16,60417,975.0,1.6402543656000912,79.49605263157895,1063.008623357939
2020-10-23,59995,-422.0,-0.6984789049439777,78.94078947368422,1406.5542707861202
2020-10-30,60931,936.0,1.5601300108342375,80.17236842105262,1368.7749693308517
2020-11-06,60413,-518.0,-0.8501419638607621,79.4907894736842,824.0992557534202
2020-11-13,61613,1200.0,1.9863274460794944,81.06973684210527,895.3397865242787
2020-11-20,59892,-1721.0,-2.793241686007819,78.80526315789473,1359.3636685351498
2020-11-27,59575,-317.0,-0.5292860482201345,78.38815789473685,1198.7451772582892
2020-12-04,58211,-1364.0,-2.2895509861519114,76.59342105263158,1310.2957681378687
2020-12-11,58409,198.0,0.3401418975794934,76.85394736842105,893.6117725276495
2020-12-18,58383,-26.0,-0.044513687959046866,76.81973684210527,690.7953749121424
2020-12-25,58410,27.0,0.04624633883150153,76.85526315789474,721.5258715620256
2021-01-01,59202,792.0,1.3559322033898313,77.89736842105263,375.2122732534311
2021-01-08,57227,-1975.0,-3.336035944731597,75.29868421052632,1180.3972495167354
2021-01-15,52500,-4727.0,-8.260087021860308,69.07894736842105,2464.462399118046
2021-01-22,50219,-2281.0,-4.344761904761906,66.07763157894738,2258.484650527135
2021-01-29,48702,-1517.0,-3.0207690316414126,64.08157894736843,1436.071493113536
2021-02-05,48044,-658.0,-1.3510738778694908,63.21578947368421,1751.1777703401049
2021-02-12,45016,-3028.0,-6.302555990342185,59.231578947368426,1017.0929161094415
2021-02-19,47823,2807.0,6.235560689532615,62.925,2472.9929235644827
2021-02-26,48308,485.0,1.014156368274688,63.56315789473685,2427.4412454269636
2021-03-05,48834,526.0,1.0888465678562609,64.25526315789473,2408.589421217325
2021-03-12,48210,-624.0,-1.2777982553139222,63.434210526315795,1441.0779530152677
2021-03-19,46275,-1935.0,-4.013690105787182,60.888157894736835,1161.3822224688452
2021-03-26,47057,782.0,1.689897352782288,61.91710526315789,1242.3835626193202
2021-04-02,46322,-735.0,-1.5619355250015898,60.95,1111.7274845932377
2021-04-09,46668,346.0,0.7469452959716794,61.40526315789474,1213.9809169285463
2021-04-16,45350,-1318.0,-2.824205022713633,59.671052631578945,965.1740343931109
2021-04-23,46072,722.0,1.5920617420066119,60.62105263157894,944.4209425180459
2021-04-30,46326,254.0,0.5513109914915715,60.955263157894734,902.3369658835925
2021-05-07,45905,-421.0,-0.9087769287225322,60.401315789473685,885.9312896607769
2021-05-14,45763,-142.0,-0.30933449515303524,60.214473684210525,496.8442915038951
2021-05-21,44755,-1008.0,-2.2026527981120148,58.888157894736835,530.5226196874243
2021-05-28,45539,784.0,1.7517595799352081,59.919736842105266,746.8339284383604
2021-06-04,45704,165.0,0.36232679681151847,60.136842105263156,745.6560310670558
2021-06-11,43554,-2150.0,-4.7041834412742904,57.3078947368421,1298.7846562588197
2021-06-18,41721,-1833.0,-4.208568673370983,54.896052631578954,1451.7783347788811
2021-06-25,40261,-1460.0,-3.499436734498218,52.97500000000001,1029.0599269883853
2021-07-02,39647,-614.0,-1.5250490549166718,52.1671052631579,663.1170711118872
2021-07-09,38058,-1589.0,-4.007869447877521,50.07631578947368,529.7489971675337
2021-07-16,36711,-1347.0,-3.539334699668928,48.30394736842105,436.99771166449796
2021-07-23,35443,-1268.0,-3.4540056113971263,46.63552631578947,416.68093308910557
2021-07-30,34900,-543.0,-1.532037355754312,45.921052631578945,450.3704956292552
2021-08-06,34575,-325.0,-0.9312320916905481,45.493421052631575,513.1227111195473
2021-08-13,33595,-980.0,-2.8344179320318186,44.203947368421055,424.7877901572435
2021-08-20,33665,70.0,0.2083643399315438,44.296052631578945,437.9699380855658
2021-08-27,34501,836.0,2.4832912520421857,45.39605263157895,759.3902707655275
2021-09-03,36419,1918.0,5.5592591519086465,47.919736842105266,1223.7695861558284
2021-09-10,35316,-1103.0,-3.0286388972788902,46.468421052631584,1272.6178727332128
2021-09-17,33840,-1476.0,-4.1794087665647295,44.526315789473685,1608.8452121527025
2021-09-24,33971,131.0,0.38711583924349036,44.69868421052632,1529.7979169376179
2021-10-01,35519,1548.0,4.556827882605763,46.73552631578947,1367.0101194456004
2021-10-08,33551,-1968.0,-5.540696528618483,44.14605263157895,1600.6518203531984
2021-10-15,31231,-2320.0,-6.914846055259161,41.09342105263158,1822.7423249964163
2021-10-22,27332,-3899.0,-12.484390509429733,35.96315789473684,2297.451395931299
2021-10-29,26416,-916.0,-3.3513829942924067,34.757894736842104,1235.6548533739808
2021-11-05,26382,-34.0,-0.12870987280435564,34.71315789473684,1690.7762270625901
2021-11-12,26598,216.0,0.8187400500341058,34.997368421052634,1890.5816344888876
2021-11-19,27385,787.0,2.95886908790135,36.0328947368421,708.4101330914698
2021-11-26,28544,1159.0,4.232243929158308,37.55789473684211,541.0994979360763
2021-12-03,30917,2373.0,8.313480941704032,40.680263157894736,912.6661949110094
2021-12-10,32211,1294.0,4.185399618332952,42.382894736842104,681.1198499530074
2021-12-17,33674,1463.0,4.541926671013008,44.30789473684211,548.1285585213326
2021-12-24,34729,1055.0,3.132980934845886,45.69605263157895,576.0216286448573
2021-12-31,37306,2577.0,7.420311555184433,49.08684210526316,674.2721384327502
2022-01-07,34838,-2468.0,-6.6155578191175675,45.839473684210525,2180.2190065832087
2022-01-14,33524,-1314.0,-3.7717434984786746,44.11052631578947,2277.8607654259013
2022-01-21,31701,-1823.0,-5.437895239231594,41.71184210526316,2272.2736044176854
2022-01-28,30528,-1173.0,-3.7001987319012053,40.16842105263158,586.3892336437808
2022-02-04,27727,-2801.0,-9.175183438155132,36.482894736842105,737.0831590352208
2022-02-11,25827,-1900.0,-6.852526418292637,33.982894736842105,669.3048010186942
2022-02-18,23778,-2049.0,-7.933557904518529,31.28684210526316,667.4450664037257
2022-02-25,22806,-972.0,-4.087812263436785,30.007894736842104,750.8805941470813
2022-03-04,22221,-585.0,-2.5651144435674844,29.238157894736844,710.962024302288
2022-03-11,24007,1786.0,8.037442059313271,31.58815789473684,1617.3132040517096
2022-03-18,25242,1235.0,5.144332902903326,33.213157894736845,1349.840237460224
2022-03-25,24233,-1009.0,-3.9973060771729685,31.885526315789477,1362.1361593712552
2022-04-01,25887,1654.0,6.825403375562256,34.06184210526316,1304.98135363435
2022-04-08,26337,450.0,1.738324255417778,34.65394736842105,1172.5040156292318
2022-04-15,26152,-185.0,-0.7024338383263107,34.410526315789475,1123.0163252004281
2022-04-22,27450,1298.0,4.963291526460689,36.118421052631575,830.6569187496567
2022-04-29,28829,1379.0,5.023679417122051,37.9328947368421,743.7134304735083
2022-05-06,28242,-587.0,-2.036144160394049,37.16052631578947,1009.6175430990393
2022-05-13,25839,-2403.0,-8.508604206500959,33.998684210526314,1796.3788343962067
2022-05-20,24778,-1061.0,-4.106196060219047,32.60263157894737,1566.465660864187
2022-05-27,25034,256.0,1.033174590362429,32.939473684210526,1112.0145008047364
2022-06-03,23441,-1593.0,-6.363345849644486,30.84342105263158,1116.6788183418457
2022-06-10,22615,-826.0,-3.5237404547587614,29.75657894736842,777.3111775001527
2022-06-17,22043,-572.0,-2.529294715896524,29.003947368421052,762.1436325697892
2022-06-24,21261,-782.0,-3.5476114866397457,27.975,447.1206958603839
2022-07-01,21330,69.0,0.3245378862706261,28.065789473684212,412.9829496076973
2022-07-08,21646,316.0,1.4814814814814836,28.48157894736842,519.1611021638729
2022-07-15,22789,1143.0,5.280421324956119,29.985526315789475,792.3511426970623
2022-07-22,23540,751.0,3.295449558997765,30.973684210526315,474.90586786577035
2022-07-29,24466,926.0,3.9337298215802896,32.19210526315789,350.78863531573234
2022-08-05,25189,723.0,2.955121392953486,33.14342105263158,193.59988808538563
2022-08-12,25381,192.0,0.7622374846163016,33.39605263157895,316.9931650157048
2022-08-19,25807,426.0,1.6784208660021172,33.95657894736842,323.37942111397126
2022-08-26,25284,-523.0,-2.0265819351338754,33.26842105263158,531.4499035657144
2022-09-02,24783,-501.0,-1.98149027052682,32.60921052631579,483.6186514186639
2022-09-09,24648,-135.0,-0.5447282411330301,32.43157894736842,443.43686134556646
2022-09-16,24991,343.0,1.3915936384290895,32.882894736842104,405.7667638763355
2022-09-23,25683,692.0,2.7689968388619812,33.79342105263158,524.7026935957865
2022-09-30,25956,273.0,1.062959934587071,34.152631578947364,339.25641728149196
2022-10-07,25647,-309.0,-1.1904761904761862,33.74605263157895,415.1396351430128
2022-10-14,26230,583.0,2.2731703513081403,34.51315789473684,449.06671738915793
2022-10-21,26897,667.0,2.5428898208158524,35.39078947368421,442.09312744413984
2022-10-28,28164,1267.0,4.710562516265759,37.05789473684211,649.803047084274
2022-11-04,27241,-923.0,-3.2772333475358573,35.84342105263158,932.1636122484116
2022-11-11,25617,-1624.0,-5.961601996989829,33.70657894736842,1347.2862539193395
2022-11-18,24730,-887.0,-3.462544404106649,32.53947368421052,1252.6492924997033
2022-11-25,24315,-415.0,-1.6781237363526103,31.993421052631575,498.19633010826215
2022-12-02,23942,-373.0,-1.534032490232362,31.502631578947373,581.563625066086
2022-12-09,24368,426.0,1.7792999749394411,32.06315789473685,544.5483602644248
2022-12-16,25221,853.0,3.5004924491135903,33.185526315789474,621.8704983086701
2022-12-23,25026,-195.0,-0.7731652194599703,32.92894736842105,565.643807237977
2022-12-30,25270,244.0,0.9749860145448652,33.25,434.26182578410027
2023-01-06,27781,2511.0,9.936683814800151,36.55394736842105,1185.7696164657536
2023-01-13,31427,3646.0,13.124077606997586,41.35131578947369,1831.8832750296456
2023-01-20,35694,4267.0,13.577497056671017,46.96578947368421,1771.4124308020441
2023-01-27,38009,2315.0,6.485683868437264,50.01184210526316,929.949953850568
2023-02-03,39052,1043.0,2.744086926780498,51.38421052631579,1436.2936967533278
2023-02-10,39711,659.0,1.6874935982792216,52.251315789473686,1626.0873285282087
2023-02-17,40411,700.0,1.762735765908685,53.17236842105263,776.4948486628913
2023-02-24,40718,307.0,0.759694142683931,53.57631578947368,300.94780832121023
2023-03-03,39828,-890.0,-2.185765509111448,52.40526315789473,743.883055325235
2023-03-10,37912,-1916.0,-4.810685949583204,49.88421052631579,1188.5992806661152
2023-03-17,36849,-1063.0,-2.803861574171762,48.48552631578947,915.6806211774968
2023-03-24,35217,-1632.0,-4.428885451436948,46.338157894736845,480.0342869698717
2023-03-31,34247,-970.0,-2.7543515915608885,45.06184210526315,454.0406553015634
2023-04-07,33838,-409.0,-1.194265191111632,44.52368421052631,500.73446056768097
2023-04-14,32750,-1088.0,-3.2153200543767357,43.09210526315789,501.6302589225187
2023-04-21,33069,319.0,0.9740458015267128,43.51184210526316,642.9644883921194
2023-04-28,33610,541.0,1.6359732680153671,44.223684210526315,740.2757932014301
2023-05-05,34007,397.0,1.1811960725974346,44.74605263157895,759.0904096351148
2023-05-12,35468,1461.0,4.296174317052381,46.66842105263158,529.0529274089753
2023-05-19,37230,1762.0,4.967858351189802,48.98684210526316,673.5415725848009
2023-05-26,38858,1628.0,4.372817620198766,51.12894736842105,622.3027130478166
2023-06-02,40579,1721.0,4.428946420299562,53.39342105263158,133.65876950904936
2023-06-09,42133,1554.0,3.829567017422808,55.43815789473684,93.50356499445988
2023-06-16,42035,-98.0,-0.23259677687323954,55.30921052631579,868.8572475767656
2023-06-23,43244,1209.0,2.8761746163910917,56.89999999999999,824.3771386123423
2023-06-30,42844,-400.0,-0.9249838127832755,56.37368421052632,959.7994148084657
2023-07-07,41239,-1605.0,-3.746148818971151,54.261842105263156,1155.782707374822
2023-07-14,38348,-2891.0,-7.010354276291864,50.4578947368421,1747.1018621324497
2023-07-21,35739,-2609.0,-6.80348388442683,47.025,1128.3514154139536
2023-07-28,34480,-1259.0,-3.522762248524025,45.36842105263158,782.4627786674623
2023-08-04,34639,159.0,0.46113689095128585,45.57763157894737,1400.6098671650168
2023-08-11,33802,-837.0,-2.416351511302295,44.47631578947369,1147.6473035446645
2023-08-18,30669,-3133.0,-9.268682326489552,40.35394736842105,1378.452634901422
2023-08-25,29165,-1504.0,-4.903974697577363,38.375,1383.3833826287416
2023-09-01,27415,-1750.0,-6.000342876735809,36.07236842105263,965.095850162048
2023-09-08,24965,-2450.0,-8.936713478022984,32.848684210526315,734.747745828462
2023-09-15,22901,-2064.0,-8.267574604446226,30.132894736842104,408.92379078096303
2023-09-22,21958,-943.0,-4.1177241168507965,28.892105263157898,640.0866477803398
2023-09-29,22090,132.0,0.6011476455050513,29.065789473684212,1166.2422204099253
2023-10-06,21771,-319.0,-1.4440923494793978,28.64605263157895,951.8615095345224
2023-10-13,21013,-758.0,-3.4816958339074944,27.648684210526316,480.2298060998224
2023-10-20,21226,213.0,1.0136582115833015,27.928947368421053,449.1332393251172
2023-10-27,21498,272.0,1.281447281635728,28.286842105263162,485.81958242404454
2023-11-03,23085,1587.0,7.3820820541445675,30.375000000000004,962.7801756718264
2023-11-10,25010,1925.0,8.338748104829975,32.9078947368421,884.975470469854
2023-11-17,25868,858.0,3.430627748900439,34.03684210526316,741.0130453192708
2023-11-24,27722,1854.0,7.167156332147817,36.47631578947369,487.5551250884418
2023-12-01,29551,1829.0,6.597648077339291,38.882894736842104,507.2990570988078
2023-12-08,30779,1228.0,4.155527731718056,40.498684210526314,485.23696960008397
2023-12-15,32465,1686.0,5.4777608109425335,42.7171052631579,290.42196312722774
2023-12-22,33973,1508.0,4.645002310180191,44.70131578947368,258.9303316853258
2023-12-29,34679,706.0,2.0781208606834856,45.63026315789473,427.7787590176408
2024-01-05,34173,-506.0,-1.4590962830531407,44.964473684210525,998.5527861193283
2024-01-12,32074,-2099.0,-6.142276065899976,42.20263157894737,1570.1503908861744
2024-01-19,30066,-2008.0,-6.2605225416224926,39.560526315789474,1338.6777991735003
2024-01-26,28094,-1972.0,-6.558903745094124,36.96578947368421,762.0430324682062
2024-02-02,28061,-33.0,-0.11746280344557825,36.92236842105263,998.0985255307579
2024-02-09,28771,710.0,2.5302020597983033,37.85657894736842,1378.233742875281
2024-02-16,29512,741.0,2.575510062215436,38.83157894736842,1273.6201683914005
2024-02-23,30970,1458.0,4.940363242071033,40.75,608.8760136513889
2024-03-01,31671,701.0,2.263480787859229,41.67236842105263,370.7294611078808
2024-03-08,31451,-220.0,-0.6946417858608833,41.382894736842104,687.7611019339054
2024-03-15,31433,-18.0,-0.05723188451877137,41.359210526315785,762.3054396587628
2024-03-22,33540,2107.0,6.703146374829005,44.131578947368425,1053.304166262848
2024-03-29,33163,-377.0,-1.1240310077519355,43.63552631578948,1165.3019637272878
2024-04-05,32993,-170.0,-0.512619485571264,43.41184210526316,1157.0596354553236
2024-04-12,33026,33.0,0.10002121662171515,43.455263157894734,1151.3983889167148
2024-04-19,32367,-659.0,-1.9953975655544132,42.588157894736845,295.7570793742836
2024-04-26,33456,1089.0,3.3645379553248755,44.02105263157895,736.8239839563718
2024-05-03,35336,1880.0,5.61932089909134,46.49473684210526,1122.9839342869839
2024-05-10,34995,-341.0,-0.965021507810726,46.046052631578945,1197.4476676108534
2024-05-17,36320,1325.0,3.7862551793113264,47.78947368421053,946.1632611059641
2024-05-24,34554,-1766.0,-4.862334801762113,45.46578947368421,1655.6631098545802
2024-05-31,35408,854.0,2.4714938936157838,46.589473684210525,1380.6619185497004
2024-06-07,33815,-1593.0,-4.498983280614555,44.493421052631575,1611.7532896404068
2024-06-14,34122,307.0,0.9078811178471202,44.89736842105263,1325.6657446983659
2024-06-21,33896,-226.0,-0.6623292890217458,44.6,1049.4520792616845
2024-06-28,34241,345.0,1.0178192117064055,45.053947368421056,905.8194724483864
2024-07-05,33539,-702.0,-2.050173768289476,44.13026315789474,496.02083289583
2024-07-12,32664,-875.0,-2.608903068070012,42.978947368421046,546.8360509939638
2024-07-19,30956,-1708.0,-5.228998285574338,40.73157894736842,843.3698279323686
2024-07-26,29850,-1106.0,-3.572813024938626,39.276315789473685,439.20714550957945
2024-08-02,30429,579.0,1.9396984924623162,40.03815789473684,970.1101312050467
2024-08-09,28764,-1665.0,-5.471753918958888,37.84736842105263,1071.675635006541
2024-08-16,28204,-560.0,-1.9468780419969356,37.11052631578947,957.5882900982758
2024-08-23,27536,-668.0,-2.368458374698623,36.23157894736842,918.0851449257523
2024-08-30,26394,-1142.0,-4.147298082510165,34.72894736842105,505.27443038412923
2024-09-06,24690,-1704.0,-6.45601273016595,32.48684210526316,522.2499401627598
2024-09-13,22711,-1979.0,-8.015390846496562,29.882894736842104,585.144640238639
2024-09-20,22827,116.0,0.5107657082471073,30.035526315789475,929.8757533491628
2024-09-27,23667,840.0,3.679852805887762,31.14078947368421,1375.9821643708442
2024-10-04,24914,1247.0,5.268939874086276,32.78157894736842,1435.0333329461978
2024-10-11,25022,108.0,0.43349120976157174,32.92368421052632,562.8939361312567
2024-10-18,24676,-346.0,-1.3827831508272714,32.46842105263158,715.8418703410267
2024-10-25,25357,681.0,2.7597665748095412,33.36447368421053,691.8875149425226
2024-11-01,25879,522.0,2.0586031470599897,34.05131578947368,460.00679342810366
2024-11-08,25191,-688.0,-2.658526218169177,33.14605263157895,663.8686491568488
2024-11-15,25051,-140.0,-0.5557540391409654,32.96184210526316,630.8810638041632
2024-11-22,24142,-909.0,-3.628597660772026,31.765789473684208,638.397146505741
2024-11-29,24192,50.0,0.2071079446607671,31.83157894736842,451.0109939532213
2024-12-06,22894,-1298.0,-5.3654100529100575,30.123684210526314,636.1689372066768
2024-12-13,23002,108.0,0.471739320345943,30.26578947368421,701.3436509063674
2024-12-20,22682,-320.0,-1.3911833753586622,29.844736842105263,650.2481577572308
2024-12-27,22540,-142.0,-0.6260470857949008,29.657894736842106,615.5636983015427
2025-01-03,20038,-2502.0,-11.100266193433894,26.36578947368421,1204.8579446003885
2025-01-10,20803,765.0,3.817746282064083,27.372368421052634,1385.5074581779315
2025-01-17,20655,-148.0,-0.7114358505984741,27.17763157894737,1397.6307034883498
2025-01-24,20981,326.0,1.578310336480282,27.60657894736842,1456.6844487854394
2025-01-31,20947,-34.0,-0.16205137981983864,27.561842105263157,411.4975698591739
2025-02-07,21819,872.0,4.162887286962325,28.709210526315786,458.85945560705807
2025-02-14,23291,1472.0,6.746413676153806,30.646052631578947,657.641239582803
2025-02-21,24573,1282.0,5.504272036408908,32.33289473684211,669.8835719735227
2025-02-28,25697,1124.0,4.574126073332518,33.81184210526315,253.93109301541963
2025-03-07,24469,-1228.0,-4.778767949566099,32.19605263157895,1268.3378887347037
2025-03-14,23460,-1009.0,-4.12358494421513,30.86842105263158,1344.845065425756
2025-03-21,22705,-755.0,-3.2182438192668417,29.875,1078.1326449004343
2025-03-28,25078,2373.0,10.451442413565303,32.99736842105263,1696.2142897248193
2025-04-04,25759,681.0,2.715527554031416,33.89342105263158,1556.3815941685616
2025-04-11,25105,-654.0,-2.5389184362746953,33.0328947368421,1462.4323061256566
2025-04-18,25019,-86.0,-0.34256124278032596,32.919736842105266,1315.4660770996743
2025-04-25,25701,682.0,2.7259282944961827,33.81710526315789,649.862741918122
2025-05-02,24961,-740.0,-2.8792653982335326,32.84342105263158,655.3968263578993
2025-05-09,23892,-1069.0,-4.282680982332443,31.436842105263157,773.5284416231935
2025-05-16,23435,-457.0,-1.9127741503432105,30.835526315789473,760.9358273424505
2025-05-23,23510,75.0,0.3200341369746118,30.93421052631579,484.6699048493449
2025-05-30,24086,576.0,2.450021267545721,31.692105263157895,706.5419897878255
2025-06-06,23683,-403.0,-1.6731711367599433,31.161842105263162,482.2650550613632
2025-06-13,22688,-995.0,-4.201325845543213,29.85263157894737,670.9030605584335
2025-06-20,22224,-464.0,-2.0451339915373734,29.242105263157896,654.7409156809074
2025-06-27,20731,-1493.0,-6.717962562994961,27.27763157894737,510.8074490451429
2025-07-04,21195,464.0,2.238194008972072,27.888157894736842,837.0842251530047
2025-07-11,21408,213.0,1.004953998584579,28.168421052631583,874.7209078710036
2025-07-18,21863,455.0,2.1253736920777255,28.767105263157895,942.3655960754684
2025-07-25,22553,690.0,3.1560170150482625,29.675,194.8238520647296
2025-08-01,23006,453.0,2.0086019598279714,30.27105263157895,194.7414953213781
2025-08-08,23051,45.0,0.19560114752672497,30.330263157894738,268.01539134909086
2025-08-15,23470,419.0,1.8177085592815834,30.88157894736842,266.63505020909446
2025-08-22,22632,-838.0,-3.5705155517682163,29.778947368421054,600.9655425507686
2025-08-29,24222,1590.0,7.025450689289503,31.87105263157895,1006.357458030366
2025-09-05,23857,-365.0,-1.5068945586656723,31.39078947368421,1060.9305663740079
2025-09-12,23561,-296.0,-1.2407259923712166,31.001315789473683,1072.2429373358789
2025-09-19,23738,177.0,0.7512414583421778,31.234210526315792,908.196197599032
2025-09-26,23467,-271.0,-1.1416294548824646,30.87763157894737,247.05245731761767
2025-10-03,22704,-763.0,-3.251374270251839,29.873684210526314,383.9282702103002
2025-10-10,22001,-703.0,-3.0963706835799854,28.948684210526316,436.93935505972297
2025-10-17,21231,-770.0,-3.4998409163219835,27.93552631578947,239.06536762987363
2025-10-24,22565,1334.0,6.283265036974228,29.69078947368421,1040.1014373608023
2025-10-31,22865,300.0,1.329492576999769,30.085526315789473,991.6627030733148
2025-11-07,22519,-346.0,-1.513229827246887,29.63026315789474,915.6220108028604
2025-11-14,21821,-698.0,-3.0996047781873037,28.71184210526316,892.4593361418061
2025-11-21,21753,-68.0,-0.3116264149214065,28.62236842105263,422.9688719831205
2025-11-28,21296,-457.0,-2.1008596515423195,28.021052631578947,261.3763251201991
2025-12-05,21604,308.0,1.446280991735538,28.426315789473684,442.0538240229803
2025-12-12,20862,-742.0,-3.4345491575634157,27.450000000000003,457.8867217991876
2025-12-19,21569,707.0,3.388936822931643,28.380263157894735,669.7417412704741
2025-12-26,22112,543.0,2.5175019704205104,29.094736842105263,651.5780843460028
2026-01-02,22840,728.0,3.292329956584661,30.05263157894737,705.5310056971322
2026-01-09,23585,745.0,3.261821366024509,31.032894736842103,93.13923269317485
2026-01-16,25063,1478.0,6.266694933220274,32.97763157894737,413.25254586835075
2026-01-23,24785,-278.0,-1.1092048038941815,32.61184210526316,721.2361494915102
2026-01-30,24042,-743.0,-2.9977809158765356,31.634210526315787,1001.27269012992
2026-02-06,25113,1071.0,4.454704267531828,33.04342105263158,1060.99984291548
2026-02-13,24018,-1095.0,-4.360291482499101,31.60263157894737,949.1035682860643
2026-02-20,24899,881.0,3.6680822716296024,32.761842105263156,1106.198746458643
2026-02-27,26463,1564.0,6.281376762118951,34.819736842105264,1169.4746327589467
2026-03-06,26580,117.0,0.44212674299966004,34.973684210526315,1139.729317279622
2026-03-13,27524,944.0,3.5515425131678047,36.21578947368421,592.7543054813463
2026-03-20,30945,3421.0,12.429152739427419,40.71710526315789,1404.2356165069568
2026-03-27,31465,520.0,1.6804007109387564,41.401315789473685,1485.8740413193418
2026-04-03,31489,24.0,0.07627522644206852,41.43289473684211,1510.053282724379
2026-04-10,29762,-1727.0,-5.484454889008861,39.160526315789475,2137.333619255545
2026-04-17,30568,806.0,2.7081513339157315,40.22105263157895,1135.430718567484
2026-04-24,29772,-796.0,-2.6040303585448843,39.17368421052632,1087.7798107460321
2026-05-01,29124,-648.0,-2.1765417170495738,38.32105263157895,1046.8012784987766
2026-05-08,27422,-1702.0,-5.843977475621475,36.08157894736842,1037.795740981821
2026-05-15,25818,-1604.0,-5.849318065786591,33.97105263157895,542.3759458776477
2026-05-22,23024,-2794.0,-10.821907196529557,30.294736842105262,877.8921725739859
2026-05-29,22441,-583.0,-2.532140375260594,29.527631578947368,903.7556362203262
2026-06-05,21640,-801.0,-3.5693596542043626,28.47368421052632,1000.4767197024992
2026-06-12,20034,-1606.0,-7.421441774491678,26.360526315789475,1000.5828301545088
2026-06-19,18957,-1077.0,-5.375861036238394,24.943421052631578,441.78907108861347
2026-06-26,19666,709.0,3.740043255789427,25.876315789473686,993.0241269307977
2026-07-03,19614,-52.0,-0.264415742906543,25.80789473684211,1035.757532758837
2026-07-10,20044,430.0,2.192311614153164,26.373684210526317,785.3213779508827
2026-07-17,19370,-674.0,-3.362602274995008,25.486842105263158,606.0579592745289
2026-07-24,18599,-771.0,-3.9803820340733043,24.472368421052632,563.2343354827307
2026-07-31,20955,2356.0,12.66734770686595,27.572368421052634,1453.1325644964422
2026-08-07,22566,1611.0,7.687902648532563,29.6921052631579,1592.1320087647696
2026-08-14,21252,-1314.0,-5.822919436320129,27.963157894736838,1787.1404533499897
2026-08-21,22428,1176.0,5.533596837944654,29.510526315789477,1590.6307711093757
2026-08-28,22508,80.0,0.35669698591047627,29.615789473684213,1304.906222684223
